season,week,game_id,home_team,away_team,home_score,away_score,roof,surface,temp,wind,home_total_yards,home_turnovers,home_touchdowns,home_epa_per_play,home_scoring_efficiency,home_completion_pct,away_total_yards,away_turnovers,away_touchdowns,away_epa_per_play,away_scoring_efficiency,away_completion_pct
2007,1,2007_01_NO_IND,IND,NO,41,10,dome,fieldturf,,,452.0,1.0,5.0,0.055439,8.4746,0.6,293.0,3.0,1.0,-0.3012,1.4706,0.6667
2007,1,2007_01_DEN_BUF,BUF,DEN,14,15,outdoors,astroplay,70.0,5.0,184.0,1.0,1.0,-0.074323,2.0408,0.6087,470.0,1.0,2.0,-0.017057,2.7397,0.561
2007,1,2007_01_PIT_CLE,CLE,PIT,7,34,outdoors,grass,71.0,5.0,221.0,5.0,1.0,-0.331376,1.6667,0.3864,365.0,1.0,4.0,0.076911,6.0606,0.5
2007,1,2007_01_PHI_GB,GB,PHI,16,13,outdoors,grass,62.0,9.0,215.0,4.0,1.0,-0.081805,1.5873,0.5,283.0,1.0,1.0,-0.086375,1.5873,0.4412
2007,1,2007_01_KC_HOU,HOU,KC,20,3,closed,grass,,,315.0,3.0,1.0,0.0113,1.8182,0.6667,219.0,3.0,1.0,-0.241124,1.8868,0.6111
2007,1,2007_01_TEN_JAX,JAX,TEN,10,13,outdoors,grass,86.0,0.0,272.0,1.0,1.0,-0.018418,2.0,0.5312,350.0,1.0,1.0,0.042868,1.4493,0.55
2007,1,2007_01_ATL_MIN,MIN,ATL,24,3,dome,fieldturf,,,302.0,1.0,1.0,-0.024628,2.0,0.5652,265.0,2.0,2.0,-0.269564,3.0303,0.6053
2007,1,2007_01_NE_NYJ,NYJ,NE,14,38,outdoors,fieldturf,84.0,10.0,227.0,0.0,2.0,0.033126,3.6364,0.5833,431.0,0.0,5.0,0.393477,7.6923,0.7857
2007,1,2007_01_CAR_STL,STL,CAR,13,27,dome,fieldturf,,,,,,,,,387.0,2.0,3.0,0.085356,4.6154,0.6667
2007,1,2007_01_MIA_WAS,WAS,MIA,16,13,outdoors,grass,82.0,7.0,400.0,2.0,1.0,-0.044002,1.5625,0.5217,273.0,1.0,1.0,-0.058084,1.6667,0.6
2007,1,2007_01_DET_OAK,OAK,DET,21,36,outdoors,grass,66.0,8.0,,,,,,,392.0,2.0,4.0,0.13348,6.6667,0.6923
2007,1,2007_01_CHI_SD,SD,CHI,14,3,outdoors,grass,73.0,8.0,,,,,,,202.0,3.0,0.0,-0.300083,0.0,0.4615
2007,1,2007_01_TB_SEA,SEA,TB,20,6,outdoors,fieldturf,67.0,12.0,343.0,1.0,2.0,0.033533,3.3333,0.6538,284.0,2.0,0.0,-0.147721,0.0,0.5556
2007,1,2007_01_NYG_DAL,DAL,NYG,45,35,outdoors,fieldturf,78.0,0.0,478.0,2.0,6.0,0.297959,10.9091,0.6,438.0,1.0,4.0,0.168777,5.8824,0.6304
2007,1,2007_01_BAL_CIN,CIN,BAL,27,20,outdoors,fieldturf,82.0,5.0,238.0,2.0,3.0,-0.255945,5.2632,0.6061,314.0,6.0,2.0,-0.278373,2.9851,0.5238
2007,1,2007_01_ARI_SF,SF,ARI,20,17,outdoors,grass,64.0,18.0,194.0,1.0,2.0,-0.068489,3.5714,0.4412,261.0,2.0,2.0,-0.068361,2.9851,0.4828
2007,2,2007_02_HOU_CAR,CAR,HOU,21,34,outdoors,grass,74.0,10.0,344.0,3.0,4.0,-0.157884,6.4516,0.6136,346.0,1.0,3.0,0.045396,4.6875,0.7143
2007,2,2007_02_CIN_CLE,CLE,CIN,51,45,outdoors,grass,59.0,6.0,554.0,1.0,6.0,0.350022,9.5238,0.6061,531.0,3.0,6.0,0.256418,7.7922,0.6471
2007,2,2007_02_ATL_JAX,JAX,ATL,13,7,outdoors,grass,88.0,9.0,364.0,0.0,1.0,0.010121,1.5873,0.5862,248.0,0.0,1.0,-0.073191,1.9231,0.4444
2007,2,2007_02_GB_NYG,NYG,GB,13,35,outdoors,fieldturf,64.0,7.0,325.0,2.0,1.0,-0.053235,1.7241,0.4762,368.0,1.0,5.0,0.244031,7.3529,0.7436
2007,2,2007_02_BUF_PIT,PIT,BUF,26,3,outdoors,dessograss,59.0,4.0,420.0,1.0,2.0,0.193188,2.9412,0.6,223.0,0.0,0.0,-0.122945,0.0,0.5172
2007,2,2007_02_SF_STL,STL,SF,16,17,dome,fieldturf,,,,,,,,,186.0,2.0,2.0,-0.057356,4.0816,0.5238
2007,2,2007_02_NO_TB,TB,NO,31,14,outdoors,grass,88.0,7.0,330.0,0.0,4.0,0.188028,8.3333,0.625,343.0,2.0,2.0,-0.056681,2.7778,0.5652
2007,2,2007_02_IND_TEN,TEN,IND,20,22,outdoors,grass,67.0,6.0,313.0,2.0,2.0,0.015144,3.125,0.5667,381.0,1.0,2.0,0.069755,3.0303,0.6364
2007,2,2007_02_SEA_ARI,ARI,SEA,23,20,closed,grass,,,431.0,1.0,2.0,0.034239,3.1746,0.6216,370.0,1.0,2.0,0.029911,3.2787,0.5946
2007,2,2007_02_MIN_DET,DET,MIN,20,17,dome,fieldturf,,,415.0,5.0,3.0,-0.113102,3.7037,0.5833,313.0,5.0,1.0,-0.136329,1.3889,0.5128
2007,2,2007_02_DAL_MIA,MIA,DAL,20,37,outdoors,grass,89.0,9.0,334.0,5.0,2.0,-0.133457,3.1746,0.5476,352.0,0.0,4.0,0.110851,6.0606,0.4667
2007,2,2007_02_NYJ_BAL,BAL,NYJ,20,13,outdoors,sportturf,69.0,3.0,303.0,0.0,2.0,0.014661,2.8986,0.6571,304.0,2.0,1.0,-0.039263,1.4706,0.4634
2007,2,2007_02_KC_CHI,CHI,KC,20,10,outdoors,grass,70.0,11.0,239.0,3.0,1.0,-0.189755,1.5152,0.5405,281.0,2.0,2.0,-0.31289,3.3333,0.6389
2007,2,2007_02_OAK_DEN,DEN,OAK,23,20,outdoors,grass,87.0,0.0,441.0,2.0,3.0,-0.036592,4.1096,0.6571,,,,,,
2007,2,2007_02_SD_NE,NE,SD,38,14,outdoors,fieldturf,55.0,5.0,407.0,2.0,4.0,0.151239,6.1538,0.7576,,,,,,
2007,2,2007_02_WAS_PHI,PHI,WAS,12,20,outdoors,grass,62.0,6.0,340.0,0.0,0.0,-0.009454,0.0,0.5714,337.0,1.0,2.0,0.106702,3.1746,0.5333
2007,3,2007_03_ARI_BAL,BAL,ARI,26,23,outdoors,sportturf,75.0,9.0,381.0,1.0,1.0,0.042749,1.4085,0.6829,364.0,1.0,3.0,0.049722,5.4545,0.5854
2007,3,2007_03_SD_GB,GB,SD,31,24,outdoors,grass,73.0,11.0,405.0,0.0,4.0,0.190735,6.6667,0.5957,,,,,,
2007,3,2007_03_IND_HOU,HOU,IND,24,30,closed,grass,,,254.0,2.0,3.0,0.055504,5.6604,0.75,362.0,0.0,3.0,0.194742,5.0847,0.6667
2007,3,2007_03_MIN_KC,KC,MIN,13,10,outdoors,grass,83.0,5.0,251.0,1.0,1.0,-0.075696,1.6393,0.6667,252.0,1.0,1.0,-0.095048,1.5873,0.4118
2007,3,2007_03_BUF_NE,NE,BUF,38,7,outdoors,fieldturf,74.0,10.0,485.0,1.0,5.0,0.20527,7.3529,0.7667,193.0,2.0,1.0,-0.212714,2.0,0.4783
2007,3,2007_03_MIA_NYJ,NYJ,MIA,31,28,outdoors,fieldturf,72.0,8.0,256.0,0.0,4.0,0.258173,6.5574,0.6522,426.0,1.0,3.0,0.287395,4.918,0.6216
2007,3,2007_03_DET_PHI,PHI,DET,56,21,outdoors,grass,76.0,12.0,536.0,2.0,8.0,0.349402,12.6984,0.7241,432.0,3.0,3.0,-0.055325,4.4776,0.5273
2007,3,2007_03_SF_PIT,PIT,SF,37,16,outdoors,dessograss,72.0,6.0,350.0,1.0,3.0,0.23337,5.4545,0.5909,289.0,1.0,2.0,-0.023905,3.3898,0.4595
2007,3,2007_03_STL_TB,TB,STL,24,3,outdoors,grass,86.0,5.0,322.0,1.0,3.0,0.04803,5.4545,0.6087,,,,,,
2007,3,2007_03_JAX_DEN,DEN,JAX,14,23,outdoors,grass,75.0,10.0,265.0,3.0,2.0,-0.135869,4.7619,0.6667,326.0,2.0,2.0,0.044524,2.8571,0.6087
2007,3,2007_03_CLE_OAK,OAK,CLE,26,24,outdoors,grass,67.0,10.0,,,,,,,312.0,2.0,3.0,0.032942,5.2632,0.4737
2007,3,2007_03_CIN_SEA,SEA,CIN,24,21,outdoors,fieldturf,54.0,0.0,340.0,2.0,3.0,0.07115,4.6875,0.6154,412.0,4.0,2.0,0.052019,2.6316,0.6
2007,3,2007_03_CAR_ATL,ATL,CAR,20,27,dome,fieldturf,,,442.0,2.0,2.0,0.050686,3.125,0.6889,313.0,0.0,3.0,0.201482,4.918,0.52
2007,3,2007_03_NYG_WAS,WAS,NYG,17,24,outdoors,grass,82.0,4.0,260.0,1.0,2.0,-0.108033,3.1746,0.4444,315.0,3.0,3.0,0.013979,4.4118,0.5526
2007,3,2007_03_DAL_CHI,CHI,DAL,10,34,outdoors,grass,79.0,0.0,239.0,4.0,2.0,-0.274552,3.3898,0.4167,431.0,1.0,3.0,0.095808,4.7619,0.5789
2007,3,2007_03_TEN_NO,NO,TEN,14,31,dome,fieldturf,,,252.0,5.0,3.0,-0.295549,4.8387,0.6304,284.0,1.0,3.0,-0.000621,5.0,0.6923
2007,4,2007_04_HOU_ATL,ATL,HOU,26,16,dome,fieldturf,,,304.0,0.0,2.0,0.053944,3.2787,0.7419,398.0,2.0,1.0,-0.056252,1.5873,0.6829
2007,4,2007_04_NYJ_BUF,BUF,NYJ,17,14,outdoors,astroplay,70.0,10.0,304.0,2.0,2.0,0.055675,3.4483,0.7333,346.0,2.0,2.0,0.026583,3.3898,0.8
2007,4,2007_04_BAL_CLE,CLE,BAL,27,13,outdoors,grass,77.0,6.0,303.0,1.0,3.0,0.133788,6.25,0.5556,418.0,2.0,1.0,-0.037835,1.3699,0.6415
2007,4,2007_04_STL_DAL,DAL,STL,35,7,outdoors,fieldturf,85.0,0.0,502.0,1.0,6.0,0.156976,8.9552,0.6176,,,,,,
2007,4,2007_04_CHI_DET,DET,CHI,37,27,dome,fieldturf,,,310.0,2.0,4.0,-0.076486,7.2727,0.6667,303.0,3.0,4.0,-0.139476,5.0,0.5862
2007,4,2007_04_OAK_MIA,MIA,OAK,17,35,outdoors,grass,82.0,16.0,278.0,3.0,2.0,0.035566,4.2553,0.5185,,,,,,
2007,4,2007_04_GB_MIN,MIN,GB,16,23,dome,fieldturf,,,382.0,2.0,1.0,-0.042163,1.5385,0.4884,384.0,2.0,2.0,0.073823,3.0303,0.6957
2007,4,2007_04_TB_CAR,CAR,TB,7,20,outdoors,grass,78.0,12.0,236.0,2.0,1.0,-0.225942,1.4925,0.4318,365.0,1.0,2.0,-0.029924,2.9851,0.6
2007,4,2007_04_SEA_SF,SF,SEA,3,23,outdoors,grass,65.0,12.0,184.0,3.0,0.0,-0.414792,0.0,0.3,371.0,1.0,2.0,-0.118121,2.8169,0.6765
2007,4,2007_04_PIT_ARI,ARI,PIT,21,14,closed,grass,,,301.0,2.0,2.0,-0.075666,3.2258,0.5676,282.0,2.0,3.0,-0.149317,4.8387,0.4722
2007,4,2007_04_DEN_IND,IND,DEN,38,20,dome,fieldturf,,,419.0,0.0,5.0,0.317679,7.8125,0.7407,354.0,2.0,2.0,0.135037,3.4483,0.5909
2007,4,2007_04_KC_SD,SD,KC,16,30,outdoors,grass,76.0,8.0,,,,,,,390.0,2.0,2.0,-0.010861,3.3898,0.5484
2007,4,2007_04_PHI_NYG,NYG,PHI,16,3,outdoors,fieldturf,67.0,8.0,212.0,1.0,1.0,-0.176155,1.8519,0.5185,190.0,1.0,1.0,-0.291672,1.5152,0.3488
2007,4,2007_04_NE_CIN,CIN,NE,13,34,outdoors,fieldturf,72.0,8.0,283.0,2.0,1.0,-0.019751,1.9608,0.5833,404.0,1.0,4.0,0.290072,6.0606,0.7812
2007,5,2007_05_MIA_HOU,HOU,MIA,22,19,closed,grass,,,352.0,2.0,1.0,0.057893,1.5625,0.5556,285.0,1.0,1.0,0.07012,1.8182,0.5333
2007,5,2007_05_JAX_KC,KC,JAX,7,17,outdoors,grass,78.0,10.0,271.0,1.0,1.0,-0.090962,1.7857,0.5435,357.0,0.0,2.0,0.080481,3.0303,0.6452
2007,5,2007_05_CLE_NE,NE,CLE,34,17,outdoors,fieldturf,56.0,8.0,412.0,0.0,3.0,0.045688,4.2857,0.5789,353.0,4.0,3.0,-0.133484,4.4776,0.4783
2007,5,2007_05_CAR_NO,NO,CAR,13,16,dome,fieldturf,,,341.0,2.0,1.0,-0.093127,1.3333,0.617,243.0,1.0,1.0,-0.046416,2.0833,0.55
2007,5,2007_05_NYJ_NYG,NYG,NYJ,35,24,outdoors,fieldturf,81.0,10.0,374.0,2.0,5.0,0.038614,7.8125,0.52,277.0,3.0,3.0,-0.088235,4.8387,0.5676
2007,5,2007_05_SEA_PIT,PIT,SEA,21,0,outdoors,dessograss,80.0,2.0,342.0,0.0,3.0,0.096591,4.5455,0.72,144.0,1.0,0.0,-0.220416,0.0,0.4242
2007,5,2007_05_ARI_STL,STL,ARI,31,34,dome,fieldturf,,,,,,,,,383.0,2.0,3.0,-0.003607,4.1096,0.5
2007,5,2007_05_ATL_TEN,TEN,ATL,20,13,outdoors,grass,84.0,5.0,249.0,4.0,2.0,-0.334469,3.0769,0.6061,198.0,3.0,1.0,-0.352571,1.5873,0.439
2007,5,2007_05_DET_WAS,WAS,DET,34,3,outdoors,grass,88.0,8.0,368.0,1.0,3.0,0.109774,4.6154,0.7667,144.0,2.0,1.0,-0.314822,1.8519,0.4706
2007,5,2007_05_TB_IND,IND,TB,33,14,dome,fieldturf,,,400.0,1.0,4.0,0.19111,5.1948,0.7838,177.0,1.0,2.0,-0.018009,5.0,0.75
2007,5,2007_05_SD_DEN,DEN,SD,3,41,outdoors,grass,54.0,0.0,296.0,3.0,1.0,-0.266628,1.7544,0.6216,,,,,,
2007,5,2007_05_BAL_SF,SF,BAL,7,9,outdoors,grass,63.0,3.0,163.0,1.0,1.0,-0.15091,2.439,0.5455,315.0,0.0,0.0,-0.046101,0.0,0.6744
2007,5,2007_05_CHI_GB,GB,CHI,20,27,outdoors,grass,79.0,5.0,439.0,4.0,2.0,-0.012008,3.1746,0.7073,285.0,2.0,3.0,0.1199,5.0,0.5556
2007,5,2007_05_DAL_BUF,BUF,DAL,24,25,outdoors,astroplay,73.0,11.0,229.0,1.0,1.0,-0.149833,1.7241,0.6765,385.0,6.0,4.0,-0.09563,5.4795,0.5686
2007,6,2007_06_STL_BAL,BAL,STL,22,3,outdoors,sportturf,68.0,8.0,248.0,2.0,1.0,-0.114047,1.5873,0.5625,,,,,,
2007,6,2007_06_MIN_CHI,CHI,MIN,31,34,outdoors,grass,55.0,5.0,458.0,4.0,3.0,0.093682,4.2857,0.5652,444.0,0.0,5.0,0.156678,7.4627,0.375
2007,6,2007_06_MIA_CLE,CLE,MIA,41,31,outdoors,grass,58.0,0.0,384.0,1.0,5.0,0.253097,8.1967,0.6923,356.0,2.0,4.0,0.146552,5.8824,0.5333
2007,6,2007_06_WAS_GB,GB,WAS,17,14,outdoors,grass,46.0,7.0,225.0,2.0,1.0,-0.234288,1.6949,0.4872,304.0,3.0,3.0,-0.236765,4.3478,0.525
2007,6,2007_06_HOU_JAX,JAX,HOU,37,17,outdoors,grass,81.0,14.0,457.0,2.0,4.0,0.213847,6.5574,0.6286,392.0,4.0,2.0,-0.022454,2.8571,0.6667
2007,6,2007_06_CIN_KC,KC,CIN,27,20,outdoors,grass,68.0,12.0,354.0,2.0,3.0,0.001392,4.0541,0.625,373.0,3.0,2.0,-0.063715,3.0769,0.5532
2007,6,2007_06_PHI_NYJ,NYJ,PHI,9,16,outdoors,fieldturf,62.0,12.0,267.0,1.0,0.0,-0.12519,0.0,0.4583,413.0,1.0,1.0,0.01773,1.5152,0.5789
2007,6,2007_06_TEN_TB,TB,TEN,13,10,outdoors,grass,81.0,10.0,304.0,0.0,1.0,0.029694,2.1739,0.6452,317.0,3.0,1.0,0.002313,1.4286,0.5676
2007,6,2007_06_CAR_ARI,ARI,CAR,10,25,closed,grass,,,257.0,5.0,1.0,-0.282329,1.8519,0.5,374.0,0.0,2.0,-0.022723,3.0303,0.5556
2007,6,2007_06_NE_DAL,DAL,NE,27,48,outdoors,fieldturf,85.0,0.0,283.0,1.0,2.0,0.019194,4.3478,0.5806,448.0,1.0,7.0,0.26631,8.9744,0.6327
2007,6,2007_06_OAK_SD,SD,OAK,28,14,outdoors,grass,73.0,8.0,,,,,,,,,,,,
2007,6,2007_06_NO_SEA,SEA,NO,17,28,outdoors,fieldturf,68.0,4.0,425.0,2.0,3.0,-0.043308,4.3478,0.5417,367.0,1.0,3.0,0.104638,4.3478,0.6944
2007,6,2007_06_NYG_ATL,ATL,NYG,10,31,dome,fieldturf,,,284.0,1.0,1.0,-0.192831,1.7241,0.4186,491.0,3.0,4.0,0.126587,5.3333,0.675
2007,7,2007_07_BAL_BUF,BUF,BAL,19,14,outdoors,astroplay,66.0,16.0,242.0,1.0,1.0,-0.043037,1.7857,0.4783,308.0,1.0,2.0,-0.091511,3.2258,0.5526
2007,7,2007_07_TB_DET,DET,TB,23,16,dome,fieldturf,,,278.0,0.0,2.0,0.085911,4.2553,0.6957,422.0,2.0,2.0,-0.003953,2.5641,0.7551
2007,7,2007_07_TEN_HOU,HOU,TEN,36,38,closed,grass,,,335.0,5.0,4.0,-0.11766,6.7797,0.5745,422.0,3.0,3.0,-0.027455,3.6585,0.5814
2007,7,2007_07_NE_MIA,MIA,NE,28,49,outdoors,grass,85.0,12.0,382.0,2.0,3.0,0.090811,4.2857,0.6,443.0,1.0,8.0,0.492154,15.6863,0.7586
2007,7,2007_07_ATL_NO,NO,ATL,22,16,dome,fieldturf,,,312.0,1.0,3.0,-0.021994,5.2632,0.6471,334.0,0.0,1.0,-0.045687,1.4706,0.6136
2007,7,2007_07_SF_NYG,NYG,SF,33,15,outdoors,fieldturf,69.0,5.0,279.0,1.0,3.0,0.042684,4.6875,0.5455,267.0,4.0,3.0,-0.16159,4.7619,0.5111
2007,7,2007_07_ARI_WAS,WAS,ARI,21,19,outdoors,grass,75.0,9.0,160.0,1.0,2.0,-0.204893,4.2553,0.6316,364.0,3.0,4.0,-0.148641,5.4054,0.6364
2007,7,2007_07_NYJ_CIN,CIN,NYJ,38,31,outdoors,fieldturf,77.0,13.0,395.0,1.0,4.0,0.191215,6.3492,0.6364,344.0,2.0,4.0,0.139579,6.6667,0.5882
2007,7,2007_07_KC_OAK,OAK,KC,10,12,outdoors,grass,68.0,10.0,,,,,,,290.0,2.0,1.0,-0.061815,1.4925,0.4571
2007,7,2007_07_MIN_DAL,DAL,MIN,24,14,outdoors,fieldturf,88.0,0.0,381.0,2.0,3.0,-0.068523,4.2254,0.7381,196.0,1.0,2.0,-0.215134,4.0816,0.2727
2007,7,2007_07_CHI_PHI,PHI,CHI,16,19,outdoors,grass,75.0,7.0,334.0,0.0,1.0,0.06419,1.6129,0.5676,386.0,0.0,1.0,0.128597,1.5385,0.6429
2007,7,2007_07_STL_SEA,SEA,STL,33,6,outdoors,fieldturf,52.0,11.0,289.0,1.0,3.0,0.013688,4.4118,0.5,,,,,,
2007,7,2007_07_PIT_DEN,DEN,PIT,31,28,outdoors,grass,37.0,10.0,324.0,2.0,3.0,0.142104,5.4545,0.7097,379.0,3.0,5.0,0.121514,7.6923,0.6154
2007,7,2007_07_IND_JAX,JAX,IND,7,29,outdoors,grass,77.0,8.0,226.0,3.0,1.0,-0.114319,1.5152,0.4359,384.0,1.0,3.0,0.188455,4.1667,0.5897
2007,8,2007_08_IND_CAR,CAR,IND,7,31,outdoors,grass,69.0,8.0,293.0,2.0,1.0,-0.098668,1.2821,0.6222,395.0,2.0,4.0,0.231513,6.25,0.4688
2007,8,2007_08_DET_CHI,CHI,DET,7,16,outdoors,grass,51.0,5.0,255.0,4.0,1.0,-0.14893,1.6129,0.5238,365.0,1.0,1.0,-0.000842,1.4925,0.6154
2007,8,2007_08_PIT_CIN,CIN,PIT,13,24,outdoors,fieldturf,55.0,7.0,296.0,1.0,1.0,0.128634,1.9231,0.7419,390.0,1.0,3.0,0.302616,5.0,0.7037
2007,8,2007_08_NYG_MIA,MIA,NYG,10,13,outdoors,grass,59.0,15.0,254.0,2.0,1.0,-0.066305,1.6949,0.5484,238.0,1.0,1.0,-0.021401,1.6667,0.3478
2007,8,2007_08_PHI_MIN,MIN,PHI,16,23,dome,fieldturf,,,256.0,0.0,1.0,-0.036742,1.6949,0.4667,385.0,0.0,2.0,0.082355,3.125,0.6053
2007,8,2007_08_CLE_STL,STL,CLE,20,27,dome,fieldturf,,,,,,,,,368.0,0.0,3.0,0.230377,5.3571,0.6667
2007,8,2007_08_OAK_TEN,TEN,OAK,13,9,outdoors,grass,58.0,16.0,218.0,0.0,1.0,-0.089409,1.9231,0.375,,,,,,
2007,8,2007_08_BUF_NYJ,NYJ,BUF,3,13,outdoors,fieldturf,56.0,16.0,254.0,3.0,0.0,-0.172527,0.0,0.5143,347.0,1.0,1.0,-0.002101,1.6129,0.6296
2007,8,2007_08_HOU_SD,SD,HOU,35,10,outdoors,grass,78.0,8.0,,,,,,,367.0,5.0,3.0,-0.162178,4.0,0.6087
2007,8,2007_08_JAX_TB,TB,JAX,23,24,outdoors,grass,84.0,11.0,385.0,3.0,3.0,-0.109471,4.6875,0.4419,219.0,0.0,2.0,-0.054593,3.2258,0.3889
2007,8,2007_08_WAS_NE,NE,WAS,52,7,outdoors,fieldturf,55.0,15.0,486.0,1.0,6.0,0.269154,7.7922,0.7381,224.0,4.0,2.0,-0.280195,3.5714,0.525
2007,8,2007_08_NO_SF,SF,NO,10,31,outdoors,grass,63.0,6.0,260.0,1.0,1.0,-0.079259,1.5152,0.4889,438.0,1.0,4.0,0.202551,6.0606,0.7949
2007,8,2007_08_GB_DEN,DEN,GB,13,19,outdoors,grass,67.0,0.0,332.0,1.0,1.0,0.074859,1.6393,0.5676,430.0,0.0,2.0,0.207565,3.6364,0.75
2007,9,2007_09_SF_ATL,ATL,SF,20,16,dome,fieldturf,,,286.0,1.0,2.0,-0.154143,3.0769,0.5385,251.0,4.0,1.0,-0.159782,1.5625,0.425
2007,9,2007_09_CIN_BUF,BUF,CIN,33,21,outdoors,astroplay,47.0,9.0,479.0,1.0,3.0,0.221751,4.2857,0.7143,299.0,1.0,3.0,0.102835,5.3571,0.6667
2007,9,2007_09_DEN_DET,DET,DEN,44,7,dome,fieldturf,,,376.0,1.0,3.0,0.175267,4.918,0.5,303.0,4.0,3.0,-0.268774,4.2254,0.5818
2007,9,2007_09_GB_KC,KC,GB,22,33,outdoors,grass,61.0,8.0,236.0,2.0,4.0,-0.05962,6.6667,0.5135,432.0,2.0,2.0,0.13075,3.2258,0.6857
2007,9,2007_09_SD_MIN,MIN,SD,35,17,dome,fieldturf,,,528.0,2.0,6.0,0.008257,9.0909,0.5652,,,,,,
2007,9,2007_09_JAX_NO,NO,JAX,41,24,dome,fieldturf,,,538.0,1.0,4.0,0.171238,5.3333,0.7,432.0,3.0,4.0,0.010665,6.8966,0.5714
2007,9,2007_09_WAS_NYJ,NYJ,WAS,20,23,outdoors,fieldturf,55.0,8.0,338.0,1.0,2.0,0.108872,2.8169,0.5111,433.0,1.0,1.0,0.194293,1.3699,0.48
2007,9,2007_09_ARI_TB,TB,ARI,17,10,outdoors,grass,78.0,10.0,350.0,0.0,2.0,-0.018279,2.5974,0.5806,195.0,2.0,1.0,-0.124797,2.381,0.3333
2007,9,2007_09_CAR_TEN,TEN,CAR,20,7,outdoors,grass,66.0,8.0,236.0,3.0,2.0,-0.092273,2.8986,0.5385,191.0,3.0,1.0,-0.227285,1.6393,0.4359
2007,9,2007_09_SEA_CLE,CLE,SEA,33,30,outdoors,grass,48.0,6.0,430.0,1.0,5.0,0.072138,6.6667,0.58,423.0,2.0,2.0,0.073569,2.6667,0.6383
2007,9,2007_09_NE_IND,IND,NE,20,24,dome,fieldturf,,,329.0,2.0,2.0,-0.036839,3.2787,0.5333,342.0,2.0,3.0,0.050956,4.8387,0.6176
2007,9,2007_09_HOU_OAK,OAK,HOU,17,24,outdoors,grass,70.0,4.0,,,,,,,359.0,1.0,3.0,0.136611,5.1724,0.5789
2007,9,2007_09_DAL_PHI,PHI,DAL,17,38,outdoors,grass,49.0,6.0,316.0,3.0,2.0,0.034326,2.9412,0.551,434.0,1.0,5.0,0.393791,8.7719,0.8
2007,9,2007_09_BAL_PIT,PIT,BAL,38,7,outdoors,dessograss,52.0,5.0,291.0,2.0,5.0,0.06615,7.9365,0.5833,104.0,3.0,1.0,-0.339692,1.9608,0.4324
2007,10,2007_10_ATL_CAR,CAR,ATL,13,20,outdoors,grass,63.0,6.0,235.0,2.0,0.0,-0.172606,0.0,0.4194,277.0,1.0,3.0,-0.064809,5.2632,0.6897
2007,10,2007_10_MIN_GB,GB,MIN,34,0,outdoors,grass,49.0,10.0,488.0,0.0,4.0,0.265743,5.0,0.7292,247.0,1.0,0.0,-0.154818,0.0,0.5517
2007,10,2007_10_DEN_KC,KC,DEN,11,27,outdoors,grass,69.0,15.0,284.0,4.0,1.0,-0.179723,1.4085,0.4694,327.0,1.0,2.0,0.0484,3.2787,0.5312
2007,10,2007_10_BUF_MIA,MIA,BUF,10,13,outdoors,grass,80.0,9.0,269.0,0.0,1.0,-0.074288,1.4706,0.5333,216.0,1.0,1.0,-0.031459,1.9608,0.48
2007,10,2007_10_STL_NO,NO,STL,29,37,dome,fieldturf,,,312.0,2.0,4.0,0.156132,7.8431,0.6579,,,,,,
2007,10,2007_10_CLE_PIT,PIT,CLE,31,28,outdoors,dessograss,40.0,3.0,403.0,1.0,3.0,0.104585,4.0,0.575,163.0,1.0,4.0,0.104744,7.5472,0.4571
2007,10,2007_10_JAX_TEN,TEN,JAX,13,28,outdoors,grass,62.0,11.0,292.0,3.0,1.0,-0.22496,1.5625,0.5333,262.0,1.0,4.0,0.001637,5.8824,0.5417
2007,10,2007_10_PHI_WAS,WAS,PHI,25,33,outdoors,grass,49.0,0.0,361.0,2.0,3.0,0.058415,4.1667,0.6389,379.0,2.0,5.0,0.197582,8.3333,0.625
2007,10,2007_10_CIN_BAL,BAL,CIN,7,21,outdoors,sportturf,50.0,4.0,272.0,6.0,1.0,-0.313888,1.8519,0.6389,326.0,0.0,0.0,-0.02805,0.0,0.6216
2007,10,2007_10_DET_ARI,ARI,DET,31,21,closed,grass,,,319.0,4.0,4.0,-0.156491,5.9701,0.6923,245.0,5.0,3.0,-0.296203,5.2632,0.6531
2007,10,2007_10_DAL_NYG,NYG,DAL,20,31,outdoors,fieldturf,47.0,8.0,300.0,2.0,2.0,0.043182,3.0303,0.5897,323.0,1.0,4.0,0.244336,7.4074,0.6667
2007,10,2007_10_CHI_OAK,OAK,CHI,6,17,outdoors,grass,62.0,14.0,,,,,,,295.0,0.0,2.0,-0.098216,3.0769,0.5484
2007,10,2007_10_IND_SD,SD,IND,23,21,outdoors,grass,61.0,8.0,,,,,,,388.0,6.0,3.0,-0.104747,3.4884,0.5763
2007,10,2007_10_SF_SEA,SEA,SF,24,0,outdoors,fieldturf,49.0,10.0,380.0,2.0,3.0,0.001241,3.8961,0.6585,173.0,2.0,0.0,-0.369198,0.0,0.3871
2007,11,2007_11_TB_ATL,ATL,TB,7,31,dome,fieldturf,,,275.0,4.0,2.0,-0.383349,2.8169,0.5962,305.0,1.0,3.0,-0.046209,5.6604,0.5
2007,11,2007_11_CLE_BAL,BAL,CLE,30,33,outdoors,sportturf,53.0,11.0,368.0,3.0,3.0,-0.069254,4.1667,0.4681,380.0,3.0,3.0,-0.002749,4.0541,0.6
2007,11,2007_11_ARI_CIN,CIN,ARI,27,35,outdoors,fieldturf,44.0,5.0,396.0,5.0,4.0,-0.212897,5.4795,0.6981,247.0,0.0,4.0,-0.117351,7.2727,0.5161
2007,11,2007_11_NYG_DET,DET,NYG,10,16,dome,fieldturf,,,376.0,4.0,1.0,-0.153808,1.7544,0.6087,341.0,2.0,1.0,-0.02504,1.4706,0.6829
2007,11,2007_11_CAR_GB,GB,CAR,31,17,outdoors,grass,42.0,10.0,317.0,0.0,3.0,0.089371,5.1724,0.7097,382.0,3.0,3.0,-0.065437,4.4118,0.4872
2007,11,2007_11_NO_HOU,HOU,NO,23,10,closed,grass,,,390.0,2.0,2.0,-0.011286,3.3898,0.6176,327.0,3.0,1.0,-0.162722,1.4493,0.66
2007,11,2007_11_KC_IND,IND,KC,13,10,dome,fieldturf,,,216.0,2.0,1.0,-0.236989,1.6393,0.4706,234.0,1.0,1.0,-0.266295,1.7857,0.6552
2007,11,2007_11_SD_JAX,JAX,SD,24,17,outdoors,grass,70.0,5.0,311.0,0.0,3.0,0.080026,4.918,0.625,,,,,,
2007,11,2007_11_OAK_MIN,MIN,OAK,29,22,dome,fieldturf,,,478.0,4.0,3.0,-0.03106,5.0847,0.7037,,,,,,
2007,11,2007_11_MIA_PHI,PHI,MIA,17,7,outdoors,grass,42.0,13.0,352.0,3.0,3.0,-0.053884,4.3478,0.5333,186.0,0.0,0.0,-0.230625,0.0,0.4091
2007,11,2007_11_PIT_NYJ,NYJ,PIT,19,16,outdoors,fieldturf,42.0,10.0,297.0,1.0,1.0,-0.072546,1.4706,0.4118,263.0,2.0,1.0,-0.065843,1.5385,0.4688
2007,11,2007_11_WAS_DAL,DAL,WAS,28,23,outdoors,fieldturf,77.0,0.0,359.0,1.0,4.0,0.196703,6.8966,0.6667,423.0,2.0,2.0,0.134877,2.7397,0.6071
2007,11,2007_11_CHI_SEA,SEA,CHI,30,23,outdoors,fieldturf,46.0,1.0,425.0,1.0,3.0,0.073777,4.3478,0.6522,345.0,1.0,2.0,0.016531,3.125,0.5714
2007,11,2007_11_STL_SF,SF,STL,9,13,outdoors,grass,54.0,5.0,244.0,2.0,0.0,-0.165858,0.0,0.4444,,,,,,
2007,11,2007_11_NE_BUF,BUF,NE,10,56,outdoors,astroplay,36.0,10.0,229.0,2.0,2.0,-0.172075,4.0816,0.5,510.0,0.0,7.0,0.456695,10.0,0.8049
2007,11,2007_11_TEN_DEN,DEN,TEN,34,20,outdoors,grass,63.0,12.0,359.0,0.0,3.0,0.279333,6.25,0.7273,423.0,4.0,3.0,0.057941,4.2254,0.619
2007,12,2007_12_GB_DET,DET,GB,26,37,dome,fieldturf,,,331.0,1.0,2.0,-0.022472,2.7027,0.4318,481.0,1.0,4.0,0.152838,6.8966,0.7561
2007,12,2007_12_NYJ_DAL,DAL,NYJ,34,3,outdoors,fieldturf,45.0,0.0,344.0,1.0,3.0,0.109073,4.6154,0.6774,180.0,2.0,1.0,-0.334366,1.9608,0.4
2007,12,2007_12_IND_ATL,ATL,IND,13,31,dome,fieldturf,,,250.0,2.0,1.0,-0.149914,1.6129,0.4375,365.0,1.0,4.0,0.131982,6.3492,0.6111
2007,12,2007_12_NO_CAR,CAR,NO,6,31,outdoors,grass,46.0,5.0,195.0,4.0,0.0,-0.271915,0.0,0.4865,373.0,1.0,4.0,0.102419,5.3333,0.6667
2007,12,2007_12_TEN_CIN,CIN,TEN,35,6,outdoors,fieldturf,42.0,2.0,426.0,1.0,5.0,0.210239,6.6667,0.8205,305.0,2.0,0.0,-0.147295,0.0,0.5938
2007,12,2007_12_HOU_CLE,CLE,HOU,27,17,outdoors,grass,41.0,14.0,397.0,1.0,3.0,-0.0278,4.3478,0.6667,314.0,3.0,2.0,-0.142375,3.5714,0.5789
2007,12,2007_12_BUF_JAX,JAX,BUF,36,14,outdoors,grass,68.0,10.0,416.0,0.0,3.0,0.203908,4.6875,0.6053,297.0,4.0,2.0,-0.068891,3.0769,0.6585
2007,12,2007_12_OAK_KC,KC,OAK,17,20,outdoors,grass,43.0,6.0,292.0,1.0,2.0,-0.025968,3.1746,0.4615,,,,,,
2007,12,2007_12_MIN_NYG,NYG,MIN,17,41,outdoors,fieldturf,46.0,6.0,309.0,4.0,5.0,-0.273537,7.0423,0.4038,251.0,0.0,2.0,0.057774,3.6364,0.625
2007,12,2007_12_SEA_STL,STL,SEA,19,24,dome,fieldturf,,,,,,,,,302.0,1.0,3.0,-0.064098,4.8387,0.4884
2007,12,2007_12_WAS_TB,TB,WAS,19,13,outdoors,grass,81.0,8.0,192.0,0.0,1.0,-0.113861,1.9608,0.4231,412.0,6.0,1.0,-0.127563,1.2195,0.5882
2007,12,2007_12_SF_ARI,ARI,SF,31,37,open,grass,,,552.0,4.0,5.0,-0.100092,6.4935,0.6604,374.0,0.0,4.0,0.01421,5.9701,0.5952
2007,12,2007_12_DEN_CHI,CHI,DEN,37,34,outdoors,grass,39.0,13.0,293.0,3.0,3.0,-0.027852,4.4118,0.4722,430.0,3.0,5.0,-0.009016,7.1429,0.5152
2007,12,2007_12_BAL_SD,SD,BAL,32,14,outdoors,grass,69.0,8.0,,,,,,,210.0,2.0,2.0,-0.048866,3.5088,0.5676
2007,12,2007_12_PHI_NE,NE,PHI,31,28,outdoors,fieldturf,39.0,8.0,410.0,0.0,3.0,0.113278,4.1096,0.5965,391.0,3.0,5.0,0.125921,7.9365,0.6136
2007,12,2007_12_MIA_PIT,PIT,MIA,3,0,outdoors,dessograss,60.0,10.0,216.0,1.0,0.0,-0.287883,0.0,0.6923,159.0,2.0,0.0,-0.326465,0.0,0.5
2007,13,2007_13_GB_DAL,DAL,GB,37,27,outdoors,fieldturf,56.0,0.0,414.0,1.0,4.0,0.252481,6.8966,0.6333,357.0,2.0,3.0,0.155811,4.8387,0.5349
2007,13,2007_13_SF_CAR,CAR,SF,31,14,outdoors,grass,51.0,3.0,307.0,3.0,3.0,-0.020466,4.1667,0.6071,195.0,5.0,3.0,-0.258457,5.7692,0.4
2007,13,2007_13_JAX_IND,IND,JAX,28,25,dome,fieldturf,,,342.0,1.0,4.0,0.185994,7.2727,0.6667,413.0,2.0,3.0,0.160004,4.6875,0.75
2007,13,2007_13_SD_KC,KC,SD,10,24,outdoors,grass,34.0,16.0,268.0,4.0,1.0,-0.187031,1.3699,0.4375,,,,,,
2007,13,2007_13_NYJ_MIA,MIA,NYJ,13,40,outdoors,grass,81.0,10.0,187.0,5.0,0.0,-0.315217,0.0,0.5476,372.0,2.0,5.0,0.090593,7.1429,0.5
2007,13,2007_13_DET_MIN,MIN,DET,42,10,dome,fieldturf,,,443.0,1.0,6.0,0.360377,9.0909,0.7037,254.0,1.0,1.0,-0.042919,2.1739,0.6923
2007,13,2007_13_SEA_PHI,PHI,SEA,24,28,outdoors,grass,33.0,9.0,363.0,4.0,3.0,-0.243801,4.1667,0.4419,311.0,2.0,4.0,-0.166426,6.1538,0.5278
2007,13,2007_13_ATL_STL,STL,ATL,28,16,dome,fieldturf,,,,,,,,,435.0,3.0,2.0,-0.105527,2.4691,0.5238
2007,13,2007_13_HOU_TEN,TEN,HOU,28,20,outdoors,grass,61.0,19.0,382.0,2.0,4.0,0.132016,6.3492,0.6176,315.0,1.0,2.0,0.060216,3.2258,0.5405
2007,13,2007_13_BUF_WAS,WAS,BUF,16,17,outdoors,grass,40.0,8.0,282.0,2.0,1.0,-0.027159,1.4286,0.525,357.0,1.0,0.0,0.022225,0.0,0.6111
2007,13,2007_13_CLE_ARI,ARI,CLE,27,21,open,grass,,,302.0,2.0,2.0,0.049038,3.5088,0.6,381.0,3.0,3.0,0.003072,4.6875,0.4884
2007,13,2007_13_DEN_OAK,OAK,DEN,34,20,outdoors,grass,60.0,19.0,,,,,,,292.0,4.0,2.0,-0.119785,3.2258,0.4848
2007,13,2007_13_NYG_CHI,CHI,NYG,16,21,outdoors,grass,46.0,13.0,312.0,0.0,1.0,-0.077818,1.3333,0.4808,356.0,4.0,3.0,-0.004231,4.5455,0.5517
2007,13,2007_13_TB_NO,NO,TB,23,27,dome,fieldturf,,,246.0,1.0,2.0,-0.054613,4.2553,0.6538,466.0,1.0,4.0,0.05936,6.0606,0.725
2007,13,2007_13_CIN_PIT,PIT,CIN,24,10,outdoors,dessograss,48.0,9.0,285.0,4.0,3.0,-0.077048,4.4776,0.6562,249.0,1.0,1.0,-0.216049,1.4706,0.3778
2007,13,2007_13_NE_BAL,BAL,NE,24,27,outdoors,sportturf,40.0,27.0,376.0,1.0,3.0,0.074736,5.0,0.6522,326.0,2.0,3.0,0.118729,4.6154,0.439
2007,14,2007_14_CHI_WAS,WAS,CHI,24,16,outdoors,grass,26.0,0.0,345.0,1.0,3.0,-0.020366,4.918,0.6757,356.0,2.0,1.0,-0.072562,1.2987,0.5472
2007,14,2007_14_MIA_BUF,BUF,MIA,38,17,outdoors,astroplay,30.0,6.0,389.0,2.0,4.0,0.079047,6.3492,0.4783,285.0,4.0,3.0,-0.131674,4.2857,0.4694
2007,14,2007_14_STL_CIN,CIN,STL,19,10,outdoors,fieldturf,38.0,7.0,370.0,2.0,2.0,-0.037104,3.0303,0.7,,,,,,
2007,14,2007_14_DAL_DET,DET,DAL,27,28,dome,fieldturf,,,390.0,0.0,3.0,0.165835,4.3478,0.5946,368.0,1.0,4.0,0.196653,6.3492,0.7447
2007,14,2007_14_OAK_GB,GB,OAK,38,7,outdoors,grass,18.0,4.0,445.0,2.0,4.0,0.140954,6.7797,0.6522,,,,,,
2007,14,2007_14_TB_HOU,HOU,TB,28,14,closed,grass,,,257.0,2.0,4.0,0.012938,6.0606,0.6923,305.0,2.0,2.0,-0.160791,3.3898,0.5952
2007,14,2007_14_CAR_JAX,JAX,CAR,37,6,outdoors,grass,77.0,9.0,427.0,1.0,3.0,0.07698,4.0,0.5676,149.0,2.0,1.0,-0.337139,1.8519,0.4103
2007,14,2007_14_NYG_PHI,PHI,NYG,13,16,outdoors,grass,36.0,3.0,306.0,1.0,1.0,-0.136147,1.6129,0.5882,318.0,2.0,1.0,-0.072751,1.6667,0.5152
2007,14,2007_14_SD_TEN,TEN,SD,17,23,outdoors,grass,69.0,7.0,240.0,2.0,2.0,-0.169187,3.1746,0.5385,,,,,,
2007,14,2007_14_ARI_SEA,SEA,ARI,42,21,outdoors,fieldturf,35.0,0.0,349.0,0.0,4.0,0.149916,6.4516,0.6471,355.0,5.0,4.0,-0.084505,5.9701,0.549
2007,14,2007_14_MIN_SF,SF,MIN,7,27,outdoors,grass,53.0,6.0,285.0,5.0,2.0,-0.281429,2.8986,0.5918,280.0,1.0,2.0,-0.019397,3.5714,0.64
2007,14,2007_14_KC_DEN,DEN,KC,41,7,outdoors,grass,21.0,6.0,453.0,0.0,5.0,0.254998,8.0645,0.7143,129.0,3.0,1.0,-0.185991,1.9608,0.4412
2007,14,2007_14_PIT_NE,NE,PIT,34,13,outdoors,fieldturf,34.0,2.0,421.0,1.0,4.0,0.31898,7.2727,0.6957,349.0,0.0,1.0,0.036204,1.4925,0.5429
2007,14,2007_14_CLE_NYJ,NYJ,CLE,18,24,outdoors,fieldturf,38.0,4.0,387.0,2.0,1.0,-0.007128,1.3158,0.5217,337.0,1.0,3.0,0.100466,5.1724,0.5517
2007,14,2007_14_IND_BAL,BAL,IND,20,44,outdoors,sportturf,40.0,4.0,243.0,5.0,3.0,-0.117607,4.4776,0.6286,334.0,0.0,6.0,0.28192,12.2449,0.7273
2007,14,2007_14_NO_ATL,ATL,NO,14,34,dome,fieldturf,,,323.0,2.0,3.0,-0.155738,5.0847,0.5349,473.0,0.0,3.0,0.155793,4.2254,0.6829
2007,15,2007_15_DEN_HOU,HOU,DEN,31,13,open,grass,,,358.0,1.0,4.0,0.225487,6.8966,0.5926,308.0,0.0,1.0,-0.014294,1.5625,0.6136
2007,15,2007_15_CIN_SF,SF,CIN,20,13,outdoors,grass,52.0,0.0,337.0,0.0,2.0,0.145601,2.9851,0.7,312.0,0.0,1.0,0.102945,2.0,0.6129
2007,15,2007_15_SEA_CAR,CAR,SEA,13,10,outdoors,grass,45.0,18.0,322.0,0.0,1.0,-0.015913,1.5385,0.7037,282.0,1.0,1.0,-0.054878,1.7241,0.6136
2007,15,2007_15_BUF_CLE,CLE,BUF,8,0,outdoors,grass,30.0,32.0,304.0,0.0,0.0,-0.102547,0.0,0.36,232.0,0.0,0.0,-0.187904,0.0,0.3939
2007,15,2007_15_TEN_KC,KC,TEN,17,26,outdoors,grass,22.0,6.0,306.0,2.0,2.0,0.008689,3.125,0.5814,327.0,1.0,2.0,0.17945,3.1746,0.5926
2007,15,2007_15_BAL_MIA,MIA,BAL,22,16,outdoors,grass,79.0,20.0,360.0,0.0,2.0,0.102873,2.7397,0.5227,345.0,1.0,1.0,0.040602,1.4286,0.4412
2007,15,2007_15_NYJ_NE,NE,NYJ,20,10,outdoors,fieldturf,36.0,17.0,265.0,1.0,2.0,-0.121593,3.1746,0.5,236.0,2.0,1.0,-0.252339,1.6129,0.5556
2007,15,2007_15_ARI_NO,NO,ARI,31,24,dome,fieldturf,,,421.0,2.0,4.0,0.06127,6.6667,0.8387,317.0,2.0,3.0,0.007653,5.5556,0.5938
2007,15,2007_15_JAX_PIT,PIT,JAX,22,29,outdoors,dessograss,35.0,19.0,219.0,0.0,3.0,-0.021052,5.3571,0.4103,421.0,1.0,4.0,0.096058,5.3333,0.5152
2007,15,2007_15_GB_STL,STL,GB,14,33,dome,fieldturf,,,,,,,,,279.0,3.0,3.0,0.1255,5.6604,0.6333
2007,15,2007_15_ATL_TB,TB,ATL,37,3,outdoors,grass,68.0,25.0,285.0,1.0,3.0,0.058773,4.0,0.5556,133.0,4.0,1.0,-0.565066,2.7778,0.25
2007,15,2007_15_IND_OAK,OAK,IND,14,21,outdoors,grass,55.0,8.0,,,,,,,324.0,1.0,1.0,0.08582,1.5873,0.5238
2007,15,2007_15_PHI_DAL,DAL,PHI,6,10,outdoors,fieldturf,49.0,0.0,240.0,4.0,0.0,-0.194119,0.0,0.325,315.0,0.0,1.0,-0.098021,1.3889,0.5111
2007,15,2007_15_DET_SD,SD,DET,51,14,outdoors,grass,67.0,8.0,,,,,,,328.0,6.0,3.0,-0.267481,5.3571,0.5532
2007,15,2007_15_WAS_NYG,NYG,WAS,10,22,outdoors,fieldturf,36.0,18.0,307.0,1.0,1.0,-0.189507,1.2195,0.3333,309.0,0.0,2.0,-0.043142,3.1746,0.2857
2007,15,2007_15_CHI_MIN,MIN,CHI,20,13,dome,fieldturf,,,374.0,4.0,2.0,-0.153372,3.0303,0.5806,209.0,1.0,1.0,-0.237533,1.7857,0.5641
2007,16,2007_16_PIT_STL,STL,PIT,24,41,dome,fieldturf,,,,,,,,,425.0,0.0,4.0,0.373217,6.4516,0.68
2007,16,2007_16_DAL_CAR,CAR,DAL,13,20,outdoors,grass,51.0,10.0,216.0,1.0,1.0,-0.045948,2.1277,0.4545,405.0,1.0,2.0,0.067616,2.5316,0.6667
2007,16,2007_16_NYG_BUF,BUF,NYG,21,38,outdoors,astroplay,52.0,23.0,244.0,4.0,5.0,-0.300125,8.7719,0.3103,385.0,4.0,3.0,-0.038723,4.6875,0.4118
2007,16,2007_16_GB_CHI,CHI,GB,35,7,outdoors,grass,16.0,22.0,242.0,0.0,2.0,-0.013765,3.3333,0.5333,274.0,2.0,3.0,-0.422844,5.5556,0.5152
2007,16,2007_16_CLE_CIN,CIN,CLE,19,14,outdoors,fieldturf,31.0,19.0,270.0,3.0,2.0,-0.199369,3.6364,0.5,379.0,4.0,2.0,-0.205647,2.6667,0.5918
2007,16,2007_16_KC_DET,DET,KC,25,20,dome,fieldturf,,,236.0,1.0,1.0,-0.019018,2.0,0.5,407.0,1.0,4.0,-0.048603,5.6338,0.6226
2007,16,2007_16_HOU_IND,IND,HOU,38,15,dome,fieldturf,,,458.0,1.0,5.0,0.26873,6.9444,0.7561,301.0,3.0,2.0,-0.004099,3.5714,0.6111
2007,16,2007_16_OAK_JAX,JAX,OAK,49,11,outdoors,grass,69.0,6.0,437.0,1.0,7.0,0.31336,12.5,0.5714,,,,,,
2007,16,2007_16_PHI_NO,NO,PHI,23,38,dome,fieldturf,,,346.0,1.0,2.0,0.03926,3.125,0.6522,435.0,1.0,5.0,0.297732,7.5758,0.6316
2007,16,2007_16_ATL_ARI,ARI,ATL,30,27,open,grass,,,437.0,0.0,3.0,0.063091,3.75,0.6792,405.0,1.0,3.0,0.087632,4.4776,0.6364
2007,16,2007_16_TB_SF,SF,TB,21,19,outdoors,grass,51.0,5.0,213.0,2.0,3.0,-0.078521,5.4545,0.4231,434.0,2.0,2.0,-0.055842,2.4691,0.5263
2007,16,2007_16_MIA_NE,NE,MIA,28,7,outdoors,fieldturf,43.0,7.0,400.0,3.0,4.0,0.132269,6.5574,0.5,241.0,1.0,1.0,-0.114768,1.4286,0.375
2007,16,2007_16_BAL_SEA,SEA,BAL,27,6,outdoors,fieldturf,43.0,0.0,336.0,2.0,2.0,0.00501,2.9851,0.6129,293.0,3.0,2.0,-0.258374,3.1746,0.4444
2007,16,2007_16_NYJ_TEN,TEN,NYJ,10,6,outdoors,grass,42.0,10.0,273.0,2.0,1.0,-0.08415,1.6393,0.48,296.0,2.0,1.0,-0.117705,1.6129,0.6842
2007,16,2007_16_WAS_MIN,MIN,WAS,21,32,dome,fieldturf,,,299.0,3.0,3.0,-0.188057,4.4776,0.5952,367.0,0.0,4.0,-0.014392,6.1538,0.697
2007,16,2007_16_DEN_SD,SD,DEN,23,3,outdoors,grass,62.0,8.0,,,,,,,225.0,3.0,0.0,-0.244027,0.0,0.3889
2007,17,2007_17_NE_NYG,NYG,NE,35,38,outdoors,fieldturf,44.0,8.0,316.0,1.0,5.0,0.277267,9.6154,0.6667,392.0,0.0,4.0,0.30003,5.7143,0.7442
2007,17,2007_17_SEA_ATL,ATL,SEA,44,41,dome,fieldturf,,,364.0,0.0,5.0,0.178284,8.6207,0.5862,501.0,3.0,5.0,0.156234,6.0976,0.6275
2007,17,2007_17_NO_CHI,CHI,NO,33,25,outdoors,grass,30.0,2.0,275.0,2.0,3.0,-0.031225,5.2632,0.4333,415.0,4.0,4.0,-0.082016,4.7619,0.5556
2007,17,2007_17_SF_CLE,CLE,SF,20,7,outdoors,grass,35.0,8.0,358.0,1.0,1.0,-0.060759,1.5385,0.4828,185.0,0.0,2.0,-0.259104,3.9216,0.4815
2007,17,2007_17_DET_GB,GB,DET,34,13,outdoors,grass,20.0,7.0,394.0,1.0,4.0,0.171352,6.1538,0.5926,293.0,2.0,1.0,-0.059893,1.5385,0.4583
2007,17,2007_17_JAX_HOU,HOU,JAX,42,28,open,grass,,,290.0,2.0,6.0,0.40974,11.3208,0.5789,381.0,0.0,4.0,0.199309,6.25,0.6098
2007,17,2007_17_CIN_MIA,MIA,CIN,25,38,outdoors,grass,81.0,22.0,338.0,1.0,4.0,0.031037,5.7971,0.6136,393.0,1.0,4.0,0.251578,7.1429,0.7188
2007,17,2007_17_BUF_PHI,PHI,BUF,17,9,outdoors,grass,42.0,5.0,391.0,2.0,2.0,0.010939,3.125,0.6444,271.0,0.0,0.0,-0.059849,0.0,0.5333
2007,17,2007_17_CAR_TB,TB,CAR,23,31,outdoors,grass,80.0,14.0,303.0,2.0,2.0,0.091923,3.4483,0.6562,349.0,1.0,4.0,0.209808,6.4516,0.6
2007,17,2007_17_STL_ARI,ARI,STL,48,19,open,grass,,,422.0,2.0,5.0,0.083902,7.0423,0.5897,,,,,,
2007,17,2007_17_PIT_BAL,BAL,PIT,27,21,outdoors,sportturf,42.0,5.0,334.0,1.0,3.0,0.071432,4.3478,0.5517,264.0,3.0,3.0,0.036091,6.0,0.5161
2007,17,2007_17_MIN_DEN,DEN,MIN,22,19,outdoors,grass,36.0,7.0,362.0,0.0,2.0,0.034062,3.0769,0.6842,336.0,3.0,2.0,0.035405,3.1746,0.4706
2007,17,2007_17_KC_NYJ,NYJ,KC,13,10,outdoors,fieldturf,41.0,7.0,337.0,0.0,1.0,-0.074083,1.3514,0.4828,219.0,0.0,1.0,-0.09075,1.5385,0.4348
2007,17,2007_17_SD_OAK,OAK,SD,17,30,outdoors,grass,54.0,7.0,,,,,,,,,,,,
2007,17,2007_17_DAL_WAS,WAS,DAL,27,6,outdoors,grass,39.0,6.0,354.0,2.0,3.0,0.016974,4.2254,0.6471,147.0,1.0,0.0,-0.279252,0.0,0.4828
2007,17,2007_17_TEN_IND,IND,TEN,10,16,dome,fieldturf,,,194.0,1.0,1.0,-0.125545,1.9231,0.5952,356.0,2.0,1.0,0.019452,1.4085,0.75
2007,18,2007_18_WAS_SEA,SEA,WAS,35,14,outdoors,fieldturf,42.0,13.0,306.0,2.0,2.0,-0.094576,3.6364,0.5882,319.0,2.0,4.0,-0.252955,4.878,0.5472
2007,18,2007_18_JAX_PIT,PIT,JAX,29,31,outdoors,dessograss,39.0,8.0,340.0,4.0,5.0,-0.057667,6.5789,0.5918,239.0,2.0,3.0,-0.001528,5.5556,0.36
2007,18,2007_18_NYG_TB,TB,NYG,14,24,outdoors,grass,70.0,5.0,271.0,3.0,2.0,-0.054612,3.2258,0.575,277.0,0.0,3.0,0.114105,5.1724,0.7143
2007,18,2007_18_TEN_SD,SD,TEN,17,6,outdoors,grass,57.0,8.0,,,,,,,248.0,2.0,0.0,-0.140028,0.0,0.5
2007,19,2007_19_SEA_GB,GB,SEA,42,20,outdoors,grass,31.0,4.0,408.0,2.0,6.0,0.200744,10.1695,0.75,200.0,1.0,2.0,-0.059274,3.7736,0.5429
2007,19,2007_19_JAX_NE,NE,JAX,31,20,outdoors,fieldturf,37.0,5.0,403.0,0.0,4.0,0.291413,6.8966,0.8966,350.0,2.0,2.0,0.186245,3.5714,0.6471
2007,19,2007_19_SD_IND,IND,SD,24,28,dome,fieldturf,,,446.0,3.0,3.0,0.103948,4.5455,0.6875,,,,,,
2007,19,2007_19_NYG_DAL,DAL,NYG,17,21,outdoors,fieldturf,59.0,0.0,336.0,1.0,2.0,0.085835,2.8169,0.4737,230.0,0.0,3.0,0.227838,6.8182,0.5714
2007,20,2007_20_SD_NE,NE,SD,21,12,outdoors,fieldturf,23.0,17.0,347.0,3.0,3.0,0.025783,4.5455,0.6286,,,,,,
2007,20,2007_20_NYG_GB,GB,NYG,20,23,outdoors,grass,-1.0,12.0,264.0,3.0,2.0,-0.016552,4.0816,0.5429,380.0,0.0,2.0,0.051431,2.4691,0.5
2007,21,2007_21_NYG_NE,NE,NYG,14,17,closed,grass,,,274.0,1.0,2.0,0.013158,2.8986,0.5472,338.0,1.0,2.0,0.057801,3.1746,0.5135
2008,1,2008_01_WAS_NYG,NYG,WAS,16,7,outdoors,fieldturf,85.0,10.0,354.0,1.0,1.0,0.045391,1.4493,0.5135,209.0,0.0,1.0,-0.081067,1.9231,0.5357
2008,1,2008_01_DET_ATL,ATL,DET,34,21,dome,fieldturf,,,474.0,0.0,4.0,0.250854,7.1429,0.6429,308.0,1.0,3.0,0.058308,5.2632,0.6667
2008,1,2008_01_CIN_BAL,BAL,CIN,17,10,outdoors,sportturf,78.0,7.0,358.0,2.0,3.0,-0.187918,4.0,0.5172,154.0,2.0,0.0,-0.343147,0.0,0.3704
2008,1,2008_01_SEA_BUF,BUF,SEA,34,10,outdoors,astroplay,66.0,11.0,338.0,0.0,3.0,-0.028686,4.918,0.625,252.0,2.0,2.0,-0.278158,2.9851,0.3696
2008,1,2008_01_NYJ_MIA,MIA,NYJ,14,20,outdoors,grass,88.0,14.0,277.0,1.0,2.0,-0.059599,3.125,0.5532,293.0,1.0,3.0,0.045994,5.2632,0.5769
2008,1,2008_01_KC_NE,NE,KC,17,10,outdoors,fieldturf,75.0,15.0,338.0,2.0,2.0,0.057397,3.3898,0.6452,284.0,1.0,1.0,-0.029507,1.6129,0.5429
2008,1,2008_01_TB_NO,NO,TB,24,20,dome,fieldturf,,,438.0,1.0,4.0,-0.052822,6.6667,0.697,352.0,1.0,1.0,-0.067447,1.5873,0.5581
2008,1,2008_01_STL_PHI,PHI,STL,38,3,outdoors,grass,80.0,11.0,522.0,0.0,5.0,0.253463,7.0423,0.6667,,,,,,
2008,1,2008_01_HOU_PIT,PIT,HOU,38,17,outdoors,dessograss,72.0,11.0,305.0,1.0,5.0,0.12746,8.4746,0.65,234.0,3.0,2.0,-0.127312,3.4483,0.6579
2008,1,2008_01_JAX_TEN,TEN,JAX,17,10,outdoors,grass,78.0,0.0,309.0,2.0,2.0,-0.148334,3.5088,0.56,189.0,3.0,1.0,-0.222477,1.6949,0.5476
2008,1,2008_01_DAL_CLE,CLE,DAL,10,28,outdoors,grass,71.0,12.0,205.0,0.0,1.0,0.005717,2.3256,0.44,487.0,1.0,4.0,0.256289,6.3492,0.75
2008,1,2008_01_CAR_SD,SD,CAR,24,26,outdoors,grass,81.0,8.0,,,,,,,388.0,1.0,1.0,0.081138,1.4085,0.5476
2008,1,2008_01_ARI_SF,SF,ARI,13,23,outdoors,grass,70.0,20.0,291.0,5.0,1.0,-0.257833,2.2727,0.5833,285.0,0.0,2.0,-0.011988,2.7778,0.5758
2008,1,2008_01_CHI_IND,IND,CHI,13,29,open,fieldturf,,,293.0,1.0,2.0,-0.14703,3.0303,0.5882,319.0,0.0,2.0,0.078544,3.2258,0.5652
2008,1,2008_01_MIN_GB,GB,MIN,24,19,outdoors,grass,58.0,5.0,317.0,0.0,2.0,0.111837,4.0816,0.8182,355.0,1.0,3.0,0.06519,4.2857,0.4324
2008,1,2008_01_DEN_OAK,OAK,DEN,14,41,outdoors,grass,60.0,13.0,,,,,,,441.0,0.0,5.0,0.437941,8.4746,0.64
2008,2,2008_02_CHI_CAR,CAR,CHI,20,17,outdoors,grass,88.0,10.0,216.0,1.0,3.0,-0.197512,5.4545,0.5,256.0,2.0,1.0,-0.215553,1.6129,0.5758
2008,2,2008_02_TEN_CIN,CIN,TEN,7,24,outdoors,fieldturf,88.0,70.0,215.0,2.0,2.0,-0.299219,3.5714,0.5714,295.0,1.0,2.0,-0.04195,3.1746,0.6364
2008,2,2008_02_GB_DET,DET,GB,25,48,dome,fieldturf,,,311.0,3.0,4.0,-0.26312,6.4516,0.46,447.0,1.0,4.0,0.063286,5.7971,0.6154
2008,2,2008_02_BUF_JAX,JAX,BUF,16,20,outdoors,grass,87.0,5.0,233.0,2.0,1.0,-0.022341,1.7544,0.5667,285.0,1.0,2.0,0.058337,3.7037,0.7143
2008,2,2008_02_OAK_KC,KC,OAK,8,23,outdoors,grass,61.0,25.0,192.0,2.0,1.0,-0.147022,1.5873,0.3864,,,,,,
2008,2,2008_02_IND_MIN,MIN,IND,15,18,dome,fieldturf,,,299.0,1.0,0.0,-0.191772,0.0,0.5185,323.0,2.0,2.0,-0.132117,3.125,0.5909
2008,2,2008_02_NYG_STL,STL,NYG,13,41,dome,fieldturf,,,,,,,,,441.0,0.0,4.0,0.305318,6.4516,0.6452
2008,2,2008_02_NO_WAS,WAS,NO,29,24,outdoors,grass,90.0,6.0,455.0,0.0,4.0,0.052062,5.7143,0.6154,250.0,4.0,2.0,-0.018096,3.7037,0.6286
2008,2,2008_02_SF_SEA,SEA,SF,30,33,outdoors,fieldturf,67.0,6.0,351.0,3.0,3.0,-0.041662,4.2254,0.4865,365.0,1.0,3.0,0.006632,4.7619,0.5
2008,2,2008_02_ATL_TB,TB,ATL,24,9,outdoors,grass,89.0,8.0,311.0,1.0,3.0,-0.018098,4.918,0.5455,234.0,2.0,0.0,-0.189167,0.0,0.3514
2008,2,2008_02_MIA_ARI,ARI,MIA,31,10,closed,grass,,,445.0,0.0,4.0,0.327212,6.7797,0.7143,236.0,0.0,1.0,0.057706,1.7241,0.5
2008,2,2008_02_SD_DEN,DEN,SD,39,38,outdoors,grass,59.0,5.0,488.0,1.0,5.0,0.259213,6.5789,0.6923,,,,,,
2008,2,2008_02_NE_NYJ,NYJ,NE,10,19,outdoors,fieldturf,90.0,12.0,256.0,1.0,1.0,-0.14323,2.0408,0.6429,260.0,0.0,1.0,0.041149,1.6949,0.6154
2008,2,2008_02_PIT_CLE,CLE,PIT,6,10,outdoors,grass,80.0,40.0,208.0,2.0,0.0,-0.058191,0.0,0.5294,281.0,0.0,1.0,0.017013,1.8868,0.5455
2008,2,2008_02_PHI_DAL,DAL,PHI,41,37,outdoors,fieldturf,76.0,0.0,380.0,2.0,6.0,0.221193,11.1111,0.7,337.0,1.0,3.0,0.191669,4.6875,0.6098
2008,3,2008_03_KC_ATL,ATL,KC,38,14,dome,fieldturf,,,378.0,0.0,4.0,0.140805,7.4074,0.6667,301.0,4.0,3.0,-0.162686,4.2254,0.3684
2008,3,2008_03_OAK_BUF,BUF,OAK,24,23,outdoors,astroplay,66.0,0.0,378.0,3.0,3.0,-0.01448,4.1667,0.5714,,,,,,
2008,3,2008_03_TB_CHI,CHI,TB,24,27,outdoors,grass,76.0,5.0,407.0,2.0,3.0,-0.053541,4.0,0.5789,454.0,4.0,2.0,-0.000686,2.381,0.5672
2008,3,2008_03_CAR_MIN,MIN,CAR,20,10,dome,fieldturf,,,305.0,1.0,1.0,-0.097475,1.5873,0.5161,204.0,2.0,2.0,-0.226389,3.7037,0.5
2008,3,2008_03_MIA_NE,NE,MIA,13,38,outdoors,fieldturf,72.0,1.0,216.0,2.0,1.0,-0.030987,1.6949,0.5641,461.0,0.0,5.0,0.356985,8.7719,0.8571
2008,3,2008_03_CIN_NYG,NYG,CIN,26,23,outdoors,fieldturf,76.0,3.0,406.0,0.0,2.0,0.117957,2.9412,0.6047,347.0,0.0,2.0,0.104421,2.7778,0.6
2008,3,2008_03_HOU_TEN,TEN,HOU,31,12,outdoors,grass,80.0,4.0,343.0,2.0,3.0,-0.025157,4.8387,0.5385,317.0,3.0,2.0,-0.216809,2.9412,0.425
2008,3,2008_03_ARI_WAS,WAS,ARI,24,17,outdoors,grass,75.0,1.0,323.0,0.0,3.0,0.08254,4.6875,0.697,313.0,2.0,2.0,0.001367,3.5714,0.5152
2008,3,2008_03_NO_DEN,DEN,NO,34,32,outdoors,grass,75.0,7.0,369.0,2.0,3.0,0.129293,5.1724,0.6176,502.0,1.0,5.0,0.122742,6.6667,0.78
2008,3,2008_03_STL_SEA,SEA,STL,37,13,outdoors,fieldturf,59.0,5.0,407.0,0.0,4.0,0.247675,5.9701,0.5714,,,,,,
2008,3,2008_03_DET_SF,SF,DET,31,13,outdoors,grass,67.0,12.0,370.0,0.0,4.0,0.191259,6.3492,0.6667,240.0,2.0,1.0,-0.005308,1.8182,0.4286
2008,3,2008_03_CLE_BAL,BAL,CLE,28,10,outdoors,sportturf,77.0,2.0,273.0,2.0,3.0,-0.103876,4.6875,0.65,169.0,3.0,2.0,-0.350036,3.5088,0.3333
2008,3,2008_03_JAX_IND,IND,JAX,21,23,closed,fieldturf,,,325.0,2.0,4.0,0.070524,8.1633,0.5,403.0,1.0,1.0,0.112285,1.4286,0.7273
2008,3,2008_03_PIT_PHI,PHI,PIT,15,6,outdoors,grass,79.0,3.0,260.0,3.0,1.0,-0.10613,1.5625,0.6341,180.0,3.0,0.0,-0.211889,0.0,0.4146
2008,3,2008_03_DAL_GB,GB,DAL,16,27,outdoors,grass,64.0,8.0,334.0,1.0,1.0,-0.035918,1.5385,0.5,453.0,2.0,3.0,0.130617,4.3478,0.5
2008,3,2008_03_NYJ_SD,SD,NYJ,48,29,outdoors,grass,71.0,8.0,,,,,,,308.0,4.0,4.0,0.027159,6.1538,0.6346
2008,4,2008_04_ATL_CAR,CAR,ATL,24,9,outdoors,grass,78.0,4.0,401.0,0.0,3.0,0.078008,4.8387,0.6897,268.0,0.0,0.0,-0.080738,0.0,0.4884
2008,4,2008_04_CLE_CIN,CIN,CLE,12,20,outdoors,fieldturf,74.0,7.0,211.0,6.0,1.0,-0.110077,1.8182,0.5385,261.0,1.0,2.0,0.025161,3.0769,0.6
2008,4,2008_04_HOU_JAX,JAX,HOU,30,27,outdoors,grass,82.0,7.0,375.0,0.0,3.0,0.257663,5.1724,0.697,386.0,0.0,3.0,0.256251,4.7619,0.725
2008,4,2008_04_DEN_KC,KC,DEN,33,19,outdoors,grass,74.0,7.0,370.0,1.0,3.0,0.040586,4.8387,0.7241,446.0,4.0,1.0,-0.100286,1.3889,0.58
2008,4,2008_04_SF_NO,NO,SF,31,17,dome,fieldturf,,,467.0,2.0,4.0,0.173744,5.9701,0.6571,314.0,3.0,1.0,0.047065,1.6129,0.4186
2008,4,2008_04_ARI_NYJ,NYJ,ARI,56,35,outdoors,fieldturf,69.0,0.0,375.0,1.0,6.0,0.207757,9.5238,0.6667,470.0,7.0,6.0,-0.014632,7.5949,0.6349
2008,4,2008_04_GB_TB,TB,GB,30,21,outdoors,grass,81.0,5.0,327.0,3.0,3.0,-0.155945,4.2254,0.5,181.0,4.0,3.0,-0.313817,5.6604,0.4571
2008,4,2008_04_MIN_TEN,TEN,MIN,30,17,outdoors,grass,78.0,10.0,275.0,1.0,3.0,0.03096,4.3478,0.5143,333.0,4.0,2.0,-0.117094,2.9412,0.5417
2008,4,2008_04_SD_OAK,OAK,SD,18,28,outdoors,grass,78.0,11.0,,,,,,,,,,,,
2008,4,2008_04_BUF_STL,STL,BUF,14,31,dome,fieldturf,,,,,,,,,279.0,1.0,2.0,-0.000992,3.2787,0.5
2008,4,2008_04_WAS_DAL,DAL,WAS,24,26,outdoors,fieldturf,85.0,0.0,344.0,1.0,3.0,0.083321,5.1724,0.5957,381.0,0.0,2.0,0.143106,2.8571,0.6061
2008,4,2008_04_PHI_CHI,CHI,PHI,24,20,outdoors,grass,65.0,8.0,256.0,5.0,3.0,-0.125552,4.6875,0.4737,340.0,1.0,2.0,-0.134113,2.9851,0.5682
2008,4,2008_04_BAL_PIT,PIT,BAL,23,20,outdoors,dessograss,65.0,3.0,237.0,1.0,1.0,-0.089416,1.8182,0.5185,243.0,1.0,3.0,-0.091147,4.3478,0.4444
2008,5,2008_05_TEN_BAL,BAL,TEN,10,13,outdoors,sportturf,69.0,3.0,285.0,2.0,1.0,-0.088993,1.5385,0.6667,210.0,2.0,1.0,-0.028148,1.8519,0.5312
2008,5,2008_05_KC_CAR,CAR,KC,34,0,outdoors,grass,80.0,0.0,441.0,2.0,4.0,0.06816,5.7143,0.6364,127.0,3.0,0.0,-0.420277,0.0,0.4412
2008,5,2008_05_CHI_DET,DET,CHI,7,34,dome,fieldturf,,,185.0,3.0,2.0,-0.341808,3.5714,0.4884,425.0,0.0,3.0,0.084238,4.3478,0.6857
2008,5,2008_05_ATL_GB,GB,ATL,24,27,outdoors,grass,60.0,8.0,408.0,1.0,3.0,0.149298,4.8387,0.641,370.0,1.0,3.0,0.219757,4.8387,0.6154
2008,5,2008_05_IND_HOU,HOU,IND,27,31,open,grass,,,391.0,3.0,4.0,0.059413,5.9701,0.6,314.0,1.0,3.0,0.141086,5.1724,0.6944
2008,5,2008_05_SD_MIA,MIA,SD,17,10,outdoors,grass,86.0,16.0,390.0,1.0,2.0,0.039254,2.8571,0.7333,,,,,,
2008,5,2008_05_SEA_NYG,NYG,SEA,44,6,outdoors,fieldturf,60.0,6.0,523.0,0.0,5.0,0.374467,7.9365,0.7407,187.0,1.0,0.0,-0.114522,0.0,0.4828
2008,5,2008_05_WAS_PHI,PHI,WAS,17,23,outdoors,grass,66.0,4.0,254.0,0.0,1.0,-0.016324,2.1277,0.5862,388.0,0.0,3.0,0.08312,4.0,0.5484
2008,5,2008_05_TB_DEN,DEN,TB,16,13,outdoors,grass,70.0,9.0,333.0,0.0,1.0,0.051362,1.6667,0.6765,307.0,2.0,1.0,0.026407,1.6393,0.6667
2008,5,2008_05_BUF_ARI,ARI,BUF,41,17,closed,grass,,,373.0,0.0,5.0,0.160603,6.5789,0.7857,287.0,4.0,2.0,-0.130044,4.3478,0.6207
2008,5,2008_05_CIN_DAL,DAL,CIN,31,22,outdoors,fieldturf,87.0,0.0,373.0,2.0,4.0,0.056956,6.4516,0.5833,269.0,2.0,2.0,-0.016917,3.0769,0.5476
2008,5,2008_05_NE_SF,SF,NE,21,30,outdoors,grass,67.0,8.0,199.0,3.0,3.0,-0.060078,6.25,0.4667,377.0,2.0,3.0,0.070954,3.75,0.5946
2008,5,2008_05_PIT_JAX,JAX,PIT,21,26,outdoors,grass,73.0,10.0,213.0,0.0,2.0,0.019494,3.7037,0.5143,415.0,1.0,4.0,0.110164,5.6338,0.5778
2008,5,2008_05_MIN_NO,NO,MIN,27,30,dome,fieldturf,,,375.0,4.0,2.0,-0.159229,2.8986,0.5532,270.0,0.0,4.0,-0.097628,6.25,0.5263
2008,6,2008_06_CHI_ATL,ATL,CHI,22,20,dome,fieldturf,,,376.0,1.0,1.0,0.137001,1.6667,0.7333,361.0,0.0,2.0,0.116624,2.9851,0.5909
2008,6,2008_06_MIA_HOU,HOU,MIA,29,28,open,grass,,,485.0,3.0,2.0,0.066738,2.8169,0.5116,370.0,2.0,5.0,0.086397,9.8039,0.7037
2008,6,2008_06_BAL_IND,IND,BAL,31,3,open,fieldturf,,,334.0,0.0,4.0,0.071286,6.6667,0.6333,260.0,5.0,0.0,-0.289388,0.0,0.6667
2008,6,2008_06_DET_MIN,MIN,DET,12,10,dome,fieldturf,,,392.0,3.0,1.0,-0.136665,1.4493,0.4737,212.0,1.0,1.0,-0.162738,1.9608,0.4444
2008,6,2008_06_OAK_NO,NO,OAK,34,3,dome,fieldturf,,,441.0,0.0,4.0,0.112278,6.25,0.8387,,,,,,
2008,6,2008_06_CIN_NYJ,NYJ,CIN,26,14,outdoors,fieldturf,67.0,7.0,252.0,3.0,4.0,-0.040037,6.3492,0.6944,171.0,1.0,1.0,-0.19978,1.6949,0.5263
2008,6,2008_06_CAR_TB,TB,CAR,27,3,outdoors,grass,84.0,8.0,315.0,0.0,2.0,0.051918,3.5088,0.75,282.0,3.0,1.0,-0.274451,1.6949,0.5128
2008,6,2008_06_STL_WAS,WAS,STL,17,19,outdoors,grass,72.0,2.0,368.0,3.0,3.0,-0.155724,4.918,0.6,,,,,,
2008,6,2008_06_JAX_DEN,DEN,JAX,17,24,outdoors,grass,43.0,6.0,323.0,3.0,2.0,-0.035252,3.3333,0.5676,416.0,2.0,3.0,0.091,4.2857,0.6944
2008,6,2008_06_DAL_ARI,ARI,DAL,30,24,closed,grass,,,276.0,3.0,3.0,0.003331,6.0,0.7097,374.0,1.0,4.0,-0.065877,6.25,0.5714
2008,6,2008_06_GB_SEA,SEA,GB,17,27,outdoors,fieldturf,56.0,0.0,177.0,2.0,2.0,-0.057744,4.0816,0.4615,313.0,1.0,3.0,0.109569,4.2254,0.6562
2008,6,2008_06_PHI_SF,SF,PHI,26,40,outdoors,grass,64.0,13.0,306.0,3.0,2.0,-0.16007,3.3333,0.5152,381.0,1.0,4.0,0.05907,7.0175,0.6389
2008,6,2008_06_NE_SD,SD,NE,30,10,outdoors,grass,69.0,8.0,,,,,,,299.0,1.0,1.0,-0.150388,1.4706,0.5238
2008,6,2008_06_NYG_CLE,CLE,NYG,35,14,outdoors,grass,71.0,0.0,456.0,0.0,3.0,0.240361,5.0,0.6,373.0,3.0,3.0,-0.031211,5.5556,0.6207
2008,7,2008_07_SD_BUF,BUF,SD,23,14,outdoors,astroplay,51.0,4.0,370.0,0.0,2.0,0.079073,3.2258,0.8333,,,,,,
2008,7,2008_07_NO_CAR,CAR,NO,30,7,outdoors,grass,65.0,12.0,336.0,0.0,3.0,0.156308,5.0,0.6087,343.0,2.0,1.0,-0.144313,1.6129,0.525
2008,7,2008_07_MIN_CHI,CHI,MIN,48,41,outdoors,grass,58.0,17.0,327.0,2.0,5.0,0.199543,8.9286,0.6176,439.0,4.0,6.0,0.14322,8.1081,0.5952
2008,7,2008_07_PIT_CIN,CIN,PIT,10,38,outdoors,fieldturf,56.0,3.0,212.0,1.0,1.0,-0.159138,1.4706,0.5217,375.0,0.0,5.0,0.253724,8.6207,0.6452
2008,7,2008_07_TEN_KC,KC,TEN,10,34,outdoors,grass,63.0,10.0,272.0,0.0,1.0,-0.043185,1.7544,0.575,455.0,0.0,4.0,0.343532,6.8966,0.6111
2008,7,2008_07_BAL_MIA,MIA,BAL,13,27,outdoors,grass,80.0,13.0,359.0,1.0,2.0,0.002159,3.4483,0.6667,357.0,1.0,2.0,0.219237,3.2787,0.6538
2008,7,2008_07_SF_NYG,NYG,SF,29,17,outdoors,fieldturf,51.0,14.0,273.0,0.0,4.0,-0.051678,6.3492,0.5161,253.0,3.0,1.0,-0.207868,2.0,0.4706
2008,7,2008_07_DAL_STL,STL,DAL,34,14,dome,fieldturf,,,,,,,,,341.0,4.0,2.0,-0.223925,3.3898,0.4595
2008,7,2008_07_DET_HOU,HOU,DET,28,21,open,grass,,,404.0,1.0,4.0,0.19196,5.8824,0.7647,328.0,0.0,2.0,0.193853,4.2553,0.4286
2008,7,2008_07_IND_GB,GB,IND,34,14,outdoors,grass,60.0,20.0,302.0,0.0,2.0,0.124668,3.1746,0.75,302.0,2.0,4.0,-0.101094,6.1538,0.5
2008,7,2008_07_NYJ_OAK,OAK,NYJ,16,13,outdoors,grass,59.0,8.0,,,,,,,418.0,2.0,1.0,-0.003511,1.3514,0.5122
2008,7,2008_07_CLE_WAS,WAS,CLE,14,11,outdoors,grass,59.0,5.0,351.0,1.0,2.0,-0.085774,3.3333,0.5833,238.0,0.0,1.0,-0.095051,1.4925,0.359
2008,7,2008_07_SEA_TB,TB,SEA,20,10,outdoors,grass,75.0,10.0,402.0,1.0,2.0,-0.003511,2.6667,0.7297,176.0,2.0,1.0,-0.18155,2.5641,0.5217
2008,7,2008_07_DEN_NE,NE,DEN,41,7,outdoors,fieldturf,40.0,0.0,404.0,0.0,5.0,0.269129,7.3529,0.6,275.0,5.0,1.0,-0.158309,1.7241,0.5938
2008,8,2008_08_OAK_BAL,BAL,OAK,29,10,outdoors,sportturf,65.0,6.0,375.0,1.0,3.0,0.04208,4.2254,0.52,,,,,,
2008,8,2008_08_ARI_CAR,CAR,ARI,27,23,outdoors,grass,70.0,0.0,351.0,1.0,3.0,0.105784,5.1724,0.6897,425.0,2.0,3.0,0.081705,4.4776,0.6792
2008,8,2008_08_TB_DAL,DAL,TB,13,9,outdoors,fieldturf,74.0,0.0,172.0,0.0,1.0,-0.090016,1.6129,0.5278,262.0,1.0,0.0,-0.108721,0.0,0.6
2008,8,2008_08_WAS_DET,DET,WAS,17,25,dome,fieldturf,,,274.0,0.0,3.0,-0.105672,5.8824,0.5833,439.0,1.0,1.0,0.052373,1.5385,0.7188
2008,8,2008_08_BUF_MIA,MIA,BUF,25,16,outdoors,grass,78.0,8.0,358.0,2.0,2.0,0.094686,3.4483,0.7097,339.0,3.0,1.0,0.009636,1.5625,0.5676
2008,8,2008_08_STL_NE,NE,STL,23,16,outdoors,fieldturf,61.0,7.0,348.0,2.0,2.0,-0.00287,3.0769,0.5833,,,,,,
2008,8,2008_08_SD_NO,NO,SD,37,32,outdoors,grass,54.0,9.0,409.0,0.0,5.0,0.294539,7.4627,0.7317,,,,,,
2008,8,2008_08_KC_NYJ,NYJ,KC,28,24,outdoors,fieldturf,59.0,5.0,420.0,3.0,5.0,0.019681,7.5758,0.6667,330.0,0.0,2.0,-0.0021,3.3333,0.625
2008,8,2008_08_ATL_PHI,PHI,ATL,27,14,outdoors,grass,63.0,10.0,432.0,2.0,3.0,0.128026,4.4118,0.5278,335.0,2.0,2.0,-0.015126,2.8571,0.5
2008,8,2008_08_CIN_HOU,HOU,CIN,35,6,open,grass,,,384.0,0.0,4.0,0.218329,6.6667,0.8276,253.0,3.0,1.0,-0.174216,1.7857,0.5882
2008,8,2008_08_CLE_JAX,JAX,CLE,17,23,outdoors,grass,72.0,12.0,380.0,1.0,2.0,0.002727,2.7027,0.5556,327.0,0.0,2.0,0.133327,3.8462,0.5
2008,8,2008_08_NYG_PIT,PIT,NYG,14,21,outdoors,dessograss,62.0,10.0,249.0,4.0,2.0,-0.185776,3.5714,0.3824,282.0,0.0,1.0,-0.031991,1.4925,0.5938
2008,8,2008_08_SEA_SF,SF,SEA,13,34,outdoors,grass,64.0,3.0,388.0,2.0,2.0,-0.126127,2.7397,0.5714,261.0,0.0,3.0,0.161337,5.5556,0.5769
2008,8,2008_08_IND_TEN,TEN,IND,31,21,outdoors,grass,45.0,10.0,283.0,0.0,3.0,0.132964,4.3478,0.6316,317.0,2.0,3.0,0.042926,4.7619,0.6341
2008,9,2008_09_NYJ_BUF,BUF,NYJ,17,26,outdoors,astroplay,49.0,15.0,292.0,3.0,2.0,-0.126532,3.5088,0.6,297.0,1.0,2.0,0.033427,3.7736,0.6786
2008,9,2008_09_DET_CHI,CHI,DET,27,23,outdoors,grass,60.0,9.0,320.0,2.0,3.0,-0.05277,4.6875,0.5,333.0,3.0,3.0,-0.066929,4.0,0.5714
2008,9,2008_09_JAX_CIN,CIN,JAX,21,19,outdoors,fieldturf,66.0,1.0,312.0,2.0,4.0,-0.062859,6.4516,0.6364,275.0,1.0,1.0,-0.058166,1.5873,0.5476
2008,9,2008_09_BAL_CLE,CLE,BAL,27,37,outdoors,grass,55.0,8.0,274.0,2.0,4.0,-0.082163,7.0175,0.5,429.0,0.0,3.0,0.084105,4.1667,0.5484
2008,9,2008_09_TB_KC,KC,TB,27,30,outdoors,grass,69.0,0.0,384.0,1.0,3.0,0.06142,4.7619,0.5556,425.0,4.0,3.0,0.098271,4.2254,0.6957
2008,9,2008_09_HOU_MIN,MIN,HOU,28,21,dome,fieldturf,,,345.0,1.0,5.0,-0.028484,8.9286,0.5238,389.0,3.0,2.0,-0.089813,3.0303,0.64
2008,9,2008_09_ARI_STL,STL,ARI,13,34,dome,fieldturf,,,,,,,,,510.0,0.0,3.0,0.077721,4.4118,0.6571
2008,9,2008_09_GB_TEN,TEN,GB,19,16,outdoors,grass,69.0,0.0,347.0,0.0,1.0,-0.008742,1.3333,0.4615,390.0,2.0,1.0,-0.003699,1.4493,0.4889
2008,9,2008_09_MIA_DEN,DEN,MIA,17,26,outdoors,grass,77.0,11.0,319.0,3.0,3.0,-0.090234,5.0847,0.5106,341.0,1.0,1.0,0.060745,1.3889,0.5349
2008,9,2008_09_DAL_NYG,NYG,DAL,35,14,outdoors,fieldturf,48.0,6.0,319.0,3.0,6.0,-0.012802,9.2308,0.5161,183.0,4.0,1.0,-0.285707,1.8182,0.4516
2008,9,2008_09_ATL_OAK,OAK,ATL,0,24,outdoors,grass,63.0,10.0,,,,,,,453.0,1.0,3.0,0.092395,3.6585,0.68
2008,9,2008_09_PHI_SEA,SEA,PHI,7,26,outdoors,fieldturf,58.0,13.0,233.0,0.0,1.0,-0.153522,1.8182,0.3939,419.0,1.0,2.0,0.127355,2.7778,0.6364
2008,9,2008_09_NE_IND,IND,NE,18,15,open,fieldturf,,,303.0,0.0,2.0,0.176731,3.9216,0.7,342.0,2.0,1.0,0.141024,1.4706,0.7429
2008,9,2008_09_PIT_WAS,WAS,PIT,6,23,outdoors,grass,51.0,0.0,221.0,2.0,0.0,-0.307799,0.0,0.48,224.0,1.0,3.0,-0.067462,4.918,0.375
2008,10,2008_10_DEN_CLE,CLE,DEN,30,34,outdoors,grass,56.0,6.0,399.0,1.0,3.0,0.191411,4.6875,0.6571,564.0,1.0,4.0,0.261953,5.6338,0.5581
2008,10,2008_10_NO_ATL,ATL,NO,34,20,dome,fieldturf,,,361.0,0.0,3.0,0.135389,5.0847,0.6957,521.0,3.0,3.0,-0.024683,3.9474,0.5254
2008,10,2008_10_TEN_CHI,CHI,TEN,14,21,outdoors,grass,37.0,16.0,243.0,1.0,2.0,-0.20788,3.1746,0.5128,304.0,1.0,3.0,-0.079103,4.2254,0.7143
2008,10,2008_10_JAX_DET,DET,JAX,14,38,dome,fieldturf,,,256.0,1.0,2.0,-0.157419,3.8462,0.44,384.0,0.0,5.0,0.233137,8.1967,0.6429
2008,10,2008_10_BAL_HOU,HOU,BAL,13,41,open,grass,,,355.0,4.0,1.0,-0.201235,1.7857,0.575,335.0,0.0,5.0,0.190674,7.3529,0.5714
2008,10,2008_10_SEA_MIA,MIA,SEA,21,19,outdoors,grass,78.0,15.0,361.0,1.0,4.0,0.02632,6.1538,0.5789,298.0,0.0,1.0,0.039284,1.5385,0.5
2008,10,2008_10_GB_MIN,MIN,GB,28,27,dome,fieldturf,,,361.0,3.0,5.0,-0.216176,7.0423,0.5,184.0,0.0,1.0,-0.225681,2.0833,0.5
2008,10,2008_10_BUF_NE,NE,BUF,20,10,outdoors,fieldturf,54.0,15.0,370.0,1.0,2.0,0.08196,2.5641,0.6571,168.0,2.0,1.0,-0.026269,2.3256,0.52
2008,10,2008_10_STL_NYJ,NYJ,STL,47,3,outdoors,fieldturf,53.0,14.0,373.0,0.0,4.0,0.228718,6.4516,0.7368,,,,,,
2008,10,2008_10_CAR_OAK,OAK,CAR,6,17,outdoors,grass,62.0,12.0,,,,,,,219.0,4.0,2.0,-0.243621,3.5088,0.2414
2008,10,2008_10_IND_PIT,PIT,IND,20,24,outdoors,dessograss,44.0,11.0,326.0,3.0,2.0,0.027518,2.8571,0.6818,290.0,0.0,3.0,0.098265,4.918,0.5
2008,10,2008_10_KC_SD,SD,KC,20,19,outdoors,grass,62.0,24.0,,,,,,,339.0,0.0,3.0,0.133251,4.8387,0.6136
2008,10,2008_10_NYG_PHI,PHI,NYG,31,36,outdoors,grass,48.0,5.0,300.0,2.0,4.0,-0.004594,7.0175,0.4722,401.0,2.0,4.0,0.100506,5.1282,0.5152
2008,10,2008_10_SF_ARI,ARI,SF,29,24,open,grass,,,374.0,0.0,3.0,0.055784,4.8387,0.7442,336.0,3.0,3.0,0.00167,4.4118,0.475
2008,11,2008_11_NYJ_NE,NE,NYJ,31,34,outdoors,fieldturf,44.0,6.0,513.0,1.0,3.0,0.16484,3.75,0.5455,375.0,1.0,4.0,0.222804,5.3333,0.7222
2008,11,2008_11_DEN_ATL,ATL,DEN,20,24,dome,fieldturf,,,364.0,1.0,2.0,0.060717,2.9412,0.6061,332.0,0.0,3.0,0.160559,5.6604,0.6786
2008,11,2008_11_DET_CAR,CAR,DET,31,22,outdoors,grass,54.0,10.0,362.0,1.0,4.0,0.114305,7.8431,0.5263,316.0,4.0,2.0,0.000684,2.7397,0.5263
2008,11,2008_11_PHI_CIN,CIN,PHI,13,13,outdoors,fieldturf,38.0,15.0,282.0,1.0,1.0,-0.204556,1.2195,0.5577,391.0,4.0,1.0,-0.190701,1.2821,0.4667
2008,11,2008_11_CHI_GB,GB,CHI,37,3,outdoors,grass,33.0,15.0,427.0,1.0,3.0,0.22189,4.4118,0.7667,234.0,1.0,1.0,-0.210544,1.8519,0.5
2008,11,2008_11_HOU_IND,IND,HOU,33,27,closed,fieldturf,,,474.0,0.0,3.0,0.214562,3.75,0.6522,356.0,1.0,3.0,0.296134,6.6667,0.65
2008,11,2008_11_NO_KC,KC,NO,20,30,outdoors,grass,53.0,10.0,330.0,1.0,2.0,0.049224,3.0303,0.4524,369.0,1.0,3.0,0.227984,4.6875,0.6944
2008,11,2008_11_OAK_MIA,MIA,OAK,17,15,outdoors,grass,67.0,11.0,382.0,1.0,3.0,-0.037163,5.0,0.64,,,,,,
2008,11,2008_11_BAL_NYG,NYG,BAL,30,10,outdoors,fieldturf,49.0,19.0,353.0,1.0,3.0,0.105604,5.2632,0.5417,275.0,2.0,2.0,-0.139202,3.3333,0.5882
2008,11,2008_11_MIN_TB,TB,MIN,19,13,outdoors,grass,62.0,10.0,363.0,1.0,1.0,-0.026335,1.5625,0.7419,210.0,2.0,1.0,-0.109622,1.9231,0.5385
2008,11,2008_11_ARI_SEA,SEA,ARI,20,26,outdoors,fieldturf,52.0,3.0,196.0,5.0,3.0,0.01107,5.5556,0.5312,458.0,2.0,2.0,0.108582,2.8571,0.6957
2008,11,2008_11_STL_SF,SF,STL,35,16,outdoors,grass,75.0,5.0,334.0,2.0,5.0,0.093592,8.4746,0.6522,,,,,,
2008,11,2008_11_TEN_JAX,JAX,TEN,14,24,outdoors,grass,60.0,10.0,257.0,1.0,2.0,-0.111144,3.0303,0.3824,344.0,1.0,3.0,0.041159,5.2632,0.5417
2008,11,2008_11_SD_PIT,PIT,SD,11,10,outdoors,dessograss,35.0,14.0,410.0,0.0,0.0,-0.061036,0.0,0.6889,,,,,,
2008,11,2008_11_DAL_WAS,WAS,DAL,10,14,outdoors,grass,44.0,7.0,228.0,1.0,1.0,-0.125058,1.7857,0.5789,315.0,2.0,2.0,-0.039443,3.6364,0.7037
2008,11,2008_11_CLE_BUF,BUF,CLE,27,29,outdoors,astroplay,30.0,9.0,334.0,4.0,3.0,0.05386,4.6875,0.6154,337.0,0.0,2.0,0.121641,3.125,0.3784
2008,12,2008_12_CIN_PIT,PIT,CIN,27,10,outdoors,dessograss,32.0,11.0,364.0,0.0,3.0,0.118522,4.4776,0.5667,208.0,2.0,1.0,-0.106603,1.7241,0.5263
2008,12,2008_12_PHI_BAL,BAL,PHI,36,7,outdoors,sportturf,39.0,5.0,248.0,0.0,3.0,-0.065684,4.3478,0.4138,206.0,5.0,2.0,-0.430396,3.125,0.4186
2008,12,2008_12_HOU_CLE,CLE,HOU,6,16,outdoors,grass,30.0,12.0,240.0,5.0,0.0,-0.331667,0.0,0.4062,383.0,2.0,1.0,-0.130976,1.4493,0.7273
2008,12,2008_12_SF_DAL,DAL,SF,35,22,outdoors,fieldturf,64.0,0.0,408.0,1.0,3.0,0.093829,4.3478,0.575,304.0,2.0,2.0,-0.016121,3.7736,0.5526
2008,12,2008_12_TB_DET,DET,TB,20,38,dome,fieldturf,,,207.0,4.0,3.0,-0.38969,5.7692,0.3333,255.0,2.0,4.0,-0.102895,7.1429,0.5417
2008,12,2008_12_MIN_JAX,JAX,MIN,12,30,outdoors,grass,66.0,5.0,321.0,5.0,2.0,-0.24707,3.1746,0.551,226.0,1.0,2.0,0.00462,3.5088,0.5217
2008,12,2008_12_BUF_KC,KC,BUF,31,54,outdoors,grass,50.0,10.0,462.0,5.0,5.0,-0.039003,9.0909,0.5714,444.0,0.0,5.0,0.264996,7.1429,0.75
2008,12,2008_12_NE_MIA,MIA,NE,28,48,outdoors,grass,73.0,14.0,392.0,1.0,4.0,0.091675,6.4516,0.5581,530.0,2.0,6.0,0.365725,8.5714,0.6667
2008,12,2008_12_CHI_STL,STL,CHI,3,27,dome,fieldturf,,,,,,,,,334.0,2.0,3.0,0.014823,4.8387,0.6
2008,12,2008_12_NYJ_TEN,TEN,NYJ,13,34,outdoors,grass,52.0,6.0,281.0,1.0,1.0,-0.046748,1.9608,0.525,409.0,2.0,4.0,0.238766,5.4795,0.7353
2008,12,2008_12_OAK_DEN,DEN,OAK,10,31,outdoors,grass,47.0,15.0,319.0,2.0,2.0,-0.097696,3.0769,0.4324,,,,,,
2008,12,2008_12_NYG_ARI,ARI,NYG,29,37,closed,grass,,,371.0,2.0,3.0,0.121376,4.3478,0.5926,321.0,0.0,4.0,0.265603,6.5574,0.7647
2008,12,2008_12_CAR_ATL,ATL,CAR,45,28,dome,fieldturf,,,392.0,1.0,5.0,0.200749,8.1967,0.6071,410.0,0.0,4.0,0.025167,6.1538,0.5526
2008,12,2008_12_WAS_SEA,SEA,WAS,17,20,outdoors,fieldturf,49.0,4.0,228.0,2.0,2.0,-0.031414,4.3478,0.4615,386.0,1.0,2.0,0.044095,2.6316,0.5714
2008,12,2008_12_IND_SD,SD,IND,20,23,outdoors,grass,58.0,8.0,,,,,,,341.0,1.0,2.0,0.188181,2.9412,0.7111
2008,12,2008_12_GB_NO,NO,GB,51,29,dome,fieldturf,,,416.0,1.0,7.0,0.276627,12.7273,0.7143,345.0,3.0,4.0,-0.008403,5.3333,0.5227
2008,13,2008_13_TEN_DET,DET,TEN,10,47,dome,fieldturf,,,154.0,2.0,2.0,-0.384847,4.3478,0.4375,456.0,2.0,4.0,0.208302,6.0606,0.6
2008,13,2008_13_SEA_DAL,DAL,SEA,34,9,outdoors,fieldturf,69.0,0.0,447.0,1.0,4.0,0.243966,6.8966,0.6471,322.0,2.0,0.0,-0.049112,0.0,0.4889
2008,13,2008_13_ARI_PHI,PHI,ARI,48,20,outdoors,grass,41.0,5.0,437.0,0.0,6.0,0.237394,7.5,0.675,260.0,5.0,3.0,-0.057538,6.0,0.525
2008,13,2008_13_SF_BUF,BUF,SF,3,10,outdoors,astroplay,38.0,15.0,350.0,1.0,0.0,-0.179049,0.0,0.5122,195.0,1.0,1.0,-0.099883,1.8182,0.5385
2008,13,2008_13_BAL_CIN,CIN,BAL,3,34,outdoors,fieldturf,42.0,3.0,155.0,1.0,1.0,-0.370749,1.8868,0.3243,451.0,0.0,3.0,0.104033,4.0,0.625
2008,13,2008_13_IND_CLE,CLE,IND,6,10,outdoors,grass,36.0,15.0,193.0,2.0,1.0,-0.181711,1.5625,0.5,215.0,3.0,0.0,-0.126922,0.0,0.7143
2008,13,2008_13_CAR_GB,GB,CAR,31,35,outdoors,grass,37.0,10.0,440.0,2.0,3.0,0.118519,3.8961,0.6042,300.0,1.0,5.0,0.272262,10.8696,0.6316
2008,13,2008_13_MIA_STL,STL,MIA,12,16,dome,fieldturf,,,,,,,,,327.0,1.0,1.0,-0.062071,1.6949,0.5833
2008,13,2008_13_NO_TB,TB,NO,23,20,outdoors,grass,73.0,30.0,254.0,1.0,2.0,-0.084742,3.2787,0.3333,332.0,3.0,2.0,-0.095852,3.0303,0.5208
2008,13,2008_13_NYG_WAS,WAS,NYG,7,23,outdoors,grass,40.0,10.0,320.0,2.0,1.0,-0.146778,1.6393,0.5581,404.0,1.0,2.0,0.099401,2.8169,0.5833
2008,13,2008_13_ATL_SD,SD,ATL,16,22,outdoors,grass,73.0,8.0,,,,,,,348.0,2.0,3.0,0.021343,4.5455,0.7391
2008,13,2008_13_PIT_NE,NE,PIT,10,33,outdoors,fieldturf,34.0,3.0,267.0,5.0,1.0,-0.3204,1.5625,0.4318,333.0,1.0,3.0,0.021449,4.4118,0.5
2008,13,2008_13_DEN_NYJ,NYJ,DEN,17,34,outdoors,fieldturf,36.0,10.0,383.0,2.0,3.0,-0.057541,4.6875,0.5111,484.0,1.0,3.0,0.18013,4.4118,0.6279
2008,13,2008_13_KC_OAK,OAK,KC,13,20,outdoors,grass,59.0,6.0,,,,,,,301.0,1.0,1.0,-0.057571,1.6667,0.6522
2008,13,2008_13_CHI_MIN,MIN,CHI,34,14,dome,fieldturf,,,378.0,1.0,4.0,-0.063739,6.0606,0.5926,228.0,3.0,2.0,-0.306012,3.4483,0.3438
2008,13,2008_13_JAX_HOU,HOU,JAX,30,17,open,grass,,,326.0,1.0,3.0,0.05872,5.8824,0.56,388.0,3.0,2.0,-0.110414,3.125,0.6579
2008,14,2008_14_OAK_SD,SD,OAK,34,7,outdoors,grass,62.0,8.0,,,,,,,,,,,,
2008,14,2008_14_JAX_CHI,CHI,JAX,23,10,outdoors,grass,19.0,8.0,296.0,1.0,2.0,-0.017253,3.2787,0.5714,278.0,1.0,1.0,-0.146729,1.4493,0.4634
2008,14,2008_14_MIN_DET,DET,MIN,16,20,dome,fieldturf,,,267.0,0.0,1.0,-0.002573,1.8182,0.5,298.0,2.0,2.0,0.080171,3.7037,0.6818
2008,14,2008_14_HOU_GB,GB,HOU,21,24,outdoors,grass,3.0,3.0,387.0,2.0,3.0,0.11361,5.7692,0.5938,551.0,3.0,2.0,0.158496,2.6667,0.6364
2008,14,2008_14_CIN_IND,IND,CIN,35,3,closed,fieldturf,,,334.0,1.0,4.0,0.166041,7.6923,0.8125,252.0,4.0,1.0,-0.288946,1.6393,0.5946
2008,14,2008_14_ATL_NO,NO,ATL,29,25,dome,fieldturf,,,414.0,0.0,3.0,0.206356,4.7619,0.5625,416.0,1.0,3.0,0.185099,4.6875,0.7059
2008,14,2008_14_PHI_NYG,NYG,PHI,14,20,outdoors,fieldturf,35.0,21.0,211.0,0.0,1.0,-0.107621,1.9608,0.4815,331.0,0.0,3.0,0.02484,4.1667,0.6129
2008,14,2008_14_CLE_TEN,TEN,CLE,28,9,outdoors,grass,32.0,6.0,390.0,3.0,4.0,-0.043018,6.0606,0.6087,178.0,1.0,0.0,-0.236428,0.0,0.4889
2008,14,2008_14_MIA_BUF,BUF,MIA,3,16,dome,fieldturf,,,163.0,2.0,0.0,-0.179666,0.0,0.4194,295.0,0.0,1.0,0.03785,1.5625,0.7667
2008,14,2008_14_KC_DEN,DEN,KC,24,17,outdoors,grass,64.0,4.0,425.0,1.0,4.0,0.109026,5.7143,0.8,260.0,0.0,1.0,0.055877,1.9608,0.5152
2008,14,2008_14_NE_SEA,SEA,NE,21,24,outdoors,fieldturf,50.0,3.0,339.0,1.0,3.0,0.149878,5.4545,0.6897,346.0,0.0,2.0,0.203286,2.7397,0.5417
2008,14,2008_14_NYJ_SF,SF,NYJ,24,14,outdoors,grass,52.0,0.0,375.0,2.0,3.0,0.092438,4.0541,0.6829,182.0,1.0,2.0,8.6e-05,4.3478,0.5882
2008,14,2008_14_STL_ARI,ARI,STL,34,10,open,grass,,,335.0,1.0,2.0,0.03796,3.5714,0.7059,,,,,,
2008,14,2008_14_DAL_PIT,PIT,DAL,20,13,outdoors,dessograss,22.0,16.0,238.0,3.0,1.0,-0.224414,1.5625,0.4474,289.0,4.0,2.0,-0.325793,3.0769,0.4872
2008,14,2008_14_WAS_BAL,BAL,WAS,24,10,outdoors,sportturf,29.0,20.0,281.0,2.0,2.0,-0.138156,3.3333,0.4762,254.0,3.0,2.0,-0.265777,3.3333,0.5385
2008,14,2008_14_TB_CAR,CAR,TB,38,23,outdoors,grass,38.0,4.0,464.0,2.0,5.0,0.330488,8.6207,0.6667,384.0,0.0,3.0,0.135586,4.4776,0.5581
2008,15,2008_15_NO_CHI,CHI,NO,27,24,outdoors,grass,28.0,11.0,226.0,3.0,3.0,-0.019739,4.8387,0.5714,345.0,2.0,3.0,-0.003956,3.9474,0.5455
2008,15,2008_15_TB_ATL,ATL,TB,13,10,dome,fieldturf,,,373.0,3.0,1.0,-0.142038,1.4925,0.625,325.0,1.0,1.0,-0.166896,1.4925,0.6341
2008,15,2008_15_WAS_CIN,CIN,WAS,20,13,outdoors,fieldturf,49.0,15.0,310.0,0.0,2.0,0.054574,3.125,0.5161,280.0,2.0,1.0,-0.027767,1.6667,0.6071
2008,15,2008_15_TEN_HOU,HOU,TEN,13,12,open,grass,,,375.0,1.0,1.0,-0.111424,1.4085,0.5476,281.0,2.0,0.0,-0.128782,0.0,0.4545
2008,15,2008_15_DET_IND,IND,DET,31,21,closed,fieldturf,,,421.0,0.0,4.0,0.270254,5.9701,0.7368,325.0,4.0,2.0,0.199087,3.5088,0.6571
2008,15,2008_15_GB_JAX,JAX,GB,20,16,outdoors,grass,67.0,6.0,323.0,0.0,3.0,0.127247,5.4545,0.6,338.0,1.0,1.0,0.08045,1.5873,0.5714
2008,15,2008_15_SD_KC,KC,SD,21,22,outdoors,grass,36.0,25.0,277.0,2.0,3.0,-0.072102,5.0,0.6897,,,,,,
2008,15,2008_15_SF_MIA,MIA,SF,14,9,outdoors,grass,77.0,17.0,248.0,0.0,2.0,0.018634,4.7619,0.6,318.0,0.0,0.0,-0.015127,0.0,0.5769
2008,15,2008_15_BUF_NYJ,NYJ,BUF,31,27,outdoors,fieldturf,40.0,20.0,372.0,2.0,3.0,0.02062,5.5556,0.5667,306.0,4.0,4.0,0.006203,5.4054,0.5714
2008,15,2008_15_SEA_STL,STL,SEA,20,23,dome,fieldturf,,,,,,,,,333.0,2.0,1.0,-0.006836,1.8182,0.5357
2008,15,2008_15_MIN_ARI,ARI,MIN,14,35,open,grass,,,316.0,2.0,2.0,-0.293779,3.2787,0.5926,396.0,1.0,5.0,0.034365,7.8125,0.55
2008,15,2008_15_PIT_BAL,BAL,PIT,9,13,outdoors,sportturf,45.0,14.0,202.0,2.0,0.0,-0.195015,0.0,0.3667,311.0,2.0,1.0,-0.128155,1.4286,0.5116
2008,15,2008_15_DEN_CAR,CAR,DEN,30,10,outdoors,grass,46.0,5.0,400.0,1.0,3.0,0.13679,5.3571,0.6538,279.0,2.0,1.0,-0.116055,1.6949,0.5833
2008,15,2008_15_NE_OAK,OAK,NE,26,49,outdoors,grass,44.0,15.0,,,,,,,487.0,1.0,7.0,0.372621,9.8592,0.5625
2008,15,2008_15_NYG_DAL,DAL,NYG,20,8,outdoors,fieldturf,71.0,0.0,321.0,0.0,3.0,0.067421,5.3571,0.5714,218.0,2.0,0.0,-0.078805,0.0,0.4186
2008,15,2008_15_CLE_PHI,PHI,CLE,30,10,outdoors,grass,58.0,12.0,418.0,3.0,3.0,-0.024855,4.1096,0.65,196.0,2.0,1.0,-0.29523,1.9608,0.3548
2008,16,2008_16_IND_JAX,JAX,IND,24,31,outdoors,grass,66.0,4.0,409.0,1.0,4.0,0.123687,5.6338,0.6364,396.0,0.0,3.0,0.275918,5.7692,0.8529
2008,16,2008_16_BAL_DAL,DAL,BAL,24,33,outdoors,fieldturf,45.0,0.0,327.0,2.0,3.0,0.024455,4.4118,0.5106,388.0,1.0,3.0,0.164593,4.5455,0.5667
2008,16,2008_16_CIN_CLE,CLE,CIN,0,14,outdoors,grass,18.0,26.0,182.0,4.0,1.0,-0.397807,1.8519,0.48,246.0,1.0,1.0,-0.158181,1.8182,0.5556
2008,16,2008_16_NO_DET,DET,NO,7,42,dome,fieldturf,,,255.0,2.0,1.0,-0.058138,1.8182,0.3929,532.0,1.0,6.0,0.445754,8.5714,0.75
2008,16,2008_16_MIA_KC,KC,MIA,31,38,outdoors,grass,10.0,20.0,492.0,4.0,4.0,0.075963,6.1538,0.4545,403.0,2.0,5.0,0.207086,7.8125,0.7647
2008,16,2008_16_ARI_NE,NE,ARI,47,7,outdoors,fieldturf,30.0,10.0,514.0,0.0,5.0,0.201177,6.1728,0.5385,186.0,2.0,1.0,-0.286491,2.0,0.3429
2008,16,2008_16_SF_STL,STL,SF,16,17,dome,fieldturf,,,,,,,,,273.0,4.0,2.0,-0.089156,3.6364,0.4737
2008,16,2008_16_SD_TB,TB,SD,24,41,outdoors,grass,72.0,10.0,342.0,3.0,4.0,0.005372,6.25,0.5676,,,,,,
2008,16,2008_16_PIT_TEN,TEN,PIT,31,14,outdoors,grass,29.0,11.0,323.0,0.0,3.0,0.034174,4.918,0.6667,374.0,4.0,3.0,-0.151966,4.3478,0.5778
2008,16,2008_16_BUF_DEN,DEN,BUF,23,30,outdoors,grass,17.0,8.0,532.0,2.0,2.0,0.145452,2.7397,0.5435,275.0,0.0,3.0,0.323031,5.7692,0.6538
2008,16,2008_16_HOU_OAK,OAK,HOU,27,16,outdoors,grass,48.0,6.0,,,,,,,324.0,1.0,2.0,-0.090239,3.2787,0.4872
2008,16,2008_16_NYJ_SEA,SEA,NYJ,13,3,outdoors,fieldturf,31.0,11.0,295.0,2.0,1.0,-0.046861,1.6393,0.72,265.0,2.0,0.0,-0.162143,0.0,0.5143
2008,16,2008_16_ATL_MIN,MIN,ATL,17,24,dome,fieldturf,,,350.0,3.0,2.0,-0.065449,2.8571,0.5641,222.0,1.0,3.0,0.051325,5.1724,0.5
2008,16,2008_16_PHI_WAS,WAS,PHI,10,3,outdoors,grass,42.0,17.0,249.0,0.0,1.0,-0.135823,1.4706,0.5,275.0,1.0,0.0,-0.240239,0.0,0.5417
2008,16,2008_16_CAR_NYG,NYG,CAR,34,28,outdoors,fieldturf,34.0,18.0,461.0,0.0,4.0,0.228648,5.5556,0.5484,343.0,0.0,4.0,0.241379,7.4074,0.5789
2008,16,2008_16_GB_CHI,CHI,GB,20,17,outdoors,grass,2.0,9.0,210.0,3.0,2.0,0.014152,3.5714,0.4667,325.0,1.0,2.0,0.004339,2.9412,0.6154
2008,17,2008_17_STL_ATL,ATL,STL,31,27,dome,fieldturf,,,417.0,3.0,4.0,0.067793,7.4074,0.4545,,,,,,
2008,17,2008_17_NE_BUF,BUF,NE,0,13,outdoors,astroplay,39.0,30.0,276.0,1.0,0.0,-0.224391,0.0,0.5185,241.0,0.0,1.0,-0.009921,1.7857,0.6667
2008,17,2008_17_KC_CIN,CIN,KC,16,6,outdoors,fieldturf,43.0,17.0,329.0,0.0,1.0,0.066956,1.4286,0.5806,220.0,1.0,1.0,-0.064311,1.8868,0.5
2008,17,2008_17_DET_GB,GB,DET,31,21,outdoors,grass,22.0,13.0,484.0,1.0,4.0,0.145876,6.4516,0.6,316.0,2.0,3.0,0.021128,4.1667,0.5116
2008,17,2008_17_CHI_HOU,HOU,CHI,31,24,open,grass,,,455.0,1.0,4.0,0.120222,5.5556,0.75,294.0,1.0,3.0,0.082073,5.2632,0.5641
2008,17,2008_17_TEN_IND,IND,TEN,23,0,closed,fieldturf,,,390.0,0.0,2.0,0.120798,3.0769,0.7632,125.0,0.0,0.0,-0.30019,0.0,0.55
2008,17,2008_17_NYG_MIN,MIN,NYG,20,19,dome,fieldturf,,,328.0,1.0,2.0,0.049393,3.6364,0.5714,357.0,0.0,1.0,0.066996,1.6129,0.5938
2008,17,2008_17_CAR_NO,NO,CAR,31,33,dome,fieldturf,,,417.0,2.0,5.0,0.076388,8.0645,0.5882,478.0,0.0,2.0,0.153055,3.1746,0.6667
2008,17,2008_17_CLE_PIT,PIT,CLE,31,0,outdoors,dessograss,48.0,22.0,369.0,1.0,3.0,0.046432,4.8387,0.6296,126.0,2.0,1.0,-0.435171,2.0,0.2857
2008,17,2008_17_OAK_TB,TB,OAK,24,31,outdoors,grass,77.0,5.0,380.0,1.0,3.0,0.017765,5.0,0.5,,,,,,
2008,17,2008_17_SEA_ARI,ARI,SEA,34,21,closed,grass,,,457.0,2.0,4.0,0.124589,6.8966,0.6154,330.0,3.0,3.0,-0.034982,4.1667,0.5455
2008,17,2008_17_JAX_BAL,BAL,JAX,27,7,outdoors,sportturf,62.0,18.0,431.0,0.0,3.0,0.05353,4.8387,0.6429,245.0,4.0,1.0,-0.235169,1.8868,0.5385
2008,17,2008_17_MIA_NYJ,NYJ,MIA,17,24,outdoors,fieldturf,65.0,15.0,329.0,4.0,3.0,-0.113636,4.7619,0.5,319.0,1.0,2.0,0.009613,3.2787,0.6875
2008,17,2008_17_DAL_PHI,PHI,DAL,44,6,outdoors,grass,62.0,17.0,303.0,1.0,3.0,0.097613,5.1724,0.5455,298.0,5.0,2.0,-0.375379,3.125,0.5111
2008,17,2008_17_WAS_SF,SF,WAS,27,24,outdoors,grass,50.0,5.0,359.0,1.0,3.0,0.105697,5.2632,0.6774,268.0,1.0,3.0,0.075902,4.6154,0.5806
2008,17,2008_17_DEN_SD,SD,DEN,52,21,outdoors,grass,58.0,8.0,,,,,,,408.0,2.0,3.0,0.098015,5.0,0.6735
2008,18,2008_18_ATL_ARI,ARI,ATL,30,24,closed,grass,,,357.0,1.0,3.0,-0.091187,5.0,0.5938,250.0,3.0,4.0,-0.116635,5.9701,0.6047
2008,18,2008_18_IND_SD,SD,IND,23,17,outdoors,grass,53.0,8.0,,,,,,,366.0,0.0,2.0,0.052317,3.0769,0.5814
2008,18,2008_18_BAL_MIA,MIA,BAL,9,27,outdoors,grass,79.0,16.0,276.0,5.0,2.0,-0.293934,3.2258,0.6098,286.0,1.0,2.0,-0.028185,3.5714,0.3913
2008,18,2008_18_PHI_MIN,MIN,PHI,14,26,dome,fieldturf,,,301.0,2.0,3.0,-0.17347,4.2857,0.4167,350.0,2.0,1.0,0.008463,1.6667,0.6216
2008,19,2008_19_BAL_TEN,TEN,BAL,10,13,outdoors,grass,53.0,11.0,391.0,3.0,1.0,-0.112375,1.4085,0.6047,211.0,0.0,1.0,-0.059784,1.9231,0.5
2008,19,2008_19_ARI_CAR,CAR,ARI,13,33,outdoors,grass,45.0,10.0,269.0,6.0,2.0,-0.267364,3.8462,0.4595,360.0,1.0,3.0,0.062223,3.9474,0.6364
2008,19,2008_19_PHI_NYG,NYG,PHI,11,23,outdoors,fieldturf,30.0,20.0,307.0,3.0,0.0,-0.237349,0.0,0.5172,276.0,2.0,2.0,-0.031211,2.9412,0.55
2008,19,2008_19_SD_PIT,PIT,SD,35,24,outdoors,dessograss,26.0,5.0,342.0,1.0,4.0,0.147917,5.7143,0.6071,,,,,,
2008,20,2008_20_PHI_ARI,ARI,PHI,32,25,closed,grass,,,371.0,0.0,4.0,0.20954,6.6667,0.6774,454.0,4.0,3.0,0.150805,4.4118,0.56
2008,20,2008_20_BAL_PIT,PIT,BAL,23,14,outdoors,dessograss,26.0,12.0,275.0,1.0,1.0,-0.171133,1.5385,0.4324,198.0,4.0,3.0,-0.303429,5.1724,0.3939
2008,21,2008_21_PIT_ARI,ARI,PIT,23,27,outdoors,grass,66.0,1.0,407.0,2.0,4.0,0.058689,7.0175,0.6889,292.0,1.0,2.0,0.10698,3.4483,0.6562
2009,1,2009_01_TEN_PIT,PIT,TEN,13,10,outdoors,dessograss,67.0,9.0,357.0,3.0,1.0,-0.055228,1.4286,0.7021,320.0,2.0,1.0,-0.089824,1.6393,0.6111
2009,1,2009_01_MIA_ATL,ATL,MIA,19,7,dome,fieldturf,,,281.0,0.0,2.0,-0.134627,3.0769,0.5789,259.0,4.0,1.0,-0.337283,1.7857,0.6176
2009,1,2009_01_KC_BAL,BAL,KC,38,24,outdoors,sportturf,76.0,5.0,501.0,1.0,6.0,0.099121,7.0588,0.5909,188.0,0.0,2.0,-0.024547,4.5455,0.5926
2009,1,2009_01_PHI_CAR,CAR,PHI,10,38,outdoors,grass,82.0,5.0,169.0,7.0,3.0,-0.49183,4.3478,0.359,267.0,2.0,3.0,-0.141634,4.7619,0.5484
2009,1,2009_01_DEN_CIN,CIN,DEN,7,12,outdoors,fieldturf,73.0,7.0,307.0,2.0,1.0,-0.121206,1.5873,0.5833,302.0,0.0,1.0,-0.043827,1.9231,0.5312
2009,1,2009_01_MIN_CLE,CLE,MIN,20,34,outdoors,grass,70.0,6.0,268.0,2.0,1.0,-0.145814,1.6667,0.525,310.0,0.0,5.0,0.072128,7.9365,0.5385
2009,1,2009_01_NYJ_HOU,HOU,NYJ,7,24,closed,grass,,,183.0,2.0,0.0,-0.288499,0.0,0.5143,462.0,1.0,4.0,0.026613,5.4795,0.5806
2009,1,2009_01_JAX_IND,IND,JAX,14,12,open,fieldturf,,,365.0,2.0,2.0,-0.06023,2.8571,0.7179,228.0,0.0,1.0,-0.064038,1.7857,0.4828
2009,1,2009_01_DET_NO,NO,DET,45,27,dome,fieldturf,,,515.0,2.0,7.0,0.085172,10.1449,0.7647,231.0,4.0,2.0,-0.09169,3.4483,0.4211
2009,1,2009_01_DAL_TB,TB,DAL,21,34,outdoors,grass,85.0,6.0,450.0,0.0,3.0,0.091541,4.1096,0.5952,462.0,0.0,4.0,0.373225,7.6923,0.5714
2009,1,2009_01_SF_ARI,ARI,SF,16,20,closed,grass,,,299.0,2.0,1.0,-0.157113,1.5625,0.5532,203.0,1.0,2.0,-0.087972,3.3333,0.5143
2009,1,2009_01_WAS_NYG,NYG,WAS,23,17,outdoors,fieldturf,80.0,8.0,351.0,2.0,1.0,0.029505,1.6393,0.6667,272.0,2.0,3.0,-0.057626,6.0,0.6552
2009,1,2009_01_STL_SEA,SEA,STL,28,0,outdoors,fieldturf,73.0,5.0,446.0,3.0,4.0,0.099211,5.7143,0.6944,,,,,,
2009,1,2009_01_CHI_GB,GB,CHI,21,15,outdoors,grass,76.0,0.0,228.0,0.0,2.0,-0.104264,3.6364,0.5152,352.0,4.0,1.0,-0.147651,1.4493,0.4474
2009,1,2009_01_BUF_NE,NE,BUF,25,24,outdoors,fieldturf,70.0,5.0,441.0,1.0,4.0,0.041521,5.0633,0.6964,276.0,1.0,2.0,0.072235,4.1667,0.5172
2009,1,2009_01_SD_OAK,OAK,SD,20,24,outdoors,grass,63.0,12.0,,,,,,,,,,,,
2009,2,2009_02_CAR_ATL,ATL,CAR,28,20,dome,fieldturf,,,371.0,2.0,4.0,0.144912,6.25,0.7778,440.0,2.0,2.0,0.080432,2.9851,0.5952
2009,2,2009_02_MIN_DET,DET,MIN,13,27,dome,fieldturf,,,265.0,3.0,1.0,-0.213416,1.5152,0.5625,265.0,1.0,3.0,0.009531,5.3571,0.7742
2009,2,2009_02_CIN_GB,GB,CIN,24,31,outdoors,grass,68.0,7.0,311.0,1.0,2.0,-0.076137,3.1746,0.4667,319.0,2.0,5.0,0.038595,8.4746,0.6
2009,2,2009_02_ARI_JAX,JAX,ARI,17,31,outdoors,grass,83.0,8.0,372.0,4.0,3.0,-0.104327,4.4776,0.4894,383.0,1.0,3.0,0.110672,5.0,0.8438
2009,2,2009_02_OAK_KC,KC,OAK,10,13,outdoors,grass,72.0,5.0,409.0,2.0,1.0,-0.068949,1.2658,0.5854,,,,,,
2009,2,2009_02_NE_NYJ,NYJ,NE,16,9,outdoors,fieldturf,69.0,5.0,254.0,1.0,1.0,-0.066214,1.8182,0.5833,299.0,1.0,0.0,-0.11261,0.0,0.4894
2009,2,2009_02_NO_PHI,PHI,NO,22,48,outdoors,grass,68.0,2.0,463.0,4.0,3.0,-0.103537,4.0,0.5741,421.0,1.0,5.0,0.250726,7.6923,0.6944
2009,2,2009_02_HOU_TEN,TEN,HOU,31,34,outdoors,grass,77.0,13.0,449.0,2.0,4.0,0.095704,6.6667,0.6176,420.0,0.0,4.0,0.163472,5.8824,0.641
2009,2,2009_02_STL_WAS,WAS,STL,9,7,outdoors,grass,72.0,7.0,362.0,1.0,0.0,-0.058832,0.0,0.6216,,,,,,
2009,2,2009_02_TB_BUF,BUF,TB,33,20,outdoors,astroplay,74.0,4.0,438.0,2.0,2.0,0.022311,2.9412,0.6364,353.0,2.0,4.0,-0.110348,5.5556,0.4906
2009,2,2009_02_SEA_SF,SF,SEA,23,10,outdoors,grass,68.0,0.0,379.0,0.0,2.0,0.11117,3.3333,0.6129,283.0,1.0,1.0,-0.043354,1.5385,0.5952
2009,2,2009_02_PIT_CHI,CHI,PIT,17,14,outdoors,grass,70.0,13.0,275.0,0.0,2.0,0.091171,3.5088,0.6923,308.0,2.0,2.0,0.078815,3.3898,0.6216
2009,2,2009_02_CLE_DEN,DEN,CLE,27,6,outdoors,grass,82.0,9.0,449.0,1.0,3.0,0.051502,4.0541,0.5135,200.0,3.0,0.0,-0.231035,0.0,0.5143
2009,2,2009_02_BAL_SD,SD,BAL,26,31,outdoors,grass,83.0,8.0,,,,,,,311.0,1.0,4.0,0.179176,6.6667,0.6429
2009,2,2009_02_NYG_DAL,DAL,NYG,31,33,open,fieldturf,,,378.0,4.0,5.0,0.018094,8.6207,0.4483,427.0,0.0,2.0,0.082366,3.125,0.6579
2009,2,2009_02_IND_MIA,MIA,IND,23,27,outdoors,grass,84.0,10.0,403.0,1.0,2.0,0.14354,2.381,0.6286,356.0,0.0,3.0,0.398167,8.5714,0.5833
2009,3,2009_03_CLE_BAL,BAL,CLE,34,3,outdoors,sportturf,72.0,6.0,479.0,1.0,4.0,0.198485,6.0606,0.6842,186.0,4.0,0.0,-0.216621,0.0,0.5862
2009,3,2009_03_WAS_DET,DET,WAS,19,14,dome,fieldturf,,,381.0,0.0,2.0,0.074702,2.6667,0.5385,390.0,1.0,2.0,0.039809,3.5088,0.6279
2009,3,2009_03_JAX_HOU,HOU,JAX,24,31,closed,grass,,,397.0,2.0,3.0,0.094608,5.0847,0.7027,398.0,1.0,4.0,0.222755,6.5574,0.6
2009,3,2009_03_SF_MIN,MIN,SF,27,24,dome,fieldturf,,,377.0,1.0,4.0,-0.061469,5.3333,0.5,246.0,1.0,2.0,-0.09023,3.8462,0.5769
2009,3,2009_03_ATL_NE,NE,ATL,26,10,outdoors,fieldturf,62.0,0.0,445.0,0.0,2.0,0.141395,2.4691,0.5952,257.0,1.0,1.0,-0.023207,2.2222,0.6071
2009,3,2009_03_TEN_NYJ,NYJ,TEN,24,17,outdoors,fieldturf,66.0,8.0,229.0,3.0,3.0,-0.156566,4.6875,0.5152,286.0,3.0,2.0,-0.212552,2.8986,0.3846
2009,3,2009_03_KC_PHI,PHI,KC,34,14,outdoors,grass,69.0,6.0,420.0,1.0,4.0,0.173949,6.3492,0.6667,196.0,1.0,2.0,-0.086305,3.9216,0.6818
2009,3,2009_03_GB_STL,STL,GB,17,36,dome,fieldturf,,,,,,,,,402.0,0.0,4.0,0.16501,6.4516,0.52
2009,3,2009_03_NYG_TB,TB,NYG,0,24,outdoors,grass,88.0,12.0,86.0,1.0,0.0,-0.329311,0.0,0.4231,397.0,0.0,3.0,0.12437,3.9474,0.5926
2009,3,2009_03_NO_BUF,BUF,NO,7,27,outdoors,astroplay,64.0,9.0,243.0,1.0,1.0,-0.131496,1.6393,0.525,378.0,2.0,3.0,0.139325,4.3478,0.5161
2009,3,2009_03_CHI_SEA,SEA,CHI,19,25,outdoors,fieldturf,60.0,7.0,346.0,2.0,1.0,-0.055049,1.3333,0.5532,320.0,2.0,3.0,0.040178,5.1724,0.7
2009,3,2009_03_PIT_CIN,CIN,PIT,23,20,outdoors,fieldturf,65.0,9.0,275.0,0.0,2.0,0.035679,3.3333,0.4878,373.0,1.0,3.0,0.047533,5.0,0.6875
2009,3,2009_03_DEN_OAK,OAK,DEN,3,23,outdoors,grass,81.0,6.0,,,,,,,372.0,1.0,2.0,0.037815,2.9412,0.5652
2009,3,2009_03_MIA_SD,SD,MIA,23,13,outdoors,grass,80.0,11.0,,,,,,,289.0,2.0,2.0,-0.096092,3.1746,0.5625
2009,3,2009_03_IND_ARI,ARI,IND,10,31,closed,grass,,,323.0,3.0,1.0,-0.17393,1.4286,0.5517,505.0,1.0,4.0,0.119828,6.0606,0.6857
2009,3,2009_03_CAR_DAL,DAL,CAR,21,7,closed,fieldturf,,,451.0,0.0,1.0,0.017343,1.4706,0.6286,271.0,3.0,2.0,-0.191102,3.8462,0.6111
2009,4,2009_04_DET_CHI,CHI,DET,48,24,outdoors,grass,53.0,14.0,276.0,0.0,6.0,0.275579,12.0,0.6,398.0,2.0,3.0,-0.032127,3.8462,0.5769
2009,4,2009_04_CIN_CLE,CLE,CIN,20,23,outdoors,grass,58.0,15.0,395.0,2.0,3.0,-0.159264,3.6145,0.52,375.0,2.0,2.0,-0.126434,2.6316,0.5
2009,4,2009_04_OAK_HOU,HOU,OAK,29,6,closed,grass,,,329.0,3.0,3.0,-0.056692,4.4776,0.4231,,,,,,
2009,4,2009_04_SEA_IND,IND,SEA,34,17,open,fieldturf,,,431.0,1.0,4.0,0.142651,6.3492,0.7561,279.0,2.0,2.0,-0.063867,2.8986,0.66
2009,4,2009_04_TEN_JAX,JAX,TEN,37,17,outdoors,grass,79.0,5.0,442.0,1.0,4.0,0.186964,5.7971,0.6923,381.0,3.0,2.0,-0.031826,2.8986,0.5918
2009,4,2009_04_NYG_KC,KC,NYG,16,27,outdoors,grass,59.0,10.0,193.0,1.0,2.0,-0.086428,3.1746,0.4054,429.0,2.0,3.0,0.073162,4.2254,0.5263
2009,4,2009_04_BAL_NE,NE,BAL,27,21,outdoors,fieldturf,64.0,2.0,319.0,1.0,4.0,0.066875,6.1538,0.6,363.0,2.0,2.0,0.017077,3.0303,0.551
2009,4,2009_04_TB_WAS,WAS,TB,16,13,outdoors,grass,69.0,10.0,277.0,4.0,2.0,-0.256793,3.3333,0.48,229.0,2.0,1.0,-0.267055,1.8182,0.52
2009,4,2009_04_BUF_MIA,MIA,BUF,38,10,outdoors,grass,88.0,10.0,336.0,0.0,4.0,0.147531,5.4795,0.5,206.0,3.0,2.0,-0.216348,4.0816,0.4375
2009,4,2009_04_NYJ_NO,NO,NYJ,24,10,dome,fieldturf,,,343.0,1.0,1.0,-0.184182,1.5625,0.625,244.0,4.0,3.0,-0.402024,5.1724,0.4516
2009,4,2009_04_DAL_DEN,DEN,DAL,17,10,outdoors,grass,55.0,6.0,337.0,1.0,2.0,-0.014714,3.5088,0.625,315.0,2.0,1.0,-0.080422,1.3889,0.5319
2009,4,2009_04_STL_SF,SF,STL,35,0,outdoors,grass,60.0,17.0,228.0,1.0,3.0,0.023504,5.2632,0.5,,,,,,
2009,4,2009_04_SD_PIT,PIT,SD,38,28,outdoors,dessograss,54.0,4.0,497.0,1.0,5.0,0.313981,6.8493,0.7297,,,,,,
2009,4,2009_04_GB_MIN,MIN,GB,30,23,dome,fieldturf,,,334.0,1.0,5.0,0.089255,8.0645,0.75,424.0,2.0,2.0,0.050296,3.1746,0.5652
2009,5,2009_05_CIN_BAL,BAL,CIN,14,17,outdoors,sportturf,64.0,3.0,257.0,2.0,1.0,-0.064101,1.9608,0.6667,403.0,2.0,3.0,-0.001005,4.5455,0.5625
2009,5,2009_05_CLE_BUF,BUF,CLE,3,6,outdoors,astroplay,47.0,13.0,288.0,2.0,0.0,-0.16089,0.0,0.4848,193.0,2.0,0.0,-0.150014,0.0,0.1111
2009,5,2009_05_WAS_CAR,CAR,WAS,20,17,outdoors,grass,70.0,7.0,250.0,3.0,2.0,-0.068021,3.2787,0.5517,198.0,0.0,2.0,-0.074061,3.8462,0.6071
2009,5,2009_05_PIT_DET,DET,PIT,20,28,dome,fieldturf,,,335.0,1.0,1.0,-0.015272,1.4493,0.5227,344.0,1.0,5.0,0.130242,9.2593,0.697
2009,5,2009_05_DAL_KC,KC,DAL,20,26,outdoors,grass,40.0,5.0,304.0,1.0,2.0,0.008938,2.7027,0.5111,498.0,1.0,3.0,0.136274,4.918,0.5714
2009,5,2009_05_OAK_NYG,NYG,OAK,44,7,outdoors,fieldturf,61.0,10.0,483.0,0.0,5.0,0.279503,7.6923,0.7083,,,,,,
2009,5,2009_05_TB_PHI,PHI,TB,33,14,outdoors,grass,62.0,7.0,325.0,0.0,4.0,0.15792,8.3333,0.6296,303.0,3.0,2.0,-0.076503,2.6667,0.4906
2009,5,2009_05_MIN_STL,STL,MIN,10,38,dome,fieldturf,,,,,,,,,377.0,1.0,4.0,0.332138,7.5472,0.7241
2009,5,2009_05_ATL_SF,SF,ATL,10,45,outdoors,grass,58.0,9.0,279.0,2.0,1.0,-0.201018,1.7241,0.3659,477.0,3.0,6.0,0.261265,8.3333,0.6875
2009,5,2009_05_HOU_ARI,ARI,HOU,28,21,closed,grass,,,340.0,1.0,3.0,-0.012722,5.4545,0.6667,416.0,1.0,4.0,-0.066401,5.6338,0.7
2009,5,2009_05_NE_DEN,DEN,NE,20,17,outdoors,grass,30.0,4.0,424.0,2.0,2.0,0.040867,2.6667,0.7,305.0,1.0,2.0,0.037518,3.2787,0.5588
2009,5,2009_05_JAX_SEA,SEA,JAX,41,0,outdoors,fieldturf,55.0,0.0,379.0,0.0,4.0,0.200306,5.6338,0.5806,199.0,2.0,1.0,-0.352468,1.9231,0.5135
2009,5,2009_05_IND_TEN,TEN,IND,9,31,outdoors,grass,57.0,4.0,245.0,3.0,0.0,-0.151364,0.0,0.5278,367.0,1.0,4.0,0.156231,5.9701,0.8182
2009,5,2009_05_NYJ_MIA,MIA,NYJ,31,27,outdoors,grass,83.0,7.0,413.0,0.0,4.0,0.243927,6.25,0.75,309.0,0.0,3.0,0.234367,5.4545,0.48
2009,6,2009_06_HOU_CIN,CIN,HOU,17,28,outdoors,fieldturf,49.0,2.0,296.0,3.0,2.0,-0.085708,3.7736,0.6389,472.0,2.0,4.0,0.091616,5.4795,0.6667
2009,6,2009_06_DET_GB,GB,DET,26,0,outdoors,grass,46.0,13.0,435.0,2.0,2.0,0.042436,2.7778,0.6905,149.0,3.0,0.0,-0.354788,0.0,0.3667
2009,6,2009_06_STL_JAX,JAX,STL,23,20,outdoors,grass,57.0,17.0,492.0,3.0,4.0,0.029976,4.7619,0.6522,,,,,,
2009,6,2009_06_BAL_MIN,MIN,BAL,33,31,dome,fieldturf,,,426.0,0.0,3.0,0.142682,4.7619,0.6562,448.0,0.0,4.0,0.122252,6.25,0.6087
2009,6,2009_06_NYG_NO,NO,NYG,48,27,dome,fieldturf,,,493.0,0.0,7.0,0.255287,10.0,0.7419,325.0,2.0,3.0,0.082891,5.2632,0.4737
2009,6,2009_06_CLE_PIT,PIT,CLE,27,14,outdoors,dessograss,41.0,9.0,543.0,4.0,3.0,0.082716,4.0541,0.6053,197.0,4.0,2.0,-0.077054,3.9216,0.3214
2009,6,2009_06_CAR_TB,TB,CAR,21,28,outdoors,grass,64.0,17.0,245.0,2.0,2.0,-0.124811,4.3478,0.5238,322.0,3.0,5.0,0.017831,7.5758,0.5
2009,6,2009_06_KC_WAS,WAS,KC,6,14,outdoors,grass,45.0,13.0,265.0,2.0,0.0,-0.271057,0.0,0.4545,268.0,0.0,0.0,-0.105024,0.0,0.4595
2009,6,2009_06_PHI_OAK,OAK,PHI,13,9,outdoors,grass,62.0,15.0,,,,,,,283.0,0.0,0.0,-0.181056,0.0,0.4231
2009,6,2009_06_ARI_SEA,SEA,ARI,3,27,outdoors,fieldturf,58.0,4.0,128.0,2.0,0.0,-0.42855,0.0,0.3143,344.0,2.0,3.0,0.010967,4.2254,0.7556
2009,6,2009_06_TEN_NE,NE,TEN,59,0,outdoors,fieldturf,39.0,13.0,619.0,0.0,8.0,0.351384,10.3896,0.8085,186.0,5.0,0.0,-0.388453,0.0,0.1429
2009,6,2009_06_BUF_NYJ,NYJ,BUF,13,16,outdoors,fieldturf,44.0,18.0,414.0,7.0,1.0,-0.132107,1.3889,0.3125,296.0,1.0,1.0,-0.071061,1.3699,0.4839
2009,6,2009_06_CHI_ATL,ATL,CHI,21,14,dome,fieldturf,,,253.0,2.0,3.0,0.011749,5.3571,0.5758,373.0,3.0,2.0,-0.052641,2.9412,0.6
2009,6,2009_06_DEN_SD,SD,DEN,23,34,outdoors,grass,68.0,8.0,,,,,,,328.0,0.0,4.0,0.12721,6.3492,0.6667
2009,7,2009_07_GB_CLE,CLE,GB,3,31,outdoors,grass,50.0,12.0,139.0,2.0,0.0,-0.190457,0.0,0.3871,460.0,0.0,4.0,0.24316,6.3492,0.7273
2009,7,2009_07_SF_HOU,HOU,SF,24,21,open,grass,,,336.0,2.0,3.0,0.106929,5.0847,0.625,297.0,1.0,3.0,0.079628,5.5556,0.6
2009,7,2009_07_SD_KC,KC,SD,7,37,outdoors,grass,58.0,10.0,203.0,3.0,2.0,-0.365404,3.2787,0.3667,,,,,,
2009,7,2009_07_MIN_PIT,PIT,MIN,27,17,outdoors,dessograss,52.0,5.0,259.0,1.0,1.0,-0.020517,2.0408,0.4828,386.0,2.0,4.0,-0.09327,5.1282,0.6182
2009,7,2009_07_IND_STL,STL,IND,6,42,dome,fieldturf,,,,,,,,,391.0,0.0,5.0,0.310997,8.3333,0.6765
2009,7,2009_07_NE_TB,TB,NE,7,35,outdoors,grass,59.0,16.0,240.0,3.0,2.0,-0.338076,3.3898,0.3333,414.0,2.0,4.0,0.035435,6.5574,0.697
2009,7,2009_07_BUF_CAR,CAR,BUF,9,20,outdoors,grass,67.0,9.0,425.0,3.0,1.0,-0.154198,1.4085,0.587,167.0,1.0,2.0,0.008788,3.7037,0.4583
2009,7,2009_07_NYJ_OAK,OAK,NYJ,0,38,outdoors,grass,70.0,6.0,,,,,,,447.0,0.0,5.0,0.271971,7.1429,0.5625
2009,7,2009_07_CHI_CIN,CIN,CHI,45,10,outdoors,fieldturf,61.0,7.0,448.0,0.0,6.0,0.33462,8.6957,0.8333,279.0,4.0,1.0,-0.106322,1.9231,0.675
2009,7,2009_07_ATL_DAL,DAL,ATL,37,21,closed,fieldturf,,,414.0,1.0,3.0,0.126031,5.0847,0.6774,298.0,3.0,4.0,-0.076072,6.1538,0.4872
2009,7,2009_07_NO_MIA,MIA,NO,34,46,outdoors,grass,89.0,2.0,334.0,3.0,6.0,-0.133476,8.6957,0.4615,414.0,4.0,4.0,0.015632,5.6338,0.5
2009,7,2009_07_ARI_NYG,NYG,ARI,17,24,outdoors,fieldturf,57.0,3.0,327.0,4.0,2.0,-0.15911,3.0303,0.475,288.0,2.0,3.0,-0.063283,5.0,0.5263
2009,7,2009_07_PHI_WAS,WAS,PHI,17,27,outdoors,grass,57.0,0.0,308.0,3.0,3.0,-0.115756,4.4118,0.5918,262.0,1.0,2.0,0.035294,3.5714,0.5517
2009,8,2009_08_DEN_BAL,BAL,DEN,30,7,outdoors,sportturf,56.0,8.0,292.0,0.0,3.0,0.121172,4.8387,0.7407,200.0,1.0,1.0,-0.158951,1.7241,0.5897
2009,8,2009_08_HOU_BUF,BUF,HOU,10,31,outdoors,astroplay,49.0,5.0,204.0,2.0,1.0,-0.176136,2.2222,0.6,441.0,3.0,3.0,0.155424,3.8961,0.6757
2009,8,2009_08_CLE_CHI,CHI,CLE,30,6,outdoors,grass,50.0,8.0,369.0,1.0,2.0,-0.090956,2.8169,0.5,191.0,5.0,2.0,-0.488759,4.0,0.3333
2009,8,2009_08_SEA_DAL,DAL,SEA,38,17,closed,fieldturf,,,362.0,1.0,4.0,0.096331,5.9701,0.5526,308.0,2.0,3.0,-0.13536,4.6875,0.5238
2009,8,2009_08_STL_DET,DET,STL,10,17,dome,fieldturf,,,291.0,1.0,1.0,-0.102009,1.4493,0.3889,,,,,,
2009,8,2009_08_SF_IND,IND,SF,18,14,open,fieldturf,,,410.0,0.0,1.0,-0.026957,1.3514,0.6038,295.0,2.0,2.0,-0.082424,3.7037,0.5278
2009,8,2009_08_MIA_NYJ,NYJ,MIA,25,30,outdoors,fieldturf,54.0,10.0,378.0,2.0,4.0,-0.008616,5.0633,0.5128,104.0,0.0,3.0,0.09816,5.7692,0.4138
2009,8,2009_08_NYG_PHI,PHI,NYG,40,17,outdoors,grass,56.0,10.0,391.0,2.0,5.0,0.178155,10.2041,0.68,356.0,3.0,2.0,-0.101439,2.7397,0.4878
2009,8,2009_08_OAK_SD,SD,OAK,24,16,outdoors,grass,78.0,8.0,,,,,,,,,,,,
2009,8,2009_08_JAX_TEN,TEN,JAX,30,13,outdoors,grass,59.0,11.0,430.0,0.0,3.0,0.216342,4.4776,0.8333,330.0,2.0,2.0,0.015546,4.0816,0.4242
2009,8,2009_08_CAR_ARI,ARI,CAR,21,34,closed,grass,,,320.0,6.0,4.0,-0.154984,6.1538,0.5625,355.0,0.0,3.0,0.047099,5.0,0.4375
2009,8,2009_08_MIN_GB,GB,MIN,26,38,outdoors,grass,48.0,6.0,351.0,0.0,3.0,0.007586,4.4118,0.551,355.0,2.0,5.0,0.198713,8.3333,0.6071
2009,8,2009_08_ATL_NO,NO,ATL,35,27,dome,fieldturf,,,437.0,4.0,5.0,0.009829,7.1429,0.7143,442.0,3.0,3.0,-0.053247,4.3478,0.4222
2009,9,2009_09_WAS_ATL,ATL,WAS,31,17,dome,fieldturf,,,306.0,1.0,3.0,0.087711,5.5556,0.6296,312.0,1.0,3.0,-0.072829,4.6875,0.5938
2009,9,2009_09_ARI_CHI,CHI,ARI,21,41,outdoors,grass,65.0,12.0,417.0,1.0,3.0,-0.019732,4.7619,0.5686,438.0,1.0,5.0,0.276926,7.6923,0.6471
2009,9,2009_09_BAL_CIN,CIN,BAL,17,7,outdoors,fieldturf,67.0,7.0,369.0,1.0,2.0,-0.003408,2.7397,0.5882,215.0,2.0,1.0,-0.144896,1.8868,0.5
2009,9,2009_09_HOU_IND,IND,HOU,20,17,open,fieldturf,,,378.0,2.0,2.0,0.012501,2.8169,0.6415,382.0,3.0,2.0,-0.012991,2.8169,0.7111
2009,9,2009_09_KC_JAX,JAX,KC,24,21,outdoors,grass,75.0,12.0,426.0,1.0,3.0,0.031866,4.3478,0.6429,303.0,0.0,2.0,0.009773,3.5088,0.5349
2009,9,2009_09_MIA_NE,NE,MIA,27,17,outdoors,fieldturf,65.0,8.0,434.0,1.0,2.0,0.233995,3.125,0.625,334.0,0.0,2.0,0.112643,2.8571,0.5128
2009,9,2009_09_GB_TB,TB,GB,38,28,outdoors,grass,82.0,13.0,281.0,1.0,3.0,-0.027381,5.0847,0.4118,404.0,3.0,6.0,-0.107507,8.2192,0.4146
2009,9,2009_09_CAR_NO,NO,CAR,30,20,dome,fieldturf,,,414.0,2.0,2.0,-0.002895,3.3898,0.6667,371.0,3.0,3.0,-0.083382,4.2254,0.5312
2009,9,2009_09_DET_SEA,SEA,DET,32,20,outdoors,fieldturf,48.0,11.0,397.0,2.0,2.0,-0.010283,2.7778,0.7407,300.0,5.0,3.0,-0.120925,4.6154,0.5
2009,9,2009_09_SD_NYG,NYG,SD,20,21,outdoors,fieldturf,71.0,2.0,304.0,1.0,2.0,-0.028839,2.9851,0.6579,,,,,,
2009,9,2009_09_TEN_SF,SF,TEN,27,34,outdoors,grass,63.0,5.0,358.0,4.0,4.0,-0.015048,5.7971,0.5918,315.0,0.0,3.0,0.139133,5.4545,0.5714
2009,9,2009_09_DAL_PHI,PHI,DAL,16,20,outdoors,grass,61.0,1.0,297.0,2.0,1.0,-0.015096,1.7544,0.4706,358.0,1.0,2.0,0.05919,3.2787,0.5526
2009,9,2009_09_PIT_DEN,DEN,PIT,10,28,outdoors,grass,55.0,7.0,242.0,3.0,1.0,-0.272516,1.8519,0.575,375.0,2.0,4.0,0.024601,6.5574,0.6562
2009,10,2009_10_CHI_SF,SF,CHI,10,6,outdoors,grass,60.0,18.0,216.0,1.0,1.0,-0.198783,1.8868,0.64,350.0,5.0,0.0,-0.196914,0.0,0.5577
2009,10,2009_10_ATL_CAR,CAR,ATL,28,19,outdoors,grass,73.0,3.0,380.0,0.0,4.0,0.136665,6.8966,0.625,400.0,2.0,2.0,0.039448,2.8169,0.5238
2009,10,2009_10_TB_MIA,MIA,TB,25,23,outdoors,grass,80.0,9.0,374.0,2.0,2.0,-0.007366,2.9412,0.5312,302.0,2.0,2.0,0.001755,3.2258,0.5161
2009,10,2009_10_DET_MIN,MIN,DET,27,10,dome,fieldturf,,,492.0,2.0,3.0,-0.02475,4.7619,0.625,297.0,1.0,1.0,-0.199503,1.3158,0.537
2009,10,2009_10_JAX_NYJ,NYJ,JAX,22,24,outdoors,fieldturf,62.0,5.0,322.0,3.0,2.0,0.018826,3.2787,0.5,347.0,1.0,3.0,0.062545,5.0,0.5714
2009,10,2009_10_CIN_PIT,PIT,CIN,12,18,outdoors,dessograss,64.0,4.0,226.0,1.0,0.0,-0.132871,0.0,0.4545,218.0,0.0,1.0,-0.01103,1.6129,0.5455
2009,10,2009_10_NO_STL,STL,NO,23,28,dome,fieldturf,,,,,,,,,420.0,3.0,4.0,0.129908,7.1429,0.6667
2009,10,2009_10_BUF_TEN,TEN,BUF,41,17,outdoors,grass,68.0,5.0,378.0,1.0,3.0,0.122616,5.0,0.68,296.0,2.0,4.0,-0.164665,6.8966,0.5526
2009,10,2009_10_DEN_WAS,WAS,DEN,27,17,outdoors,grass,70.0,0.0,388.0,0.0,3.0,0.112121,4.2857,0.6,305.0,2.0,2.0,-0.004126,3.5714,0.4118
2009,10,2009_10_KC_OAK,OAK,KC,10,16,outdoors,grass,60.0,5.0,,,,,,,318.0,2.0,1.0,-0.05802,1.4925,0.5278
2009,10,2009_10_SEA_ARI,ARI,SEA,31,20,closed,grass,,,462.0,0.0,4.0,0.142701,5.8824,0.7632,472.0,2.0,2.0,0.038891,2.4691,0.4737
2009,10,2009_10_DAL_GB,GB,DAL,17,7,outdoors,grass,47.0,10.0,283.0,0.0,2.0,-0.061958,2.9412,0.625,278.0,3.0,1.0,-0.208119,1.7241,0.5455
2009,10,2009_10_PHI_SD,SD,PHI,31,23,outdoors,grass,71.0,8.0,,,,,,,462.0,1.0,2.0,0.181123,2.8169,0.6034
2009,10,2009_10_NE_IND,IND,NE,35,34,closed,fieldturf,,,407.0,2.0,5.0,0.07913,7.9365,0.6222,477.0,2.0,4.0,0.106975,5.5556,0.6591
2009,10,2009_10_BAL_CLE,CLE,BAL,0,16,outdoors,grass,46.0,16.0,160.0,2.0,1.0,-0.333296,1.6393,0.3714,274.0,0.0,1.0,-0.084836,1.7241,0.5909
2009,11,2009_11_MIA_CAR,CAR,MIA,17,24,outdoors,grass,56.0,2.0,385.0,1.0,1.0,0.050087,1.3514,0.413,326.0,0.0,3.0,0.170731,5.0,0.5862
2009,11,2009_11_IND_BAL,BAL,IND,15,17,outdoors,sportturf,56.0,7.0,354.0,1.0,0.0,0.018901,0.0,0.6571,375.0,4.0,2.0,0.069916,3.5714,0.7097
2009,11,2009_11_WAS_DAL,DAL,WAS,7,6,closed,fieldturf,,,305.0,2.0,1.0,-0.146545,1.6393,0.5357,324.0,1.0,0.0,-0.137136,0.0,0.6316
2009,11,2009_11_CLE_DET,DET,CLE,38,37,dome,fieldturf,,,473.0,2.0,5.0,0.197561,8.1967,0.5909,441.0,0.0,4.0,0.185836,5.2632,0.6286
2009,11,2009_11_SF_GB,GB,SF,30,24,outdoors,grass,53.0,13.0,484.0,0.0,3.0,0.120931,3.7975,0.6809,284.0,1.0,3.0,0.13091,6.5217,0.4444
2009,11,2009_11_BUF_JAX,JAX,BUF,18,15,outdoors,grass,74.0,10.0,312.0,2.0,2.0,-0.006865,2.9851,0.6562,343.0,3.0,1.0,-0.014197,1.8868,0.5294
2009,11,2009_11_PIT_KC,KC,PIT,27,24,outdoors,grass,55.0,5.0,282.0,1.0,3.0,0.045304,5.4545,0.4286,515.0,3.0,3.0,0.028602,3.8462,0.7021
2009,11,2009_11_SEA_MIN,MIN,SEA,35,9,dome,fieldturf,,,431.0,0.0,5.0,0.151145,6.9444,0.8,212.0,2.0,1.0,-0.181456,2.2727,0.5938
2009,11,2009_11_ATL_NYG,NYG,ATL,34,31,outdoors,fieldturf,53.0,10.0,456.0,1.0,4.0,0.203406,6.0606,0.625,352.0,1.0,4.0,0.19349,5.1282,0.5417
2009,11,2009_11_NO_TB,TB,NO,7,38,outdoors,grass,79.0,8.0,219.0,4.0,1.0,-0.199677,1.6949,0.4722,370.0,0.0,5.0,0.255989,7.6923,0.6552
2009,11,2009_11_ARI_STL,STL,ARI,13,21,dome,fieldturf,,,,,,,,,444.0,2.0,3.0,0.035143,4.6154,0.7143
2009,11,2009_11_SD_DEN,DEN,SD,3,32,outdoors,grass,51.0,3.0,271.0,3.0,0.0,-0.245677,0.0,0.4722,,,,,,
2009,11,2009_11_NYJ_NE,NE,NYJ,31,14,outdoors,fieldturf,45.0,10.0,410.0,1.0,4.0,-0.01164,5.1282,0.6512,226.0,5.0,2.0,-0.287887,4.0816,0.3478
2009,11,2009_11_CIN_OAK,OAK,CIN,20,17,outdoors,grass,54.0,8.0,,,,,,,348.0,4.0,2.0,-0.058809,2.9412,0.56
2009,11,2009_11_PHI_CHI,CHI,PHI,20,24,outdoors,grass,47.0,5.0,286.0,1.0,1.0,-0.072424,1.5385,0.5333,377.0,3.0,3.0,0.006866,4.5455,0.6667
2009,11,2009_11_TEN_HOU,HOU,TEN,17,20,open,grass,,,340.0,0.0,2.0,0.030703,3.3333,0.5814,344.0,1.0,2.0,0.084645,3.125,0.5455
2009,12,2009_12_GB_DET,DET,GB,12,34,dome,fieldturf,,,272.0,5.0,2.0,-0.296543,2.9412,0.4444,422.0,2.0,3.0,0.041539,4.4776,0.7
2009,12,2009_12_OAK_DAL,DAL,OAK,24,7,open,fieldturf,,,494.0,0.0,3.0,0.137099,5.3571,0.5806,,,,,,
2009,12,2009_12_NYG_DEN,DEN,NYG,26,6,outdoors,grass,57.0,0.0,373.0,1.0,2.0,0.075781,2.8986,0.6207,267.0,3.0,0.0,-0.176331,0.0,0.5581
2009,12,2009_12_TB_ATL,ATL,TB,20,17,dome,fieldturf,,,297.0,1.0,2.0,-0.086209,2.6316,0.5,318.0,1.0,2.0,-0.1253,3.5088,0.6452
2009,12,2009_12_MIA_BUF,BUF,MIA,31,14,outdoors,astroplay,49.0,15.0,336.0,1.0,4.0,0.152101,7.0175,0.5312,325.0,4.0,2.0,-0.050821,2.8571,0.5152
2009,12,2009_12_CLE_CIN,CIN,CLE,16,7,outdoors,fieldturf,59.0,15.0,306.0,0.0,1.0,-0.027272,1.3889,0.4815,169.0,0.0,1.0,-0.150078,1.8519,0.4444
2009,12,2009_12_IND_HOU,HOU,IND,27,35,open,grass,,,396.0,3.0,4.0,0.041281,5.8824,0.7045,342.0,2.0,4.0,0.17758,6.6667,0.7297
2009,12,2009_12_CAR_NYJ,NYJ,CAR,17,6,outdoors,fieldturf,53.0,9.0,283.0,3.0,1.0,-0.186112,1.6667,0.619,179.0,4.0,1.0,-0.314743,1.6129,0.3784
2009,12,2009_12_WAS_PHI,PHI,WAS,27,24,outdoors,grass,56.0,10.0,383.0,1.0,2.0,0.011186,2.9412,0.5385,303.0,2.0,3.0,0.007586,4.7619,0.5789
2009,12,2009_12_SEA_STL,STL,SEA,17,27,dome,fieldturf,,,,,,,,,265.0,1.0,2.0,-0.017888,3.5088,0.5385
2009,12,2009_12_KC_SD,SD,KC,43,14,outdoors,grass,63.0,8.0,,,,,,,284.0,4.0,3.0,-0.178367,5.2632,0.5882
2009,12,2009_12_JAX_SF,SF,JAX,20,3,outdoors,grass,68.0,0.0,284.0,0.0,2.0,0.032887,3.2787,0.6585,357.0,2.0,0.0,-0.188297,0.0,0.5952
2009,12,2009_12_CHI_MIN,MIN,CHI,36,10,dome,fieldturf,,,537.0,1.0,4.0,0.17084,4.7619,0.6531,169.0,3.0,1.0,-0.145421,2.6316,0.6667
2009,12,2009_12_ARI_TEN,TEN,ARI,20,17,outdoors,grass,59.0,9.0,532.0,1.0,2.0,0.163399,2.8571,0.5745,292.0,0.0,2.0,0.200623,3.8462,0.6562
2009,12,2009_12_PIT_BAL,BAL,PIT,20,17,outdoors,sportturf,58.0,5.0,393.0,2.0,2.0,-0.044385,2.8986,0.575,298.0,1.0,2.0,-0.059653,3.125,0.4615
2009,12,2009_12_NE_NO,NO,NE,38,17,dome,fieldturf,,,480.0,0.0,5.0,0.278121,10.0,0.75,366.0,3.0,2.0,-0.022395,2.8571,0.5476
2009,13,2009_13_NYJ_BUF,BUF,NYJ,13,19,dome,fieldturf,,,194.0,2.0,1.0,-0.202281,2.0,0.3462,331.0,0.0,1.0,-0.047791,1.5385,0.3636
2009,13,2009_13_PHI_ATL,ATL,PHI,7,34,dome,fieldturf,,,295.0,3.0,2.0,-0.25261,2.9412,0.5,380.0,0.0,3.0,0.158173,5.4545,0.5517
2009,13,2009_13_TB_CAR,CAR,TB,16,6,outdoors,grass,43.0,7.0,309.0,1.0,1.0,0.02053,1.8519,0.6667,469.0,6.0,0.0,-0.086075,0.0,0.5
2009,13,2009_13_STL_CHI,CHI,STL,17,9,outdoors,grass,36.0,8.0,248.0,1.0,2.0,-0.088038,3.4483,0.45,,,,,,
2009,13,2009_13_DET_CIN,CIN,DET,23,13,outdoors,fieldturf,34.0,7.0,321.0,3.0,1.0,-0.088964,1.3333,0.5484,245.0,2.0,3.0,-0.254849,5.6604,0.3939
2009,13,2009_13_TEN_IND,IND,TEN,27,17,closed,fieldturf,,,358.0,0.0,3.0,0.109795,4.6875,0.6486,375.0,2.0,2.0,-0.009406,2.5974,0.5455
2009,13,2009_13_HOU_JAX,JAX,HOU,23,18,outdoors,grass,54.0,6.0,323.0,0.0,2.0,0.04528,2.9412,0.4688,301.0,4.0,2.0,-0.020383,3.2258,0.55
2009,13,2009_13_DEN_KC,KC,DEN,13,44,outdoors,grass,37.0,6.0,222.0,3.0,2.0,-0.314561,2.8169,0.3556,413.0,3.0,4.0,0.093207,5.4795,0.5357
2009,13,2009_13_NE_MIA,MIA,NE,22,21,outdoors,grass,75.0,5.0,416.0,1.0,2.0,0.059628,2.4691,0.537,448.0,2.0,3.0,0.08991,5.5556,0.6552
2009,13,2009_13_OAK_PIT,PIT,OAK,24,27,outdoors,dessograss,28.0,6.0,401.0,1.0,3.0,0.144618,5.7692,0.72,,,,,,
2009,13,2009_13_NO_WAS,WAS,NO,30,33,outdoors,grass,36.0,9.0,455.0,2.0,3.0,0.202572,4.4776,0.7143,463.0,3.0,3.0,0.238048,4.0541,0.7
2009,13,2009_13_SD_CLE,CLE,SD,23,30,outdoors,grass,34.0,8.0,372.0,1.0,3.0,0.148582,4.2857,0.5319,,,,,,
2009,13,2009_13_DAL_NYG,NYG,DAL,31,24,outdoors,fieldturf,37.0,8.0,337.0,2.0,3.0,0.050282,6.1224,0.4231,424.0,1.0,4.0,-0.012652,5.0,0.7193
2009,13,2009_13_SF_SEA,SEA,SF,20,17,outdoors,fieldturf,35.0,6.0,292.0,2.0,2.0,-0.025555,2.8986,0.65,356.0,1.0,2.0,-0.019234,3.4483,0.587
2009,13,2009_13_MIN_ARI,ARI,MIN,30,17,closed,grass,,,398.0,1.0,3.0,0.102304,5.2632,0.6875,315.0,2.0,2.0,-0.058489,2.9412,0.625
2009,13,2009_13_BAL_GB,GB,BAL,27,14,outdoors,grass,21.0,4.0,350.0,3.0,3.0,0.071602,4.4118,0.6341,185.0,4.0,2.0,-0.071782,3.3333,0.3846
2009,14,2009_14_PIT_CLE,CLE,PIT,13,6,outdoors,grass,15.0,25.0,255.0,0.0,1.0,-0.062591,1.7544,0.3,216.0,0.0,0.0,-0.141102,0.0,0.45
2009,14,2009_14_NO_ATL,ATL,NO,23,26,dome,fieldturf,,,392.0,1.0,2.0,0.148053,3.5714,0.6571,391.0,0.0,3.0,0.201852,4.4776,0.7561
2009,14,2009_14_DET_BAL,BAL,DET,48,3,outdoors,sportturf,36.0,3.0,548.0,1.0,6.0,0.326596,9.5238,0.6522,229.0,2.0,0.0,-0.240113,0.0,0.4571
2009,14,2009_14_GB_CHI,CHI,GB,14,21,outdoors,grass,38.0,8.0,254.0,2.0,2.0,-0.189817,3.5714,0.5897,317.0,2.0,2.0,-0.052411,3.4483,0.5926
2009,14,2009_14_SEA_HOU,HOU,SEA,34,7,closed,grass,,,450.0,2.0,3.0,-0.028505,4.4776,0.7436,282.0,1.0,2.0,-0.361381,3.1746,0.6154
2009,14,2009_14_DEN_IND,IND,DEN,28,16,closed,fieldturf,,,312.0,3.0,4.0,-0.038312,5.7143,0.4762,357.0,1.0,2.0,-0.151293,2.6667,0.6591
2009,14,2009_14_MIA_JAX,JAX,MIA,10,14,outdoors,grass,75.0,13.0,217.0,0.0,1.0,-0.16138,1.8519,0.3793,354.0,3.0,2.0,-0.066619,2.8169,0.6774
2009,14,2009_14_BUF_KC,KC,BUF,10,16,outdoors,grass,42.0,3.0,354.0,4.0,1.0,-0.199098,1.3699,0.5532,273.0,3.0,1.0,-0.134456,1.7544,0.5455
2009,14,2009_14_CIN_MIN,MIN,CIN,30,10,dome,fieldturf,,,322.0,1.0,3.0,0.083908,4.3478,0.5312,210.0,1.0,1.0,-0.163767,1.8868,0.5517
2009,14,2009_14_CAR_NE,NE,CAR,20,10,outdoors,fieldturf,40.0,4.0,377.0,3.0,2.0,-0.036082,2.7778,0.5938,305.0,0.0,1.0,-0.169554,1.7857,0.4688
2009,14,2009_14_NYJ_TB,TB,NYJ,3,26,outdoors,grass,73.0,5.0,124.0,3.0,0.0,-0.466297,0.0,0.3889,310.0,1.0,2.0,-0.106641,2.9851,0.52
2009,14,2009_14_WAS_OAK,OAK,WAS,13,34,outdoors,grass,52.0,9.0,,,,,,,295.0,0.0,4.0,0.158498,6.8966,0.5161
2009,14,2009_14_STL_TEN,TEN,STL,47,7,outdoors,grass,54.0,0.0,446.0,0.0,4.0,0.256418,7.0175,0.6296,,,,,,
2009,14,2009_14_SD_DAL,DAL,SD,17,20,open,fieldturf,,,347.0,0.0,2.0,0.092263,3.4483,0.6129,,,,,,
2009,14,2009_14_PHI_NYG,NYG,PHI,38,45,outdoors,fieldturf,42.0,0.0,512.0,4.0,7.0,0.085522,9.7222,0.6585,376.0,1.0,4.0,0.258865,7.4074,0.6
2009,14,2009_14_ARI_SF,SF,ARI,24,9,outdoors,grass,53.0,0.0,327.0,2.0,3.0,-0.071969,4.1667,0.5278,245.0,7.0,1.0,-0.305432,1.9608,0.4848
2009,15,2009_15_IND_JAX,JAX,IND,31,35,outdoors,grass,56.0,10.0,345.0,1.0,4.0,0.199756,5.2632,0.5476,369.0,1.0,5.0,0.336341,9.434,0.7667
2009,15,2009_15_DAL_NO,NO,DAL,17,24,dome,fieldturf,,,336.0,3.0,2.0,0.040568,3.2258,0.5918,439.0,0.0,3.0,0.130888,4.1096,0.5946
2009,15,2009_15_NE_BUF,BUF,NE,10,17,outdoors,astroplay,28.0,5.0,241.0,1.0,1.0,-0.113649,1.7857,0.5455,224.0,1.0,2.0,-0.004648,3.5088,0.4783
2009,15,2009_15_ARI_DET,DET,ARI,24,31,dome,fieldturf,,,282.0,3.0,2.0,-0.140369,3.3333,0.4848,340.0,3.0,5.0,-0.011658,7.6923,0.5897
2009,15,2009_15_CLE_KC,KC,CLE,34,41,outdoors,grass,39.0,15.0,491.0,1.0,3.0,0.112452,4.2254,0.5366,417.0,3.0,6.0,0.230032,8.9552,0.5556
2009,15,2009_15_ATL_NYJ,NYJ,ATL,7,10,outdoors,fieldturf,29.0,18.0,314.0,3.0,1.0,-0.229663,1.4925,0.5294,238.0,0.0,1.0,-0.16649,1.6129,0.4706
2009,15,2009_15_HOU_STL,STL,HOU,13,16,dome,fieldturf,,,,,,,,,419.0,2.0,1.0,0.050066,1.5625,0.7
2009,15,2009_15_MIA_TEN,TEN,MIA,27,24,outdoors,grass,35.0,5.0,364.0,2.0,3.0,0.047963,5.0,0.4828,470.0,4.0,2.0,0.037289,2.5641,0.617
2009,15,2009_15_OAK_DEN,DEN,OAK,19,20,outdoors,grass,57.0,6.0,337.0,0.0,1.0,-0.000853,1.5385,0.5135,,,,,,
2009,15,2009_15_CIN_SD,SD,CIN,27,24,outdoors,grass,72.0,8.0,,,,,,,409.0,1.0,2.0,0.09528,3.125,0.6429
2009,15,2009_15_CHI_BAL,BAL,CHI,31,7,outdoors,sportturf,32.0,19.0,346.0,1.0,5.0,-0.070583,7.5758,0.6571,220.0,6.0,0.0,-0.383638,0.0,0.3529
2009,15,2009_15_SF_PHI,PHI,SF,27,13,outdoors,grass,32.0,18.0,422.0,2.0,3.0,0.047511,4.3478,0.5833,261.0,4.0,1.0,-0.103792,1.7241,0.5
2009,15,2009_15_GB_PIT,PIT,GB,37,36,outdoors,dessograss,30.0,10.0,537.0,0.0,4.0,0.209044,5.7143,0.5686,438.0,0.0,5.0,0.273329,8.0645,0.52
2009,15,2009_15_TB_SEA,SEA,TB,7,24,outdoors,fieldturf,52.0,12.0,380.0,5.0,1.0,-0.201187,1.3889,0.5745,341.0,1.0,2.0,0.033455,3.2787,0.6154
2009,15,2009_15_MIN_CAR,CAR,MIN,26,7,outdoors,grass,37.0,5.0,397.0,0.0,4.0,0.019937,5.2632,0.5833,237.0,2.0,1.0,-0.277316,2.2222,0.5484
2009,15,2009_15_NYG_WAS,WAS,NYG,12,45,outdoors,grass,38.0,12.0,302.0,3.0,3.0,-0.170258,5.3571,0.4474,387.0,0.0,5.0,0.330126,8.0645,0.6875
2009,16,2009_16_SD_TEN,TEN,SD,17,42,outdoors,grass,33.0,7.0,270.0,3.0,2.0,0.001847,4.0816,0.3636,,,,,,
2009,16,2009_16_BUF_ATL,ATL,BUF,31,3,dome,fieldturf,,,391.0,0.0,3.0,0.018291,4.0,0.4737,178.0,3.0,1.0,-0.396388,2.0408,0.5484
2009,16,2009_16_KC_CIN,CIN,KC,17,10,outdoors,fieldturf,41.0,14.0,274.0,1.0,2.0,-0.041173,3.2258,0.6538,295.0,2.0,1.0,-0.11565,1.5152,0.5789
2009,16,2009_16_OAK_CLE,CLE,OAK,23,9,outdoors,grass,34.0,6.0,282.0,1.0,2.0,-0.004511,3.0769,0.4211,,,,,,
2009,16,2009_16_SEA_GB,GB,SEA,48,10,outdoors,grass,18.0,5.0,417.0,0.0,6.0,0.288835,9.6774,0.5333,291.0,4.0,1.0,-0.152015,1.4493,0.475
2009,16,2009_16_HOU_MIA,MIA,HOU,20,27,outdoors,grass,75.0,6.0,363.0,1.0,2.0,0.030854,2.7027,0.6034,406.0,1.0,3.0,0.173444,4.6875,0.625
2009,16,2009_16_JAX_NE,NE,JAX,35,7,outdoors,fieldturf,55.0,14.0,464.0,1.0,5.0,0.310841,8.0645,0.8846,275.0,2.0,1.0,-0.071332,1.9231,0.7037
2009,16,2009_16_TB_NO,NO,TB,17,20,dome,fieldturf,,,373.0,1.0,3.0,-0.045956,4.918,0.8421,439.0,2.0,1.0,-0.000494,1.4706,0.6176
2009,16,2009_16_CAR_NYG,NYG,CAR,9,41,outdoors,fieldturf,50.0,12.0,317.0,4.0,1.0,-0.076597,1.4925,0.6042,416.0,0.0,5.0,0.38349,7.4627,0.7143
2009,16,2009_16_BAL_PIT,PIT,BAL,23,20,outdoors,dessograss,39.0,9.0,286.0,2.0,2.0,-0.040914,3.3333,0.4595,323.0,3.0,2.0,-0.035977,2.9851,0.4483
2009,16,2009_16_STL_ARI,ARI,STL,31,10,open,grass,,,407.0,2.0,4.0,0.090968,5.5556,0.6,,,,,,
2009,16,2009_16_DET_SF,SF,DET,20,6,outdoors,grass,55.0,5.0,310.0,1.0,2.0,-0.138043,3.125,0.625,289.0,6.0,0.0,-0.281819,0.0,0.5143
2009,16,2009_16_NYJ_IND,IND,NYJ,15,29,closed,fieldturf,,,286.0,2.0,3.0,-0.147072,5.1724,0.5294,297.0,0.0,2.0,0.076949,2.9851,0.5217
2009,16,2009_16_DEN_PHI,PHI,DEN,30,27,outdoors,grass,45.0,7.0,394.0,3.0,3.0,-0.024064,4.4776,0.5128,241.0,1.0,3.0,-0.03152,4.8387,0.6136
2009,16,2009_16_DAL_WAS,WAS,DAL,0,17,outdoors,grass,37.0,8.0,218.0,1.0,0.0,-0.205251,0.0,0.5714,393.0,1.0,2.0,0.056505,2.8986,0.641
2009,16,2009_16_MIN_CHI,CHI,MIN,36,30,outdoors,grass,26.0,9.0,363.0,1.0,4.0,0.177997,6.1538,0.5405,423.0,2.0,4.0,0.12381,5.2632,0.6047
2009,17,2009_17_IND_BUF,BUF,IND,30,7,outdoors,astroplay,12.0,12.0,403.0,0.0,3.0,0.092555,4.4776,0.64,157.0,3.0,1.0,-0.216402,1.9231,0.5
2009,17,2009_17_NO_CAR,CAR,NO,23,10,outdoors,grass,30.0,7.0,327.0,0.0,2.0,-0.018837,3.2258,0.56,213.0,3.0,1.0,-0.155138,1.6393,0.5172
2009,17,2009_17_JAX_CLE,CLE,JAX,23,17,outdoors,grass,16.0,20.0,300.0,1.0,2.0,0.075507,3.3333,0.6364,328.0,1.0,2.0,0.002692,3.0303,0.5238
2009,17,2009_17_CHI_DET,DET,CHI,23,37,dome,fieldturf,,,349.0,2.0,2.0,-0.0672,3.2787,0.6389,418.0,0.0,4.0,0.144715,6.0606,0.5789
2009,17,2009_17_NE_HOU,HOU,NE,34,27,closed,grass,,,439.0,1.0,5.0,0.059776,7.4627,0.6,317.0,2.0,3.0,0.004635,5.0847,0.625
2009,17,2009_17_PIT_MIA,MIA,PIT,24,30,outdoors,grass,60.0,11.0,303.0,3.0,3.0,0.02942,5.1724,0.6061,403.0,2.0,3.0,0.145167,4.4776,0.5806
2009,17,2009_17_NYG_MIN,MIN,NYG,44,7,dome,fieldturf,,,487.0,0.0,5.0,0.237953,7.2464,0.7838,181.0,2.0,1.0,-0.253572,2.3256,0.6452
2009,17,2009_17_SF_STL,STL,SF,6,28,dome,fieldturf,,,,,,,,,329.0,0.0,4.0,-0.054827,6.3492,0.5484
2009,17,2009_17_ATL_TB,TB,ATL,10,20,outdoors,grass,44.0,5.0,206.0,2.0,1.0,-0.232727,1.8182,0.4848,397.0,3.0,2.0,-0.045962,2.7397,0.6389
2009,17,2009_17_GB_ARI,ARI,GB,7,33,closed,grass,,,187.0,3.0,2.0,-0.3212,4.4444,0.6129,345.0,1.0,3.0,0.138725,4.6875,0.7333
2009,17,2009_17_PHI_DAL,DAL,PHI,24,0,closed,fieldturf,,,474.0,1.0,3.0,0.069823,4.4118,0.6667,228.0,1.0,0.0,-0.278713,0.0,0.5
2009,17,2009_17_KC_DEN,DEN,KC,24,44,outdoors,grass,36.0,6.0,512.0,3.0,5.0,-0.050236,6.25,0.5517,524.0,2.0,3.0,0.266507,5.0,0.52
2009,17,2009_17_BAL_OAK,OAK,BAL,13,21,outdoors,grass,54.0,6.0,,,,,,,330.0,0.0,3.0,0.106277,5.1724,0.4783
2009,17,2009_17_WAS_SD,SD,WAS,23,20,outdoors,grass,74.0,8.0,,,,,,,339.0,0.0,2.0,0.059647,3.0769,0.6512
2009,17,2009_17_TEN_SEA,SEA,TEN,13,17,outdoors,fieldturf,46.0,0.0,309.0,1.0,1.0,-0.02624,1.6667,0.4706,304.0,2.0,2.0,0.050864,2.9851,0.6071
2009,17,2009_17_CIN_NYJ,NYJ,CIN,37,0,outdoors,fieldturf,20.0,17.0,320.0,0.0,4.0,0.097359,5.4795,0.5,72.0,3.0,0.0,-0.500116,0.0,0.1818
2009,18,2009_18_NYJ_CIN,CIN,NYJ,14,24,outdoors,fieldturf,21.0,11.0,281.0,2.0,2.0,-0.092205,3.2787,0.4615,353.0,0.0,3.0,0.076628,5.3571,0.8
2009,18,2009_18_PHI_DAL,DAL,PHI,34,14,closed,fieldturf,,,426.0,0.0,4.0,0.103877,5.5556,0.6216,340.0,5.0,2.0,-0.125812,3.5714,0.4651
2009,18,2009_18_BAL_NE,NE,BAL,14,33,outdoors,fieldturf,20.0,12.0,196.0,5.0,2.0,-0.289843,3.1746,0.5111,268.0,1.0,4.0,-0.001831,6.3492,0.4
2009,18,2009_18_GB_ARI,ARI,GB,51,45,closed,grass,,,531.0,1.0,6.0,0.267229,10.5263,0.8529,493.0,3.0,7.0,0.171357,10.4478,0.5957
2009,19,2009_19_ARI_NO,NO,ARI,45,14,dome,fieldturf,,,418.0,0.0,5.0,0.197973,7.5758,0.7188,359.0,2.0,3.0,-0.201321,5.7692,0.6486
2009,19,2009_19_BAL_IND,IND,BAL,20,3,closed,fieldturf,,,275.0,2.0,2.0,0.029975,2.8169,0.6522,270.0,3.0,0.0,-0.198237,0.0,0.5556
2009,19,2009_19_DAL_MIN,MIN,DAL,34,3,dome,fieldturf,,,323.0,0.0,4.0,0.0203,6.6667,0.5556,248.0,3.0,0.0,-0.377558,0.0,0.5366
2009,19,2009_19_NYJ_SD,SD,NYJ,14,17,outdoors,grass,63.0,8.0,,,,,,,262.0,1.0,2.0,-0.060608,3.1746,0.5
2009,20,2009_20_NYJ_IND,IND,NYJ,30,17,closed,fieldturf,,,461.0,1.0,3.0,0.149208,4.6154,0.6341,388.0,1.0,2.0,-0.013103,3.3333,0.5806
2009,20,2009_20_MIN_NO,NO,MIN,31,28,dome,fieldturf,,,257.0,0.0,4.0,0.100596,7.2727,0.5312,475.0,6.0,4.0,0.089234,4.878,0.6087
2009,21,2009_21_NO_IND,IND,NO,17,31,outdoors,grass,60.0,6.0,432.0,1.0,3.0,0.052624,4.6875,0.6889,334.0,0.0,2.0,0.268389,3.3898,0.7805
2010,1,2010_01_MIN_NO,NO,MIN,14,9,dome,sportturf,,,308.0,0.0,2.0,-0.066142,3.2258,0.7297,253.0,1.0,1.0,-0.133448,1.9608,0.5357
2010,1,2010_01_MIA_BUF,BUF,MIA,10,15,outdoors,astroplay,62.0,7.0,166.0,0.0,1.0,-0.126322,1.8519,0.4865,296.0,0.0,1.0,-0.026944,1.3699,0.5676
2010,1,2010_01_DET_CHI,CHI,DET,19,14,outdoors,grass,75.0,10.0,463.0,4.0,2.0,-0.146389,2.8169,0.575,168.0,3.0,2.0,-0.23548,3.5088,0.5556
2010,1,2010_01_IND_HOU,HOU,IND,34,24,closed,grass,,,355.0,1.0,4.0,0.222864,6.5574,0.4737,463.0,1.0,3.0,0.074872,4.3478,0.678
2010,1,2010_01_DEN_JAX,JAX,DEN,24,17,outdoors,grass,90.0,10.0,299.0,0.0,3.0,0.167049,5.3571,0.7273,363.0,2.0,2.0,0.07502,3.2787,0.5833
2010,1,2010_01_CIN_NE,NE,CIN,38,24,outdoors,fieldturf,62.0,10.0,376.0,0.0,4.0,0.225246,6.8966,0.7143,428.0,2.0,4.0,0.057089,5.2632,0.6667
2010,1,2010_01_CAR_NYG,NYG,CAR,31,18,outdoors,fieldturf,64.0,10.0,376.0,4.0,4.0,-0.050901,5.9701,0.6452,237.0,5.0,1.0,-0.2391,1.5873,0.359
2010,1,2010_01_ATL_PIT,PIT,ATL,15,9,outdoors,grass,65.0,9.0,354.0,1.0,1.0,-0.026955,1.6667,0.6207,295.0,1.0,0.0,-0.081445,0.0,0.587
2010,1,2010_01_CLE_TB,TB,CLE,17,14,outdoors,grass,87.0,6.0,288.0,2.0,2.0,-0.156788,3.2787,0.5484,340.0,3.0,2.0,-0.171547,3.2787,0.5526
2010,1,2010_01_OAK_TEN,TEN,OAK,38,13,outdoors,grass,77.0,9.0,345.0,1.0,5.0,0.152732,8.6207,0.6842,,,,,,
2010,1,2010_01_GB_PHI,PHI,GB,20,27,outdoors,grass,69.0,4.0,321.0,1.0,2.0,0.029986,3.3333,0.5385,299.0,2.0,3.0,0.138618,4.4776,0.5588
2010,1,2010_01_SF_SEA,SEA,SF,31,6,outdoors,fieldturf,64.0,11.0,242.0,1.0,3.0,0.047554,6.383,0.75,263.0,2.0,1.0,-0.243927,1.5152,0.5532
2010,1,2010_01_ARI_STL,STL,ARI,13,17,dome,astroplay,,,,,,,,,378.0,4.0,2.0,-0.116269,3.125,0.5116
2010,1,2010_01_DAL_WAS,WAS,DAL,13,7,outdoors,grass,66.0,2.0,250.0,0.0,0.0,-0.058807,0.0,0.4545,380.0,1.0,2.0,-0.105409,2.8169,0.6327
2010,1,2010_01_BAL_NYJ,NYJ,BAL,9,10,outdoors,fieldturf,67.0,11.0,176.0,1.0,0.0,-0.203544,0.0,0.4348,282.0,3.0,1.0,-0.115117,1.3333,0.5
2010,1,2010_01_SD_KC,KC,SD,21,14,outdoors,grass,78.0,10.0,197.0,0.0,2.0,-0.143512,4.0816,0.4348,,,,,,
2010,2,2010_02_ARI_ATL,ATL,ARI,41,7,dome,fieldturf,,,444.0,1.0,5.0,0.151714,6.4103,0.6364,267.0,3.0,1.0,-0.328371,2.0833,0.5143
2010,2,2010_02_TB_CAR,CAR,TB,7,20,outdoors,grass,89.0,4.0,278.0,3.0,1.0,-0.152136,1.5152,0.3939,273.0,0.0,2.0,0.065102,3.3898,0.48
2010,2,2010_02_BAL_CIN,CIN,BAL,15,10,outdoors,fieldturf,78.0,1.0,253.0,0.0,0.0,-0.118764,0.0,0.4444,259.0,4.0,1.0,-0.195852,1.5873,0.425
2010,2,2010_02_KC_CLE,CLE,KC,14,16,outdoors,grass,65.0,16.0,299.0,2.0,3.0,-0.142648,5.1724,0.5,312.0,2.0,0.0,-0.084764,0.0,0.5517
2010,2,2010_02_CHI_DAL,DAL,CHI,20,27,closed,matrixturf,,,410.0,3.0,1.0,-0.074459,1.4085,0.6667,308.0,0.0,4.0,0.031718,8.1633,0.7
2010,2,2010_02_PHI_DET,DET,PHI,32,35,dome,fieldturf,,,446.0,2.0,4.0,0.055701,5.4054,0.5208,409.0,0.0,5.0,0.114827,7.3529,0.525
2010,2,2010_02_BUF_GB,GB,BUF,34,7,outdoors,grass,58.0,4.0,346.0,0.0,4.0,0.211723,7.1429,0.6552,186.0,2.0,1.0,-0.162143,1.8519,0.5
2010,2,2010_02_MIA_MIN,MIN,MIA,10,14,dome,sportturf,,,364.0,4.0,2.0,-0.197819,2.7778,0.5641,226.0,2.0,1.0,-0.166876,2.1739,0.5294
2010,2,2010_02_PIT_TEN,TEN,PIT,11,19,outdoors,grass,87.0,3.0,240.0,7.0,1.0,-0.391708,1.6129,0.6,127.0,1.0,1.0,-0.260228,1.8519,0.4286
2010,2,2010_02_SEA_DEN,DEN,SEA,31,14,outdoors,grass,91.0,9.0,369.0,1.0,4.0,0.236767,5.4054,0.6944,339.0,3.0,2.0,0.085194,3.5714,0.5556
2010,2,2010_02_STL_OAK,OAK,STL,16,14,outdoors,grass,72.0,6.0,,,,,,,,,,,,
2010,2,2010_02_NE_NYJ,NYJ,NE,28,14,outdoors,fieldturf,81.0,6.0,338.0,0.0,3.0,0.194337,4.5455,0.6176,291.0,3.0,2.0,0.032079,3.5088,0.5405
2010,2,2010_02_JAX_SD,SD,JAX,38,13,outdoors,grass,76.0,8.0,,,,,,,350.0,6.0,1.0,-0.155008,1.4706,0.5909
2010,2,2010_02_HOU_WAS,WAS,HOU,27,30,outdoors,grass,85.0,6.0,421.0,0.0,3.0,0.118579,5.1724,0.6829,526.0,1.0,3.0,0.153091,3.7037,0.6667
2010,2,2010_02_NYG_IND,IND,NYG,38,14,open,fieldturf,,,410.0,1.0,4.0,0.118168,5.7143,0.7407,257.0,3.0,3.0,-0.194974,5.6604,0.4643
2010,2,2010_02_NO_SF,SF,NO,22,25,outdoors,grass,65.0,10.0,419.0,3.0,3.0,0.086731,5.0847,0.697,287.0,1.0,2.0,0.147039,3.125,0.7
2010,3,2010_03_CLE_BAL,BAL,CLE,24,17,outdoors,fieldturf,64.0,6.0,365.0,0.0,3.0,0.165977,5.0847,0.7188,304.0,0.0,2.0,0.09081,3.6364,0.6923
2010,3,2010_03_CIN_CAR,CAR,CIN,7,20,outdoors,grass,67.0,8.0,267.0,4.0,1.0,-0.316908,1.7241,0.4706,305.0,2.0,2.0,-0.078626,2.6667,0.5
2010,3,2010_03_DAL_HOU,HOU,DAL,13,27,closed,grass,,,340.0,3.0,1.0,-0.011537,1.7241,0.6389,385.0,0.0,3.0,0.215722,5.2632,0.7667
2010,3,2010_03_SF_KC,KC,SF,31,10,outdoors,grass,55.0,10.0,457.0,1.0,4.0,0.123028,6.0606,0.5926,251.0,1.0,1.0,-0.123878,1.6129,0.4894
2010,3,2010_03_DET_MIN,MIN,DET,24,10,dome,sportturf,,,368.0,4.0,3.0,-0.01132,4.5455,0.6389,295.0,2.0,1.0,-0.173699,1.5873,0.6591
2010,3,2010_03_BUF_NE,NE,BUF,38,30,outdoors,fieldturf,68.0,11.0,445.0,1.0,5.0,0.219865,7.5758,0.75,374.0,2.0,3.0,0.208262,5.6604,0.6897
2010,3,2010_03_ATL_NO,NO,ATL,24,27,dome,sportturf,,,398.0,4.0,3.0,0.025085,5.3571,0.75,417.0,0.0,3.0,0.071321,3.6585,0.5938
2010,3,2010_03_TEN_NYG,NYG,TEN,10,29,outdoors,fieldturf,70.0,3.0,471.0,3.0,1.0,-0.133182,1.4286,0.68,271.0,0.0,3.0,0.142943,5.1724,0.5882
2010,3,2010_03_PIT_TB,TB,PIT,13,38,outdoors,grass,90.0,7.0,303.0,2.0,2.0,-0.168909,3.2258,0.6341,387.0,2.0,4.0,0.251428,8.1633,0.7059
2010,3,2010_03_PHI_JAX,JAX,PHI,3,28,outdoors,grass,89.0,5.0,184.0,1.0,0.0,-0.190542,0.0,0.3611,373.0,0.0,4.0,0.154861,7.2727,0.5
2010,3,2010_03_WAS_STL,STL,WAS,30,16,dome,astroplay,,,,,,,,,349.0,2.0,1.0,-0.191398,2.0,0.5758
2010,3,2010_03_OAK_ARI,ARI,OAK,24,23,closed,grass,,,227.0,1.0,3.0,0.082338,5.5556,0.4286,,,,,,
2010,3,2010_03_IND_DEN,DEN,IND,13,27,outdoors,grass,85.0,6.0,519.0,1.0,1.0,-0.016808,1.3158,0.6379,365.0,1.0,3.0,0.19982,4.6154,0.6279
2010,3,2010_03_SD_SEA,SEA,SD,27,20,outdoors,fieldturf,68.0,10.0,271.0,2.0,3.0,0.006055,5.3571,0.5429,,,,,,
2010,3,2010_03_NYJ_MIA,MIA,NYJ,23,31,outdoors,grass,83.0,9.0,436.0,1.0,2.0,0.116068,2.8571,0.5532,402.0,0.0,4.0,0.259415,7.0175,0.5357
2010,3,2010_03_GB_CHI,CHI,GB,20,17,outdoors,grass,56.0,6.0,276.0,1.0,1.0,0.062575,2.0833,0.5333,379.0,2.0,3.0,0.038258,5.0,0.7556
2010,4,2010_04_SF_ATL,ATL,SF,16,14,dome,fieldturf,,,357.0,3.0,2.0,-0.058437,2.6667,0.5652,262.0,2.0,1.0,-0.071126,1.7857,0.6364
2010,4,2010_04_NYJ_BUF,BUF,NYJ,14,38,outdoors,astroplay,51.0,16.0,223.0,2.0,2.0,-0.236088,4.3478,0.4,443.0,0.0,5.0,0.124275,6.7568,0.6154
2010,4,2010_04_CIN_CLE,CLE,CIN,23,20,outdoors,grass,50.0,10.0,295.0,1.0,2.0,0.079365,3.0303,0.5806,413.0,2.0,2.0,0.072411,3.4483,0.625
2010,4,2010_04_DET_GB,GB,DET,28,26,outdoors,grass,52.0,8.0,261.0,4.0,3.0,0.003974,7.5,0.6316,431.0,3.0,3.0,0.020086,3.8462,0.5965
2010,4,2010_04_CAR_NO,NO,CAR,16,14,dome,sportturf,,,383.0,3.0,1.0,0.040276,1.2658,0.66,251.0,0.0,2.0,0.048954,4.2553,0.4583
2010,4,2010_04_BAL_PIT,PIT,BAL,14,17,outdoors,grass,52.0,5.0,210.0,1.0,2.0,-0.078433,4.0,0.5217,320.0,2.0,2.0,-0.019419,3.0769,0.6316
2010,4,2010_04_SEA_STL,STL,SEA,20,3,dome,astroplay,,,,,,,,,257.0,2.0,0.0,-0.332182,0.0,0.5122
2010,4,2010_04_DEN_TEN,TEN,DEN,20,26,outdoors,grass,54.0,13.0,288.0,2.0,2.0,-0.030323,3.8462,0.5667,327.0,1.0,2.0,0.067226,2.6316,0.625
2010,4,2010_04_IND_JAX,JAX,IND,31,28,outdoors,grass,80.0,10.0,337.0,0.0,4.0,0.226047,7.0175,0.7727,406.0,2.0,4.0,0.206268,6.0606,0.7021
2010,4,2010_04_HOU_OAK,OAK,HOU,24,31,outdoors,grass,71.0,15.0,,,,,,,441.0,0.0,4.0,0.179327,6.1538,0.5517
2010,4,2010_04_WAS_PHI,PHI,WAS,12,17,outdoors,grass,63.0,13.0,353.0,2.0,1.0,-0.05126,1.4493,0.6136,293.0,1.0,2.0,0.040763,3.6364,0.4
2010,4,2010_04_ARI_SD,SD,ARI,41,10,outdoors,grass,72.0,8.0,,,,,,,124.0,3.0,1.0,-0.313804,1.9608,0.4054
2010,4,2010_04_CHI_NYG,NYG,CHI,17,3,outdoors,fieldturf,59.0,14.0,372.0,3.0,2.0,-0.224681,3.125,0.5625,110.0,3.0,0.0,-0.421716,0.0,0.4167
2010,4,2010_04_NE_MIA,MIA,NE,14,41,outdoors,grass,80.0,15.0,400.0,4.0,4.0,-0.229773,5.9701,0.6596,265.0,0.0,3.0,0.166186,5.0847,0.7037
2010,5,2010_05_DEN_BAL,BAL,DEN,31,17,outdoors,fieldturf,67.0,6.0,415.0,0.0,4.0,0.157574,5.4795,0.5385,346.0,1.0,2.0,0.015431,3.8462,0.5897
2010,5,2010_05_JAX_BUF,BUF,JAX,26,36,outdoors,astroplay,62.0,10.0,306.0,1.0,3.0,0.058737,5.4545,0.5882,381.0,2.0,3.0,0.266224,4.8387,0.7273
2010,5,2010_05_CHI_CAR,CAR,CHI,6,23,outdoors,grass,81.0,2.0,147.0,3.0,0.0,-0.37137,0.0,0.3784,247.0,4.0,2.0,-0.136327,3.125,0.3636
2010,5,2010_05_TB_CIN,CIN,TB,21,24,outdoors,fieldturf,81.0,2.0,360.0,4.0,3.0,-0.067011,4.6154,0.5833,391.0,3.0,2.0,-0.006095,3.3333,0.5789
2010,5,2010_05_ATL_CLE,CLE,ATL,10,20,outdoors,grass,71.0,9.0,269.0,3.0,2.0,-0.165782,3.2258,0.5952,338.0,1.0,1.0,-0.005349,1.6393,0.5333
2010,5,2010_05_STL_DET,DET,STL,44,6,dome,fieldturf,,,322.0,0.0,4.0,0.174076,6.5574,0.6286,,,,,,
2010,5,2010_05_NYG_HOU,HOU,NYG,10,34,closed,grass,,,195.0,2.0,1.0,-0.310205,1.9231,0.4324,414.0,2.0,4.0,0.067631,5.4054,0.6429
2010,5,2010_05_KC_IND,IND,KC,19,9,closed,fieldturf,,,341.0,1.0,1.0,0.058836,1.3158,0.5778,261.0,1.0,0.0,-0.059557,0.0,0.5333
2010,5,2010_05_GB_WAS,WAS,GB,16,13,outdoors,grass,72.0,0.0,373.0,1.0,1.0,-0.110502,1.3333,0.4815,427.0,2.0,1.0,-0.135826,1.4925,0.54
2010,5,2010_05_NO_ARI,ARI,NO,30,20,closed,grass,,,194.0,1.0,1.0,-0.064003,1.7544,0.5455,358.0,4.0,4.0,-0.170982,6.4516,0.6
2010,5,2010_05_TEN_DAL,DAL,TEN,27,34,closed,matrixturf,,,511.0,3.0,3.0,0.035893,4.0,0.5962,321.0,0.0,4.0,0.18695,7.2727,0.4286
2010,5,2010_05_SD_OAK,OAK,SD,35,27,outdoors,grass,67.0,0.0,,,,,,,,,,,,
2010,5,2010_05_PHI_SF,SF,PHI,24,27,outdoors,grass,71.0,10.0,364.0,5.0,4.0,-0.033388,6.3492,0.6098,352.0,1.0,2.0,0.035242,3.2258,0.6
2010,5,2010_05_MIN_NYJ,NYJ,MIN,29,20,outdoors,fieldturf,72.0,10.0,328.0,0.0,1.0,0.009473,1.2821,0.4565,336.0,3.0,4.0,-0.074551,6.3492,0.359
2010,6,2010_06_SEA_CHI,CHI,SEA,20,23,outdoors,grass,61.0,9.0,307.0,0.0,1.0,-0.097362,1.6949,0.3778,353.0,0.0,4.0,-0.029035,5.6338,0.625
2010,6,2010_06_MIA_GB,GB,MIA,20,23,outdoors,grass,57.0,11.0,359.0,1.0,2.0,0.059309,3.3898,0.4737,381.0,1.0,2.0,0.099217,2.5641,0.5897
2010,6,2010_06_KC_HOU,HOU,KC,35,31,open,grass,,,421.0,0.0,5.0,0.326093,8.7719,0.7143,417.0,0.0,4.0,0.260773,5.8824,0.6667
2010,6,2010_06_BAL_NE,NE,BAL,23,20,outdoors,fieldturf,57.0,14.0,394.0,2.0,2.0,0.055447,2.7397,0.5745,377.0,0.0,2.0,0.051274,2.7778,0.7105
2010,6,2010_06_DET_NYG,NYG,DET,28,20,outdoors,fieldturf,63.0,9.0,334.0,1.0,4.0,0.10586,6.4516,0.625,366.0,3.0,2.0,0.027298,2.7778,0.549
2010,6,2010_06_ATL_PHI,PHI,ATL,31,17,outdoors,grass,66.0,12.0,474.0,1.0,4.0,0.079877,5.8824,0.7667,293.0,2.0,2.0,-0.080528,3.125,0.5111
2010,6,2010_06_CLE_PIT,PIT,CLE,28,10,outdoors,grass,61.0,13.0,378.0,2.0,4.0,0.195614,6.4516,0.5926,328.0,2.0,1.0,-0.02178,1.6667,0.6053
2010,6,2010_06_SD_STL,STL,SD,20,17,dome,astroplay,,,,,,,,,,,,,,
2010,6,2010_06_NO_TB,TB,NO,6,31,outdoors,grass,81.0,9.0,277.0,1.0,1.0,-0.055364,1.4925,0.551,475.0,1.0,4.0,0.301805,6.25,0.6562
2010,6,2010_06_NYJ_DEN,DEN,NYJ,20,24,outdoors,grass,73.0,4.0,346.0,2.0,2.0,-0.087286,2.7778,0.4,319.0,3.0,3.0,-0.016607,4.8387,0.5312
2010,6,2010_06_OAK_SF,SF,OAK,17,9,outdoors,grass,53.0,10.0,349.0,0.0,2.0,-0.042939,3.0303,0.4571,,,,,,
2010,6,2010_06_DAL_MIN,MIN,DAL,24,21,dome,sportturf,,,188.0,1.0,3.0,0.010547,6.0,0.6364,308.0,2.0,3.0,-0.010291,5.0,0.75
2010,6,2010_06_IND_WAS,WAS,IND,24,27,outdoors,grass,70.0,7.0,335.0,3.0,3.0,-0.001162,4.1667,0.6042,469.0,2.0,3.0,0.077051,4.4118,0.641
2010,6,2010_06_TEN_JAX,JAX,TEN,3,30,outdoors,grass,70.0,8.0,249.0,4.0,0.0,-0.153693,0.0,0.5526,324.0,0.0,3.0,0.252842,5.0,0.6667
2010,7,2010_07_CIN_ATL,ATL,CIN,39,32,dome,fieldturf,,,454.0,2.0,6.0,0.202077,9.375,0.7059,469.0,1.0,3.0,0.146787,3.9474,0.6545
2010,7,2010_07_BUF_BAL,BAL,BUF,37,34,outdoors,fieldturf,70.0,5.0,364.0,2.0,4.0,0.077764,6.4516,0.4848,506.0,4.0,4.0,0.074768,5.0633,0.6591
2010,7,2010_07_SF_CAR,CAR,SF,23,20,outdoors,grass,75.0,9.0,379.0,3.0,3.0,-0.068643,3.9474,0.6667,282.0,1.0,1.0,-0.094848,1.7857,0.4118
2010,7,2010_07_WAS_CHI,CHI,WAS,14,17,outdoors,grass,67.0,11.0,322.0,6.0,2.0,-0.403174,3.3333,0.5909,308.0,3.0,2.0,-0.326319,3.2258,0.5
2010,7,2010_07_JAX_KC,KC,JAX,42,20,outdoors,grass,63.0,15.0,426.0,1.0,5.0,0.302436,8.1967,0.6842,300.0,2.0,3.0,0.048038,5.1724,0.5143
2010,7,2010_07_PIT_MIA,MIA,PIT,22,23,outdoors,grass,80.0,13.0,313.0,1.0,1.0,-0.016626,1.7241,0.6216,348.0,2.0,2.0,0.032635,3.5088,0.6333
2010,7,2010_07_CLE_NO,NO,CLE,17,30,dome,sportturf,,,394.0,4.0,4.0,-0.178075,5.1948,0.6271,210.0,0.0,1.0,0.008768,2.1739,0.5556
2010,7,2010_07_STL_TB,TB,STL,18,17,outdoors,grass,84.0,9.0,313.0,0.0,1.0,0.03714,1.5385,0.5349,,,,,,
2010,7,2010_07_PHI_TEN,TEN,PHI,37,19,outdoors,grass,78.0,22.0,328.0,4.0,3.0,0.089682,5.0,0.5,326.0,3.0,2.0,-0.085257,2.7397,0.5306
2010,7,2010_07_ARI_SEA,SEA,ARI,22,10,outdoors,fieldturf,52.0,12.0,302.0,2.0,1.0,-0.055498,1.2658,0.4651,227.0,4.0,1.0,-0.256495,1.8182,0.3429
2010,7,2010_07_OAK_DEN,DEN,OAK,14,59,outdoors,grass,63.0,9.0,240.0,3.0,3.0,-0.30725,6.0,0.3636,,,,,,
2010,7,2010_07_NE_SD,SD,NE,20,23,outdoors,grass,69.0,7.0,,,,,,,179.0,0.0,2.0,-0.01893,3.4483,0.5278
2010,7,2010_07_MIN_GB,GB,MIN,28,24,outdoors,grass,58.0,4.0,379.0,2.0,3.0,0.082554,5.1724,0.6,402.0,3.0,4.0,0.064519,6.0606,0.5333
2010,7,2010_07_NYG_DAL,DAL,NYG,35,41,open,matrixturf,,,256.0,2.0,3.0,-0.155449,5.2632,0.4773,497.0,5.0,6.0,-0.037749,8.2192,0.6944
2010,8,2010_08_MIA_CIN,CIN,MIA,14,22,outdoors,fieldturf,54.0,11.0,262.0,2.0,2.0,0.008112,3.125,0.4474,354.0,1.0,1.0,0.141207,1.4706,0.6486
2010,8,2010_08_JAX_DAL,DAL,JAX,17,35,closed,matrixturf,,,415.0,4.0,2.0,-0.073075,2.7397,0.6667,387.0,1.0,5.0,0.2078,8.6207,0.7083
2010,8,2010_08_WAS_DET,DET,WAS,37,25,dome,fieldturf,,,306.0,2.0,4.0,-0.125371,5.4054,0.5306,275.0,2.0,4.0,-0.253375,6.1538,0.4565
2010,8,2010_08_BUF_KC,KC,BUF,13,10,outdoors,grass,51.0,13.0,414.0,0.0,1.0,-0.025151,1.3514,0.4828,328.0,1.0,1.0,-0.038918,1.1905,0.4706
2010,8,2010_08_GB_NYJ,NYJ,GB,0,9,outdoors,fieldturf,57.0,15.0,360.0,3.0,0.0,-0.245216,0.0,0.4,237.0,0.0,0.0,-0.125805,0.0,0.4167
2010,8,2010_08_DEN_SF,SF,DEN,24,16,outdoors,grass,54.0,6.0,339.0,0.0,3.0,0.149805,4.918,0.6316,398.0,2.0,2.0,0.026456,3.2787,0.6364
2010,8,2010_08_CAR_STL,STL,CAR,20,10,dome,astroplay,,,,,,,,,201.0,4.0,1.0,-0.277706,1.7544,0.575
2010,8,2010_08_TEN_SD,SD,TEN,33,25,outdoors,grass,65.0,10.0,,,,,,,370.0,0.0,3.0,0.200824,5.3571,0.4865
2010,8,2010_08_TB_ARI,ARI,TB,35,38,closed,grass,,,396.0,5.0,6.0,-0.081762,9.375,0.5854,407.0,1.0,4.0,-0.019357,7.0175,0.6667
2010,8,2010_08_MIN_NE,NE,MIN,28,18,outdoors,fieldturf,49.0,16.0,362.0,0.0,4.0,0.229872,7.4074,0.5926,412.0,1.0,2.0,0.09253,2.9412,0.65
2010,8,2010_08_SEA_OAK,OAK,SEA,33,3,outdoors,grass,66.0,5.0,,,,,,,162.0,1.0,0.0,-0.207947,0.0,0.325
2010,8,2010_08_PIT_NO,NO,PIT,20,10,dome,sportturf,,,318.0,2.0,2.0,-0.048748,2.9851,0.7391,279.0,2.0,1.0,-0.203739,1.9231,0.5484
2010,8,2010_08_HOU_IND,IND,HOU,30,17,closed,fieldturf,,,366.0,0.0,2.0,0.082356,2.7027,0.5652,291.0,2.0,3.0,-0.04487,5.0847,0.5366
2010,9,2010_09_TB_ATL,ATL,TB,27,21,dome,fieldturf,,,365.0,0.0,3.0,0.159465,4.3478,0.6667,278.0,2.0,3.0,0.149613,6.0,0.4783
2010,9,2010_09_MIA_BAL,BAL,MIA,26,10,outdoors,fieldturf,50.0,11.0,402.0,0.0,2.0,0.088255,2.8169,0.6562,289.0,3.0,1.0,-0.125457,1.8868,0.6111
2010,9,2010_09_CHI_BUF,BUF,CHI,19,22,dome,astroplay,,,340.0,3.0,3.0,-0.061872,4.2254,0.5962,285.0,1.0,3.0,-0.003124,4.7619,0.5312
2010,9,2010_09_NO_CAR,CAR,NO,3,34,outdoors,grass,50.0,7.0,195.0,2.0,1.0,-0.349573,1.5625,0.425,408.0,1.0,3.0,0.055117,3.9474,0.6136
2010,9,2010_09_NE_CLE,CLE,NE,34,14,outdoors,grass,43.0,13.0,404.0,1.0,4.0,0.213651,6.3492,0.7368,283.0,3.0,2.0,-0.033141,3.3898,0.4872
2010,9,2010_09_NYJ_DET,DET,NYJ,20,23,dome,fieldturf,,,306.0,0.0,3.0,-0.046991,4.4776,0.5128,437.0,2.0,2.0,-0.002295,2.8571,0.55
2010,9,2010_09_SD_HOU,HOU,SD,23,29,open,grass,,,392.0,1.0,2.0,0.035146,2.9412,0.6176,,,,,,
2010,9,2010_09_ARI_MIN,MIN,ARI,27,24,dome,sportturf,,,507.0,4.0,4.0,0.003983,5.7143,0.72,225.0,0.0,2.0,-0.018305,3.7037,0.4848
2010,9,2010_09_NYG_SEA,SEA,NYG,7,41,outdoors,fieldturf,55.0,15.0,162.0,3.0,1.0,-0.288996,2.7027,0.5217,487.0,1.0,5.0,0.24519,6.3291,0.6562
2010,9,2010_09_KC_OAK,OAK,KC,23,20,outdoors,grass,62.0,9.0,,,,,,,304.0,3.0,2.0,-0.086572,2.7778,0.5263
2010,9,2010_09_IND_PHI,PHI,IND,26,24,outdoors,grass,52.0,18.0,402.0,0.0,2.0,0.133871,3.1746,0.5312,338.0,2.0,3.0,0.102804,4.1096,0.5741
2010,9,2010_09_DAL_GB,GB,DAL,45,7,outdoors,grass,43.0,3.0,415.0,1.0,4.0,0.270859,5.6338,0.75,205.0,3.0,3.0,-0.248048,6.25,0.5588
2010,9,2010_09_PIT_CIN,CIN,PIT,21,27,outdoors,fieldturf,44.0,2.0,272.0,2.0,3.0,-0.152617,5.1724,0.55,314.0,2.0,3.0,-0.044205,4.918,0.6207
2010,10,2010_10_BAL_ATL,ATL,BAL,26,21,dome,fieldturf,,,362.0,1.0,3.0,0.144604,3.9474,0.6038,320.0,1.0,3.0,0.143814,5.2632,0.6111
2010,10,2010_10_DET_BUF,BUF,DET,14,12,outdoors,astroplay,58.0,12.0,288.0,1.0,2.0,-0.120972,3.4483,0.48,390.0,1.0,1.0,-0.100885,1.2821,0.5577
2010,10,2010_10_MIN_CHI,CHI,MIN,27,13,outdoors,grass,44.0,22.0,360.0,2.0,3.0,0.009514,4.0541,0.5946,240.0,4.0,1.0,-0.160025,1.8519,0.5625
2010,10,2010_10_NYJ_CLE,CLE,NYJ,20,26,outdoors,grass,46.0,17.0,303.0,2.0,2.0,-0.022038,3.3898,0.5294,456.0,1.0,3.0,0.063573,3.2967,0.587
2010,10,2010_10_CIN_IND,IND,CIN,23,17,closed,fieldturf,,,256.0,0.0,1.0,-0.088341,1.6667,0.5263,341.0,5.0,3.0,-0.14865,4.6154,0.6889
2010,10,2010_10_HOU_JAX,JAX,HOU,31,24,outdoors,grass,70.0,5.0,491.0,0.0,4.0,0.209555,5.7971,0.7273,395.0,1.0,3.0,0.176336,5.6604,0.6875
2010,10,2010_10_TEN_MIA,MIA,TEN,29,17,outdoors,grass,79.0,9.0,404.0,1.0,3.0,0.018562,4.3478,0.6316,259.0,3.0,2.0,-0.118142,3.0769,0.45
2010,10,2010_10_CAR_TB,TB,CAR,31,16,outdoors,grass,73.0,7.0,421.0,1.0,4.0,0.134063,7.2727,0.72,300.0,2.0,1.0,-0.019678,1.6129,0.5161
2010,10,2010_10_KC_DEN,DEN,KC,49,29,outdoors,grass,43.0,6.0,452.0,0.0,6.0,0.271108,9.0909,0.6571,484.0,1.0,5.0,0.031598,6.1728,0.5593
2010,10,2010_10_SEA_ARI,ARI,SEA,18,36,closed,grass,,,329.0,2.0,2.0,-0.197953,3.0769,0.451,490.0,1.0,3.0,0.075111,4.1096,0.619
2010,10,2010_10_DAL_NYG,NYG,DAL,20,33,outdoors,fieldturf,60.0,8.0,480.0,3.0,3.0,-0.080474,3.9474,0.6875,427.0,1.0,3.0,0.126827,6.0,0.5909
2010,10,2010_10_STL_SF,SF,STL,23,20,outdoors,grass,74.0,5.0,421.0,0.0,2.0,0.078961,3.3898,0.5152,,,,,,
2010,10,2010_10_NE_PIT,PIT,NE,26,39,outdoors,grass,49.0,8.0,429.0,1.0,4.0,0.040555,5.5556,0.5556,453.0,0.0,4.0,0.235616,5.8824,0.6818
2010,10,2010_10_PHI_WAS,WAS,PHI,28,59,outdoors,grass,52.0,3.0,375.0,3.0,5.0,0.01245,9.8039,0.5152,592.0,0.0,7.0,0.409934,10.4478,0.6897
2010,11,2010_11_CHI_MIA,MIA,CHI,0,16,outdoors,grass,75.0,8.0,187.0,1.0,0.0,-0.283721,0.0,0.4857,268.0,1.0,1.0,0.027971,1.4706,0.5714
2010,11,2010_11_BAL_CAR,CAR,BAL,13,37,outdoors,grass,65.0,6.0,270.0,2.0,3.0,-0.261442,5.6604,0.4194,378.0,2.0,2.0,0.097155,2.9851,0.6667
2010,11,2010_11_BUF_CIN,CIN,BUF,31,49,outdoors,fieldturf,65.0,16.0,361.0,3.0,4.0,-0.029594,5.7971,0.5641,449.0,2.0,7.0,0.248766,11.6667,0.6
2010,11,2010_11_DET_DAL,DAL,DET,35,19,closed,matrixturf,,,265.0,1.0,4.0,0.103479,7.1429,0.6923,338.0,2.0,3.0,-0.090915,4.2857,0.64
2010,11,2010_11_CLE_JAX,JAX,CLE,24,20,outdoors,grass,76.0,8.0,371.0,6.0,4.0,-0.115146,5.9701,0.5128,283.0,1.0,1.0,-0.129386,1.6667,0.5
2010,11,2010_11_ARI_KC,KC,ARI,31,13,outdoors,grass,66.0,20.0,352.0,0.0,4.0,0.20789,7.5472,0.625,382.0,0.0,1.0,-0.02607,1.4706,0.5208
2010,11,2010_11_GB_MIN,MIN,GB,3,31,dome,sportturf,,,300.0,2.0,0.0,-0.272711,0.0,0.4359,374.0,0.0,4.0,0.150548,6.1538,0.6571
2010,11,2010_11_HOU_NYJ,NYJ,HOU,30,27,outdoors,fieldturf,46.0,1.0,401.0,2.0,3.0,0.017201,4.1667,0.5366,343.0,1.0,3.0,0.015948,5.0,0.5588
2010,11,2010_11_OAK_PIT,PIT,OAK,35,3,outdoors,grass,57.0,9.0,431.0,1.0,5.0,0.130504,7.8125,0.5806,,,,,,
2010,11,2010_11_WAS_TEN,TEN,WAS,16,19,outdoors,grass,66.0,12.0,373.0,2.0,0.0,-0.053072,0.0,0.5769,465.0,1.0,2.0,0.018991,2.3256,0.566
2010,11,2010_11_SEA_NO,NO,SEA,34,19,dome,sportturf,,,494.0,2.0,5.0,0.201089,6.9444,0.6744,424.0,2.0,1.0,0.065326,1.6393,0.7273
2010,11,2010_11_TB_SF,SF,TB,0,21,outdoors,grass,54.0,25.0,189.0,2.0,0.0,-0.374179,0.0,0.4324,299.0,0.0,3.0,-0.028152,4.5455,0.5833
2010,11,2010_11_ATL_STL,STL,ATL,17,34,dome,astroplay,,,,,,,,,393.0,0.0,3.0,0.15493,4.2254,0.65
2010,11,2010_11_IND_NE,NE,IND,31,28,outdoors,fieldturf,37.0,6.0,346.0,0.0,4.0,0.257771,6.6667,0.7308,467.0,3.0,4.0,0.214913,5.5556,0.7308
2010,11,2010_11_NYG_PHI,PHI,NYG,27,17,outdoors,grass,45.0,7.0,394.0,1.0,2.0,0.028749,2.9412,0.5714,208.0,6.0,2.0,-0.087665,3.8462,0.6061
2010,11,2010_11_DEN_SD,SD,DEN,35,14,outdoors,grass,55.0,5.0,,,,,,,235.0,1.0,2.0,-0.103438,3.4483,0.5581
2010,12,2010_12_NE_DET,DET,NE,24,45,dome,fieldturf,,,406.0,2.0,3.0,-0.011173,4.0,0.5625,447.0,0.0,6.0,0.344494,11.3208,0.75
2010,12,2010_12_NO_DAL,DAL,NO,27,30,closed,matrixturf,,,457.0,4.0,3.0,0.071056,4.0,0.6977,414.0,1.0,3.0,0.172479,4.8387,0.561
2010,12,2010_12_CIN_NYJ,NYJ,CIN,26,10,outdoors,fieldturf,39.0,6.0,319.0,2.0,3.0,0.041971,4.4776,0.5333,163.0,2.0,1.0,-0.126523,1.6129,0.4048
2010,12,2010_12_GB_ATL,ATL,GB,20,17,dome,fieldturf,,,294.0,0.0,2.0,0.114242,3.5088,0.8,418.0,1.0,2.0,0.113852,3.3898,0.7222
2010,12,2010_12_PIT_BUF,BUF,PIT,16,19,outdoors,astroplay,36.0,13.0,329.0,2.0,1.0,0.041166,1.5625,0.4894,426.0,1.0,1.0,0.072415,1.2048,0.5263
2010,12,2010_12_CAR_CLE,CLE,CAR,24,23,outdoors,grass,39.0,5.0,379.0,3.0,4.0,-0.062443,5.7143,0.6316,326.0,1.0,1.0,-0.046422,1.7241,0.5161
2010,12,2010_12_TEN_HOU,HOU,TEN,20,0,open,grass,,,346.0,0.0,2.0,0.028877,2.6316,0.6757,162.0,3.0,0.0,-0.287923,0.0,0.5312
2010,12,2010_12_JAX_NYG,NYG,JAX,24,20,outdoors,fieldturf,43.0,6.0,363.0,0.0,2.0,0.169627,3.9216,0.5833,328.0,2.0,2.0,0.100989,2.7397,0.5128
2010,12,2010_12_MIN_WAS,WAS,MIN,13,17,outdoors,grass,47.0,5.0,216.0,1.0,1.0,-0.03955,1.9231,0.5385,299.0,0.0,2.0,0.04766,3.1746,0.6
2010,12,2010_12_MIA_OAK,OAK,MIA,17,33,outdoors,grass,54.0,10.0,,,,,,,471.0,1.0,3.0,0.099505,3.6585,0.5152
2010,12,2010_12_KC_SEA,SEA,KC,24,42,outdoors,fieldturf,43.0,1.0,288.0,3.0,2.0,-0.076387,3.9216,0.5128,503.0,1.0,7.0,0.164864,8.75,0.6875
2010,12,2010_12_TB_BAL,BAL,TB,17,10,outdoors,fieldturf,48.0,3.0,349.0,1.0,2.0,-0.009407,3.0769,0.641,263.0,0.0,1.0,-0.085628,1.6667,0.4595
2010,12,2010_12_PHI_CHI,CHI,PHI,31,26,outdoors,grass,45.0,16.0,349.0,0.0,4.0,0.163633,7.5472,0.56,398.0,1.0,2.0,0.121845,2.8571,0.6042
2010,12,2010_12_STL_DEN,DEN,STL,33,36,outdoors,grass,45.0,12.0,449.0,2.0,4.0,0.115378,6.3492,0.5333,,,,,,
2010,12,2010_12_SD_IND,IND,SD,14,36,closed,fieldturf,,,303.0,5.0,4.0,-0.301157,6.4516,0.6327,,,,,,
2010,12,2010_12_SF_ARI,ARI,SF,6,27,closed,grass,,,203.0,2.0,0.0,-0.331776,0.0,0.4444,386.0,1.0,3.0,0.052527,4.2254,0.4583
2010,13,2010_13_HOU_PHI,PHI,HOU,34,24,outdoors,grass,36.0,5.0,416.0,1.0,4.0,0.235612,6.3492,0.6471,431.0,2.0,3.0,0.130885,4.6875,0.5789
2010,13,2010_13_NO_CIN,CIN,NO,30,34,outdoors,fieldturf,32.0,12.0,313.0,0.0,3.0,0.201089,4.7619,0.6216,436.0,1.0,4.0,0.305612,7.5472,0.7742
2010,13,2010_13_CHI_DET,DET,CHI,20,24,dome,fieldturf,,,302.0,0.0,2.0,-0.010443,3.7736,0.6154,311.0,1.0,3.0,0.079475,5.1724,0.7
2010,13,2010_13_SF_GB,GB,SF,34,16,outdoors,grass,26.0,16.0,410.0,0.0,4.0,0.176198,5.8824,0.6176,269.0,1.0,1.0,-0.007792,1.9608,0.3448
2010,13,2010_13_DEN_KC,KC,DEN,10,6,outdoors,grass,26.0,8.0,359.0,1.0,1.0,-0.069241,1.3889,0.5152,247.0,1.0,0.0,-0.117203,0.0,0.2812
2010,13,2010_13_CLE_MIA,MIA,CLE,10,13,outdoors,grass,76.0,10.0,281.0,3.0,1.0,-0.18044,1.5385,0.4848,252.0,0.0,1.0,-0.125736,1.7241,0.6667
2010,13,2010_13_BUF_MIN,MIN,BUF,38,14,dome,sportturf,,,387.0,4.0,6.0,-0.055344,9.375,0.625,239.0,5.0,1.0,-0.42785,2.0408,0.5769
2010,13,2010_13_WAS_NYG,NYG,WAS,31,7,outdoors,fieldturf,33.0,17.0,358.0,1.0,4.0,0.024623,6.5574,0.6,338.0,6.0,1.0,-0.264899,1.5625,0.5417
2010,13,2010_13_JAX_TEN,TEN,JAX,6,17,outdoors,grass,35.0,11.0,220.0,2.0,0.0,-0.164827,0.0,0.4242,377.0,0.0,2.0,0.033756,2.7397,0.7
2010,13,2010_13_OAK_SD,SD,OAK,13,28,outdoors,grass,67.0,5.0,,,,,,,,,,,,
2010,13,2010_13_STL_ARI,ARI,STL,6,19,closed,grass,,,224.0,2.0,0.0,-0.251616,0.0,0.3333,,,,,,
2010,13,2010_13_DAL_IND,IND,DAL,35,38,closed,fieldturf,,,405.0,4.0,6.0,-0.040851,9.2308,0.75,370.0,0.0,3.0,0.052323,4.0,0.6207
2010,13,2010_13_CAR_SEA,SEA,CAR,31,14,outdoors,fieldturf,45.0,6.0,371.0,2.0,3.0,0.050919,4.6875,0.5152,283.0,1.0,3.0,-0.131481,4.4776,0.4865
2010,13,2010_13_ATL_TB,TB,ATL,24,28,outdoors,grass,72.0,9.0,325.0,1.0,3.0,0.019787,4.3478,0.5,290.0,2.0,4.0,0.093517,6.3492,0.5
2010,13,2010_13_PIT_BAL,BAL,PIT,10,13,outdoors,fieldturf,35.0,17.0,269.0,1.0,1.0,-0.113521,1.7544,0.4595,288.0,1.0,1.0,-0.031641,1.5385,0.5366
2010,13,2010_13_NYJ_NE,NE,NYJ,45,3,outdoors,fieldturf,27.0,16.0,405.0,0.0,6.0,0.37016,10.3448,0.6562,301.0,3.0,0.0,-0.182016,0.0,0.5
2010,14,2010_14_IND_TEN,TEN,IND,28,30,outdoors,grass,35.0,6.0,365.0,2.0,4.0,0.141973,6.25,0.7179,399.0,0.0,3.0,0.213018,4.4118,0.6944
2010,14,2010_14_CLE_BUF,BUF,CLE,13,6,outdoors,astroplay,36.0,6.0,323.0,1.0,1.0,-0.088007,1.4925,0.56,187.0,3.0,0.0,-0.230748,0.0,0.5714
2010,14,2010_14_ATL_CAR,CAR,ATL,10,31,outdoors,grass,44.0,14.0,288.0,2.0,1.0,-0.201595,1.7241,0.5,327.0,1.0,4.0,0.104875,5.4795,0.5405
2010,14,2010_14_GB_DET,DET,GB,7,3,dome,fieldturf,,,286.0,2.0,1.0,-0.227977,1.5385,0.4167,258.0,3.0,0.0,-0.26324,0.0,0.5366
2010,14,2010_14_OAK_JAX,JAX,OAK,38,31,outdoors,grass,54.0,15.0,385.0,1.0,5.0,0.199249,8.6207,0.4583,,,,,,
2010,14,2010_14_CIN_PIT,PIT,CIN,23,7,outdoors,grass,37.0,8.0,354.0,0.0,0.0,0.028773,0.0,0.5676,190.0,3.0,3.0,-0.202777,6.1224,0.5714
2010,14,2010_14_TB_WAS,WAS,TB,16,17,outdoors,grass,43.0,5.0,399.0,1.0,2.0,-0.017296,3.0769,0.5946,367.0,2.0,1.0,0.044327,1.8868,0.5769
2010,14,2010_14_STL_NO,NO,STL,31,13,dome,sportturf,,,345.0,3.0,3.0,-0.007567,4.2857,0.6098,,,,,,
2010,14,2010_14_SEA_SF,SF,SEA,40,21,outdoors,grass,55.0,3.0,336.0,0.0,3.0,0.068019,5.3571,0.5862,361.0,5.0,4.0,-0.15174,6.1538,0.6279
2010,14,2010_14_DEN_ARI,ARI,DEN,43,13,closed,grass,,,357.0,1.0,3.0,-0.016643,4.1667,0.3947,288.0,6.0,2.0,-0.340845,2.7397,0.4524
2010,14,2010_14_NE_CHI,CHI,NE,7,36,outdoors,grass,26.0,30.0,185.0,4.0,2.0,-0.351248,4.7619,0.4286,475.0,0.0,3.0,0.14249,3.8462,0.6279
2010,14,2010_14_MIA_NYJ,NYJ,MIA,6,10,outdoors,fieldturf,53.0,8.0,280.0,2.0,0.0,-0.281335,0.0,0.34,131.0,3.0,1.0,-0.290036,1.7857,0.2083
2010,14,2010_14_KC_SD,SD,KC,31,0,outdoors,grass,86.0,5.0,,,,,,,67.0,0.0,0.0,-0.285625,0.0,0.375
2010,14,2010_14_PHI_DAL,DAL,PHI,27,30,closed,matrixturf,,,349.0,2.0,3.0,0.042749,5.0,0.6667,429.0,2.0,3.0,0.147475,5.4545,0.5714
2010,14,2010_14_NYG_MIN,MIN,NYG,3,21,dome,fieldturf,,,164.0,1.0,0.0,-0.225072,0.0,0.4359,395.0,2.0,3.0,-0.008153,4.5455,0.5789
2010,14,2010_14_BAL_HOU,HOU,BAL,28,34,closed,grass,,,491.0,2.0,4.0,0.029028,4.5977,0.4769,253.0,0.0,4.0,0.135199,6.4516,0.5789
2010,15,2010_15_SF_SD,SD,SF,34,7,outdoors,grass,56.0,7.0,,,,,,,192.0,1.0,1.0,-0.144166,2.0,0.5429
2010,15,2010_15_NO_BAL,BAL,NO,30,24,outdoors,fieldturf,34.0,12.0,356.0,0.0,3.0,0.103953,4.8387,0.4348,269.0,1.0,3.0,0.046217,4.7619,0.5918
2010,15,2010_15_ARI_CAR,CAR,ARI,19,12,outdoors,grass,42.0,6.0,303.0,1.0,1.0,-0.048168,1.5152,0.619,218.0,2.0,1.0,-0.137281,1.8519,0.4722
2010,15,2010_15_CLE_CIN,CIN,CLE,19,17,outdoors,fieldturf,28.0,8.0,397.0,0.0,1.0,0.126104,1.4706,0.6087,278.0,0.0,2.0,0.161298,4.6512,0.6552
2010,15,2010_15_WAS_DAL,DAL,WAS,33,30,open,matrixturf,,,434.0,0.0,3.0,0.081858,4.2857,0.641,345.0,3.0,4.0,0.075979,6.1538,0.5
2010,15,2010_15_JAX_IND,IND,JAX,34,24,closed,fieldturf,,,376.0,1.0,5.0,0.120155,7.8125,0.725,356.0,1.0,2.0,0.012431,3.2787,0.6154
2010,15,2010_15_BUF_MIA,MIA,BUF,14,17,outdoors,grass,67.0,18.0,326.0,2.0,2.0,-0.083097,2.9851,0.6875,282.0,1.0,2.0,-0.026077,3.6364,0.5714
2010,15,2010_15_PHI_NYG,NYG,PHI,31,38,outdoors,fieldturf,33.0,6.0,364.0,2.0,5.0,-0.077001,6.9444,0.561,418.0,3.0,4.0,0.033046,6.7797,0.5526
2010,15,2010_15_KC_STL,STL,KC,13,27,dome,astroplay,,,,,,,,,383.0,1.0,3.0,0.008801,4.0541,0.4688
2010,15,2010_15_DET_TB,TB,DET,20,23,outdoors,grass,54.0,10.0,403.0,0.0,2.0,0.140169,3.125,0.6111,433.0,0.0,2.0,0.190882,3.0303,0.6053
2010,15,2010_15_HOU_TEN,TEN,HOU,31,17,outdoors,grass,36.0,4.0,359.0,1.0,4.0,0.180557,7.0175,0.5185,323.0,1.0,2.0,0.02152,2.6667,0.6034
2010,15,2010_15_ATL_SEA,SEA,ATL,18,34,outdoors,fieldturf,45.0,2.0,236.0,3.0,3.0,-0.177142,5.2632,0.5,266.0,1.0,3.0,0.059841,4.1096,0.5556
2010,15,2010_15_DEN_OAK,OAK,DEN,39,23,outdoors,grass,55.0,0.0,,,,,,,235.0,0.0,2.0,0.00157,3.9216,0.4444
2010,15,2010_15_NYJ_PIT,PIT,NYJ,17,22,outdoors,grass,25.0,9.0,378.0,0.0,2.0,0.070859,2.7778,0.4894,276.0,0.0,2.0,0.19301,3.5088,0.6333
2010,15,2010_15_GB_NE,NE,GB,31,27,outdoors,fieldturf,32.0,8.0,249.0,0.0,3.0,0.120882,6.9767,0.5556,369.0,2.0,4.0,0.06911,5.0,0.5714
2010,15,2010_15_CHI_MIN,MIN,CHI,14,40,outdoors,fieldturf,23.0,17.0,273.0,5.0,3.0,-0.30155,4.918,0.5405,293.0,1.0,3.0,0.084686,5.1724,0.56
2010,16,2010_16_CAR_PIT,PIT,CAR,27,3,outdoors,grass,27.0,11.0,408.0,2.0,3.0,-0.012773,4.4118,0.6286,119.0,2.0,0.0,-0.35825,0.0,0.3704
2010,16,2010_16_DAL_ARI,ARI,DAL,27,26,closed,grass,,,271.0,0.0,1.0,-0.050523,2.1277,0.4231,382.0,3.0,5.0,-0.015207,6.5789,0.5476
2010,16,2010_16_NE_BUF,BUF,NE,3,34,outdoors,astroplay,22.0,16.0,369.0,6.0,0.0,-0.332414,0.0,0.45,348.0,1.0,4.0,0.117983,5.7971,0.5357
2010,16,2010_16_NYJ_CHI,CHI,NYJ,38,34,outdoors,grass,33.0,9.0,322.0,1.0,6.0,0.129059,11.1111,0.4815,393.0,2.0,3.0,0.092325,4.4118,0.6316
2010,16,2010_16_BAL_CLE,CLE,BAL,10,20,outdoors,grass,26.0,18.0,280.0,4.0,1.0,-0.102585,1.7857,0.5333,258.0,1.0,2.0,0.097532,3.4483,0.6
2010,16,2010_16_WAS_JAX,JAX,WAS,17,20,outdoors,grass,38.0,18.0,336.0,2.0,2.0,-0.127541,3.0769,0.5238,251.0,1.0,2.0,-0.056437,3.125,0.475
2010,16,2010_16_TEN_KC,KC,TEN,34,14,outdoors,grass,19.0,7.0,458.0,2.0,3.0,0.053511,3.8961,0.6757,270.0,2.0,3.0,-0.182452,5.3571,0.35
2010,16,2010_16_DET_MIA,MIA,DET,27,34,outdoors,grass,69.0,22.0,425.0,2.0,4.0,0.007859,4.8193,0.6304,275.0,1.0,3.0,0.160558,6.1224,0.5
2010,16,2010_16_SF_STL,STL,SF,25,17,dome,astroplay,,,,,,,,,331.0,2.0,1.0,-0.139426,1.6949,0.4474
2010,16,2010_16_SD_CIN,CIN,SD,34,20,outdoors,fieldturf,29.0,16.0,371.0,1.0,5.0,0.111784,8.4746,0.7619,,,,,,
2010,16,2010_16_HOU_DEN,DEN,HOU,24,23,outdoors,grass,50.0,7.0,431.0,1.0,3.0,0.158853,4.7619,0.5333,401.0,1.0,2.0,0.194174,3.6364,0.697
2010,16,2010_16_IND_OAK,OAK,IND,26,31,outdoors,grass,58.0,5.0,,,,,,,370.0,2.0,4.0,0.090397,5.7971,0.5333
2010,16,2010_16_NYG_GB,GB,NYG,45,17,outdoors,grass,25.0,5.0,515.0,1.0,6.0,0.255627,8.1081,0.641,386.0,6.0,2.0,-0.058713,3.6364,0.5
2010,16,2010_16_SEA_TB,TB,SEA,38,15,outdoors,grass,49.0,16.0,439.0,0.0,5.0,0.332011,8.9286,0.7667,176.0,0.0,2.0,0.011427,3.7037,0.5385
2010,16,2010_16_NO_ATL,ATL,NO,14,17,dome,fieldturf,,,215.0,2.0,1.0,-0.182819,1.9231,0.5,368.0,2.0,3.0,-0.088301,4.0541,0.7
2010,16,2010_16_MIN_PHI,PHI,MIN,14,24,outdoors,grass,32.0,10.0,331.0,3.0,3.0,-0.100966,4.2254,0.5102,337.0,1.0,2.0,0.044514,3.3898,0.6071
2010,17,2010_17_CAR_ATL,ATL,CAR,31,10,dome,fieldturf,,,352.0,1.0,3.0,0.018025,4.2254,0.6667,291.0,2.0,2.0,-0.258632,3.5714,0.5135
2010,17,2010_17_CIN_BAL,BAL,CIN,13,7,outdoors,fieldturf,51.0,7.0,199.0,2.0,1.0,-0.179372,2.0,0.6087,395.0,5.0,1.0,-0.18601,1.3158,0.7111
2010,17,2010_17_PIT_CLE,CLE,PIT,9,41,outdoors,grass,25.0,14.0,225.0,3.0,1.0,-0.100962,1.5385,0.4375,418.0,0.0,5.0,0.372961,8.0645,0.6562
2010,17,2010_17_MIN_DET,DET,MIN,20,13,dome,fieldturf,,,357.0,2.0,3.0,-0.010697,4.4776,0.7,211.0,1.0,0.0,-0.080066,0.0,0.5714
2010,17,2010_17_OAK_KC,KC,OAK,10,31,outdoors,grass,30.0,12.0,201.0,2.0,2.0,-0.213588,2.7778,0.3023,,,,,,
2010,17,2010_17_MIA_NE,NE,MIA,38,7,outdoors,fieldturf,47.0,5.0,502.0,1.0,4.0,0.143192,5.4054,0.5862,250.0,2.0,2.0,-0.232441,3.4483,0.381
2010,17,2010_17_TB_NO,NO,TB,13,23,dome,sportturf,,,305.0,3.0,1.0,-0.058253,1.5152,0.5455,317.0,2.0,2.0,0.14795,3.7037,0.7
2010,17,2010_17_BUF_NYJ,NYJ,BUF,38,7,outdoors,fieldturf,48.0,5.0,388.0,1.0,5.0,-0.01372,7.5758,0.5,162.0,6.0,1.0,-0.501148,2.1277,0.4138
2010,17,2010_17_SD_DEN,DEN,SD,28,33,outdoors,grass,42.0,4.0,337.0,2.0,4.0,-0.007543,5.8824,0.4103,,,,,,
2010,17,2010_17_CHI_GB,GB,CHI,10,3,outdoors,grass,19.0,14.0,284.0,2.0,1.0,-0.169864,1.8868,0.6333,227.0,2.0,0.0,-0.242351,0.0,0.4667
2010,17,2010_17_JAX_HOU,HOU,JAX,34,17,open,grass,,,497.0,0.0,4.0,0.248599,6.7797,0.8182,322.0,2.0,2.0,0.033264,3.2258,0.4444
2010,17,2010_17_TEN_IND,IND,TEN,23,20,closed,fieldturf,,,358.0,1.0,2.0,0.041455,2.9851,0.6429,341.0,1.0,2.0,0.043174,3.125,0.7
2010,17,2010_17_DAL_PHI,PHI,DAL,13,14,outdoors,grass,40.0,10.0,244.0,5.0,2.0,-0.143696,2.8986,0.439,272.0,0.0,1.0,-0.131414,1.5873,0.3793
2010,17,2010_17_ARI_SF,SF,ARI,38,7,outdoors,grass,49.0,3.0,362.0,0.0,4.0,0.039003,7.1429,0.4839,279.0,2.0,2.0,-0.267764,2.4691,0.5085
2010,17,2010_17_NYG_WAS,WAS,NYG,14,17,outdoors,grass,37.0,7.0,385.0,4.0,2.0,-0.194563,3.0303,0.5652,325.0,1.0,2.0,-0.14158,3.2787,0.5862
2010,17,2010_17_STL_SEA,SEA,STL,16,6,outdoors,fieldturf,34.0,4.0,333.0,1.0,1.0,-0.094852,1.4085,0.6111,,,,,,
2010,18,2010_18_NO_SEA,SEA,NO,41,36,outdoors,fieldturf,40.0,8.0,415.0,1.0,5.0,0.201038,8.1967,0.5946,474.0,1.0,4.0,0.126318,4.7619,0.6393
2010,18,2010_18_NYJ_IND,IND,NYJ,16,17,closed,fieldturf,,,312.0,0.0,1.0,0.063585,1.8519,0.6667,353.0,1.0,2.0,0.071306,2.8571,0.5625
2010,18,2010_18_BAL_KC,KC,BAL,7,30,outdoors,grass,26.0,15.0,161.0,6.0,1.0,-0.264093,2.5,0.4286,390.0,1.0,3.0,0.146545,3.8462,0.6579
2010,18,2010_18_GB_PHI,PHI,GB,16,21,outdoors,grass,30.0,18.0,352.0,2.0,2.0,0.004525,3.2787,0.5,309.0,1.0,3.0,0.101828,4.918,0.6207
2010,19,2010_19_BAL_PIT,PIT,BAL,31,24,outdoors,grass,36.0,17.0,263.0,2.0,5.0,-0.045372,7.2464,0.5,126.0,3.0,2.0,-0.138707,3.7736,0.4571
2010,19,2010_19_GB_ATL,ATL,GB,21,48,dome,fieldturf,,,194.0,4.0,4.0,-0.109807,8.3333,0.5882,442.0,1.0,5.0,0.2863,7.2464,0.8158
2010,19,2010_19_SEA_CHI,CHI,SEA,35,24,outdoors,grass,24.0,4.0,437.0,1.0,5.0,0.110847,6.4935,0.4688,276.0,0.0,3.0,0.013695,5.0,0.5417
2010,19,2010_19_NYJ_NE,NE,NYJ,21,28,outdoors,fieldturf,30.0,14.0,374.0,1.0,2.0,-0.014495,2.5316,0.58,314.0,0.0,4.0,0.112768,7.4074,0.64
2010,20,2010_20_GB_CHI,CHI,GB,14,21,outdoors,grass,20.0,14.0,301.0,3.0,3.0,-0.160328,4.6875,0.475,356.0,2.0,2.0,-0.052435,3.1746,0.5484
2010,20,2010_20_NYJ_PIT,PIT,NYJ,24,19,outdoors,grass,17.0,10.0,287.0,2.0,2.0,0.093597,3.125,0.4762,289.0,1.0,3.0,0.029274,5.2632,0.5714
2010,21,2010_21_PIT_GB,GB,PIT,31,25,closed,grass,,,338.0,0.0,3.0,0.058808,5.4545,0.5714,389.0,3.0,4.0,-0.03566,6.1538,0.6098
2011,1,2011_01_NO_GB,GB,NO,42,34,outdoors,grass,68.0,5.0,399.0,0.0,7.0,0.254468,10.9375,0.7297,477.0,1.0,3.0,0.187244,4.1096,0.6154
2011,1,2011_01_PIT_BAL,BAL,PIT,35,7,outdoors,sportturf,75.0,2.0,387.0,0.0,4.0,0.111454,6.4516,0.5667,312.0,7.0,1.0,-0.246794,1.6393,0.4889
2011,1,2011_01_ATL_CHI,CHI,ATL,30,12,outdoors,grass,76.0,7.0,377.0,1.0,3.0,-0.019254,4.6875,0.5946,386.0,3.0,1.0,-0.203534,1.4925,0.5962
2011,1,2011_01_CIN_CLE,CLE,CIN,17,27,outdoors,grass,72.0,9.0,285.0,1.0,2.0,-0.132077,2.9412,0.4524,294.0,0.0,3.0,0.019892,4.6875,0.4839
2011,1,2011_01_IND_HOU,HOU,IND,34,7,open,grass,,,384.0,3.0,3.0,-0.02244,4.5455,0.68,236.0,2.0,2.0,-0.413175,4.0,0.4706
2011,1,2011_01_TEN_JAX,JAX,TEN,16,14,outdoors,grass,87.0,5.0,323.0,1.0,1.0,-0.005363,1.3699,0.6538,292.0,1.0,2.0,-0.014312,4.0816,0.5833
2011,1,2011_01_BUF_KC,KC,BUF,7,41,outdoors,grass,75.0,0.0,213.0,3.0,1.0,-0.355764,1.7857,0.5789,364.0,1.0,5.0,0.144156,7.5758,0.6296
2011,1,2011_01_PHI_STL,STL,PHI,13,31,dome,astroplay,,,,,,,,,403.0,1.0,3.0,0.097437,4.4776,0.4
2011,1,2011_01_DET_TB,TB,DET,20,27,outdoors,grass,86.0,6.0,315.0,2.0,1.0,0.021217,1.5625,0.6042,431.0,1.0,4.0,0.139243,5.8824,0.7273
2011,1,2011_01_CAR_ARI,ARI,CAR,28,21,closed,grass,,,394.0,1.0,3.0,0.054011,5.5556,0.6207,477.0,1.0,4.0,-0.026733,5.8824,0.5854
2011,1,2011_01_MIN_SD,SD,MIN,24,17,outdoors,grass,74.0,7.0,,,,,,,187.0,1.0,2.0,0.006783,4.6512,0.4118
2011,1,2011_01_SEA_SF,SF,SEA,33,17,outdoors,grass,68.0,15.0,209.0,0.0,2.0,0.065949,3.8462,0.75,219.0,3.0,3.0,-0.119274,4.7619,0.5
2011,1,2011_01_NYG_WAS,WAS,NYG,28,14,outdoors,grass,87.0,5.0,310.0,1.0,3.0,0.006096,4.7619,0.5526,315.0,1.0,3.0,-0.165948,5.3571,0.5
2011,1,2011_01_DAL_NYJ,NYJ,DAL,27,24,outdoors,fieldturf,70.0,6.0,360.0,2.0,2.0,-0.049253,3.125,0.5417,390.0,3.0,4.0,-0.046329,6.0606,0.575
2011,1,2011_01_NE_MIA,MIA,NE,24,38,outdoors,grass,82.0,11.0,488.0,1.0,3.0,0.076829,4.1096,0.566,622.0,1.0,5.0,0.253905,7.0423,0.6531
2011,1,2011_01_OAK_DEN,DEN,OAK,20,23,outdoors,grass,75.0,6.0,310.0,3.0,1.0,-0.111809,1.5625,0.4706,,,,,,
2011,2,2011_02_OAK_BUF,BUF,OAK,38,35,outdoors,a_turf,65.0,5.0,481.0,1.0,5.0,0.253382,7.0423,0.5957,,,,,,
2011,2,2011_02_GB_CAR,CAR,GB,23,30,outdoors,grass,64.0,11.0,475.0,4.0,2.0,-0.019485,2.8169,0.56,419.0,1.0,3.0,0.126223,5.7692,0.6129
2011,2,2011_02_KC_DET,DET,KC,48,3,dome,fieldturf,,,411.0,2.0,6.0,0.189213,8.5714,0.6,267.0,5.0,0.0,-0.396084,0.0,0.6
2011,2,2011_02_CLE_IND,IND,CLE,19,27,closed,fieldturf,,,285.0,2.0,1.0,-0.097883,1.5152,0.475,303.0,1.0,3.0,0.024483,4.4776,0.6667
2011,2,2011_02_TB_MIN,MIN,TB,20,24,dome,sportturf,,,398.0,1.0,2.0,0.035979,3.0769,0.5625,335.0,1.0,3.0,0.127454,5.7692,0.6667
2011,2,2011_02_CHI_NO,NO,CHI,30,13,dome,sportturf,,,382.0,1.0,3.0,0.015898,4.4776,0.6842,246.0,1.0,1.0,-0.187425,1.5873,0.3725
2011,2,2011_02_JAX_NYJ,NYJ,JAX,32,3,outdoors,fieldturf,66.0,12.0,283.0,2.0,3.0,-0.031391,5.2632,0.68,203.0,4.0,0.0,-0.438755,0.0,0.4074
2011,2,2011_02_SEA_PIT,PIT,SEA,24,0,outdoors,grass,63.0,12.0,421.0,0.0,3.0,0.125358,4.4118,0.697,164.0,0.0,0.0,-0.221835,0.0,0.5882
2011,2,2011_02_BAL_TEN,TEN,BAL,26,13,outdoors,grass,76.0,11.0,432.0,1.0,2.0,0.060985,2.8169,0.7143,229.0,3.0,1.0,-0.097828,1.9231,0.4286
2011,2,2011_02_ARI_WAS,WAS,ARI,22,21,outdoors,grass,66.0,7.0,455.0,2.0,2.0,0.033603,2.5,0.5556,324.0,2.0,3.0,0.058476,6.25,0.5152
2011,2,2011_02_DAL_SF,SF,DAL,24,27,outdoors,grass,70.0,3.0,206.0,1.0,3.0,-0.011372,5.5556,0.5333,472.0,2.0,3.0,0.048041,4.5455,0.5909
2011,2,2011_02_CIN_DEN,DEN,CIN,24,22,outdoors,grass,69.0,6.0,318.0,2.0,3.0,0.00163,4.7619,0.5556,382.0,0.0,2.0,0.028181,3.125,0.6136
2011,2,2011_02_HOU_MIA,MIA,HOU,13,23,outdoors,grass,87.0,15.0,306.0,2.0,1.0,-0.156186,1.6667,0.375,345.0,0.0,2.0,0.016863,2.9412,0.6562
2011,2,2011_02_SD_NE,NE,SD,35,21,outdoors,fieldturf,63.0,12.0,506.0,0.0,4.0,0.296576,5.8824,0.7381,,,,,,
2011,2,2011_02_PHI_ATL,ATL,PHI,35,31,dome,fieldturf,,,318.0,2.0,5.0,-0.00374,8.1967,0.5312,447.0,3.0,4.0,-0.006127,5.9701,0.7027
2011,2,2011_02_STL_NYG,NYG,STL,28,16,outdoors,fieldturf,60.0,6.0,323.0,2.0,3.0,0.043116,4.2254,0.5758,,,,,,
2011,3,2011_03_NE_BUF,BUF,NE,34,31,outdoors,a_turf,78.0,8.0,448.0,2.0,3.0,0.09914,5.0,0.675,495.0,4.0,5.0,0.075504,7.0423,0.6667
2011,3,2011_03_JAX_CAR,CAR,JAX,16,10,outdoors,grass,75.0,4.0,267.0,0.0,1.0,-0.092131,1.5873,0.5143,257.0,1.0,1.0,-0.149499,1.7544,0.5217
2011,3,2011_03_SF_CIN,CIN,SF,8,13,outdoors,fieldturf,71.0,2.0,228.0,3.0,0.0,-0.210538,0.0,0.5152,226.0,1.0,1.0,-0.090942,1.5625,0.5714
2011,3,2011_03_MIA_CLE,CLE,MIA,17,16,outdoors,grass,70.0,5.0,280.0,1.0,2.0,0.038316,3.4483,0.4872,369.0,2.0,1.0,0.048456,1.3889,0.5588
2011,3,2011_03_DET_MIN,MIN,DET,23,26,dome,sportturf,,,321.0,0.0,2.0,-0.035682,3.1746,0.55,358.0,0.0,2.0,0.028706,2.8571,0.6275
2011,3,2011_03_HOU_NO,NO,HOU,40,33,dome,sportturf,,,458.0,2.0,5.0,0.157285,7.1429,0.6458,473.0,1.0,3.0,0.124702,4.5455,0.5366
2011,3,2011_03_NYG_PHI,PHI,NYG,16,29,outdoors,grass,76.0,5.0,376.0,3.0,1.0,-0.000257,1.3889,0.625,336.0,0.0,4.0,0.24555,7.6923,0.6154
2011,3,2011_03_DEN_TEN,TEN,DEN,17,14,outdoors,grass,73.0,11.0,333.0,2.0,2.0,-0.008547,3.2787,0.7105,231.0,2.0,2.0,-0.029126,3.1746,0.6
2011,3,2011_03_NYJ_OAK,OAK,NYJ,34,24,outdoors,grass,70.0,7.0,,,,,,,439.0,2.0,3.0,0.025108,4.1096,0.5625
2011,3,2011_03_KC_SD,SD,KC,20,17,outdoors,grass,67.0,8.0,,,,,,,252.0,1.0,2.0,-0.002662,3.8462,0.68
2011,3,2011_03_BAL_STL,STL,BAL,7,37,dome,astroplay,,,,,,,,,553.0,1.0,3.0,0.098484,3.9474,0.54
2011,3,2011_03_GB_CHI,CHI,GB,17,27,outdoors,grass,61.0,10.0,291.0,2.0,2.0,-0.179944,3.8462,0.525,392.0,2.0,3.0,0.004618,4.3478,0.7
2011,3,2011_03_ARI_SEA,SEA,ARI,13,10,outdoors,fieldturf,68.0,20.0,261.0,1.0,1.0,-0.062846,1.5385,0.5143,324.0,2.0,1.0,-0.068931,1.4286,0.5952
2011,3,2011_03_ATL_TB,TB,ATL,16,13,outdoors,grass,89.0,9.0,295.0,2.0,1.0,-0.080628,1.4706,0.6875,325.0,3.0,1.0,-0.097855,1.5152,0.5098
2011,3,2011_03_PIT_IND,IND,PIT,20,23,closed,fieldturf,,,241.0,1.0,2.0,-0.20416,3.2258,0.439,408.0,3.0,2.0,-0.124853,2.9412,0.625
2011,3,2011_03_WAS_DAL,DAL,WAS,18,16,closed,matrixturf,,,375.0,2.0,0.0,-0.080156,0.0,0.5946,298.0,2.0,1.0,-0.105255,1.6129,0.55
2011,4,2011_04_CAR_CHI,CHI,CAR,34,29,outdoors,grass,60.0,8.0,317.0,1.0,2.0,0.090752,4.0816,0.5,543.0,1.0,5.0,0.025969,6.8493,0.5745
2011,4,2011_04_BUF_CIN,CIN,BUF,23,20,outdoors,fieldturf,57.0,13.0,458.0,2.0,3.0,-0.012639,4.2857,0.4737,273.0,0.0,1.0,-0.024974,1.7857,0.5714
2011,4,2011_04_TEN_CLE,CLE,TEN,13,31,outdoors,grass,48.0,24.0,416.0,1.0,2.0,-0.125761,2.2989,0.6154,332.0,1.0,3.0,0.123991,6.0,0.4762
2011,4,2011_04_DET_DAL,DAL,DET,30,34,closed,matrixturf,,,434.0,3.0,5.0,-0.086789,6.6667,0.7083,303.0,1.0,2.0,-0.009785,3.3333,0.4884
2011,4,2011_04_PIT_HOU,HOU,PIT,17,10,open,grass,,,318.0,0.0,2.0,0.053847,3.5714,0.6667,296.0,1.0,1.0,-0.027133,1.7544,0.4571
2011,4,2011_04_NO_JAX,JAX,NO,10,23,outdoors,grass,71.0,5.0,274.0,1.0,1.0,-0.166844,1.6129,0.3556,503.0,2.0,2.0,0.025196,2.4691,0.6596
2011,4,2011_04_MIN_KC,KC,MIN,22,17,outdoors,grass,65.0,7.0,350.0,0.0,1.0,0.04797,1.6667,0.5625,341.0,1.0,2.0,0.008635,3.2258,0.5625
2011,4,2011_04_SF_PHI,PHI,SF,23,24,outdoors,grass,54.0,20.0,513.0,3.0,2.0,0.01016,2.9412,0.625,442.0,1.0,3.0,0.055351,4.918,0.5833
2011,4,2011_04_WAS_STL,STL,WAS,10,17,dome,astroplay,,,,,,,,,339.0,2.0,2.0,-0.171706,2.8986,0.5172
2011,4,2011_04_NYG_ARI,ARI,NYG,27,31,closed,grass,,,368.0,2.0,3.0,0.002923,4.2857,0.5263,360.0,2.0,4.0,0.064047,6.1538,0.6585
2011,4,2011_04_ATL_SEA,SEA,ATL,28,30,outdoors,fieldturf,58.0,0.0,372.0,2.0,4.0,0.168604,7.5472,0.6579,412.0,0.0,3.0,0.173109,3.8462,0.6667
2011,4,2011_04_DEN_GB,GB,DEN,49,23,outdoors,grass,67.0,10.0,507.0,2.0,6.0,0.274014,8.6957,0.7073,384.0,4.0,4.0,-0.010003,7.0175,0.6667
2011,4,2011_04_NE_OAK,OAK,NE,19,31,outdoors,grass,71.0,6.0,,,,,,,409.0,0.0,4.0,0.290751,6.5574,0.5161
2011,4,2011_04_MIA_SD,SD,MIA,26,16,outdoors,grass,84.0,9.0,,,,,,,248.0,2.0,1.0,0.021457,1.8182,0.6061
2011,4,2011_04_NYJ_BAL,BAL,NYJ,34,17,outdoors,sportturf,51.0,6.0,267.0,3.0,2.0,-0.267407,2.7397,0.303,150.0,4.0,4.0,-0.521634,7.1429,0.2973
2011,4,2011_04_IND_TB,TB,IND,24,17,outdoors,grass,80.0,0.0,466.0,0.0,3.0,0.059705,3.8961,0.6098,318.0,1.0,2.0,0.007005,3.8462,0.3824
2011,5,2011_05_PHI_BUF,BUF,PHI,31,24,outdoors,a_turf,74.0,6.0,331.0,1.0,3.0,0.034903,4.7619,0.75,489.0,5.0,4.0,-0.030135,6.6667,0.65
2011,5,2011_05_NO_CAR,CAR,NO,27,30,outdoors,grass,68.0,12.0,381.0,1.0,4.0,0.18929,7.4074,0.5,444.0,1.0,3.0,0.214444,4.0,0.6809
2011,5,2011_05_OAK_HOU,HOU,OAK,20,25,closed,grass,,,473.0,2.0,2.0,-0.103402,2.5316,0.4444,,,,,,
2011,5,2011_05_KC_IND,IND,KC,24,28,open,fieldturf,,,355.0,0.0,3.0,0.105597,5.5556,0.5556,436.0,0.0,4.0,0.144206,5.7971,0.6774
2011,5,2011_05_CIN_JAX,JAX,CIN,20,30,outdoors,grass,79.0,15.0,296.0,2.0,3.0,-0.235064,5.1724,0.4839,239.0,1.0,3.0,-0.092289,4.5455,0.6
2011,5,2011_05_ARI_MIN,MIN,ARI,34,10,dome,sportturf,,,332.0,1.0,4.0,-0.07112,6.7797,0.4545,291.0,4.0,1.0,-0.310088,1.3158,0.4423
2011,5,2011_05_SEA_NYG,NYG,SEA,25,36,outdoors,fieldturf,81.0,4.0,466.0,5.0,4.0,-0.143676,5.8824,0.5714,424.0,3.0,3.0,0.018716,3.9474,0.5532
2011,5,2011_05_TEN_PIT,PIT,TEN,38,17,outdoors,grass,70.0,3.0,431.0,1.0,5.0,0.258376,7.8125,0.6944,306.0,1.0,2.0,0.012672,2.8571,0.5577
2011,5,2011_05_TB_SF,SF,TB,48,3,outdoors,grass,62.0,6.0,418.0,1.0,5.0,0.315638,8.6207,0.6364,272.0,3.0,1.0,-0.275519,1.6393,0.4737
2011,5,2011_05_SD_DEN,DEN,SD,24,29,outdoors,grass,52.0,6.0,277.0,1.0,2.0,-0.035371,4.1667,0.4167,,,,,,
2011,5,2011_05_NYJ_NE,NE,NYJ,30,21,outdoors,fieldturf,82.0,9.0,446.0,1.0,3.0,0.142174,4.1667,0.6486,255.0,0.0,3.0,0.083054,5.6604,0.5714
2011,5,2011_05_GB_ATL,ATL,GB,14,25,dome,fieldturf,,,251.0,2.0,2.0,-0.082594,3.6364,0.5455,426.0,1.0,2.0,0.120883,3.125,0.5909
2011,5,2011_05_CHI_DET,DET,CHI,24,13,dome,fieldturf,,,395.0,1.0,3.0,0.115856,6.383,0.7037,359.0,0.0,1.0,-0.04656,1.5152,0.6829
2011,6,2011_06_CAR_ATL,ATL,CAR,31,17,dome,fieldturf,,,325.0,0.0,4.0,0.234469,6.8966,0.6087,368.0,3.0,2.0,0.06176,3.2258,0.5833
2011,6,2011_06_IND_CIN,CIN,IND,27,17,outdoors,fieldturf,71.0,16.0,358.0,0.0,2.0,-0.013236,3.1746,0.7812,273.0,3.0,3.0,-0.120679,5.1724,0.6571
2011,6,2011_06_SF_DET,DET,SF,19,25,dome,fieldturf,,,310.0,0.0,2.0,-0.233717,2.7027,0.5,314.0,2.0,2.0,-0.172067,3.1746,0.5
2011,6,2011_06_STL_GB,GB,STL,24,3,outdoors,grass,57.0,23.0,399.0,1.0,3.0,0.067174,4.918,0.6,,,,,,
2011,6,2011_06_BUF_NYG,NYG,BUF,27,24,outdoors,fieldturf,65.0,15.0,414.0,0.0,3.0,0.133563,4.6154,0.6562,374.0,2.0,3.0,0.136431,5.3571,0.6364
2011,6,2011_06_JAX_PIT,PIT,JAX,17,13,outdoors,grass,58.0,10.0,370.0,0.0,2.0,0.026986,3.4483,0.4615,209.0,0.0,1.0,0.00739,1.6393,0.3871
2011,6,2011_06_PHI_WAS,WAS,PHI,13,20,outdoors,grass,68.0,7.0,287.0,4.0,1.0,-0.086125,1.8868,0.4359,422.0,2.0,2.0,0.044679,2.7778,0.5294
2011,6,2011_06_HOU_BAL,BAL,HOU,29,14,outdoors,sportturf,72.0,10.0,402.0,2.0,2.0,0.104178,3.0769,0.5714,293.0,0.0,2.0,-0.075188,3.0303,0.5122
2011,6,2011_06_CLE_OAK,OAK,CLE,24,17,outdoors,grass,71.0,8.0,,,,,,,268.0,1.0,2.0,0.014969,2.9412,0.4468
2011,6,2011_06_DAL_NE,NE,DAL,20,16,outdoors,fieldturf,63.0,8.0,371.0,4.0,2.0,0.000251,2.8986,0.6136,377.0,2.0,1.0,-0.021903,1.4925,0.6279
2011,6,2011_06_NO_TB,TB,NO,26,20,outdoors,grass,84.0,11.0,420.0,0.0,2.0,0.088905,3.0303,0.561,453.0,4.0,2.0,0.030619,3.0769,0.6444
2011,6,2011_06_MIN_CHI,CHI,MIN,39,10,outdoors,grass,56.0,11.0,377.0,1.0,4.0,0.199509,6.6667,0.6562,286.0,0.0,1.0,-0.14684,1.5625,0.5957
2011,6,2011_06_MIA_NYJ,NYJ,MIA,24,6,outdoors,fieldturf,62.0,12.0,296.0,1.0,2.0,-0.056506,3.5714,0.5185,308.0,3.0,1.0,-0.257422,1.5873,0.4211
2011,7,2011_07_WAS_CAR,CAR,WAS,33,20,outdoors,grass,62.0,0.0,407.0,0.0,3.0,0.162358,4.6875,0.6667,353.0,3.0,2.0,0.031072,3.1746,0.55
2011,7,2011_07_SEA_CLE,CLE,SEA,6,3,outdoors,grass,56.0,7.0,298.0,1.0,0.0,-0.157778,0.0,0.5128,137.0,2.0,0.0,-0.288408,0.0,0.3529
2011,7,2011_07_ATL_DET,DET,ATL,16,23,dome,fieldturf,,,263.0,1.0,1.0,-0.216665,1.8182,0.4286,328.0,2.0,2.0,-0.060994,2.8986,0.5263
2011,7,2011_07_DEN_MIA,MIA,DEN,15,18,outdoors,grass,77.0,9.0,267.0,1.0,1.0,-0.155961,1.4493,0.5789,310.0,1.0,2.0,-0.106761,2.7027,0.3939
2011,7,2011_07_SD_NYJ,NYJ,SD,27,21,outdoors,fieldturf,58.0,0.0,318.0,2.0,4.0,0.029791,6.0606,0.5143,,,,,,
2011,7,2011_07_CHI_TB,TB,CHI,18,24,outdoors,grass,62.0,15.0,280.0,4.0,2.0,-0.072333,3.0769,0.537,395.0,2.0,3.0,-0.000678,4.4776,0.5
2011,7,2011_07_HOU_TEN,TEN,HOU,7,41,outdoors,grass,72.0,0.0,148.0,2.0,2.0,-0.217804,4.1667,0.4545,518.0,0.0,4.0,0.292458,5.7143,0.7826
2011,7,2011_07_PIT_ARI,ARI,PIT,20,32,closed,grass,,,330.0,1.0,3.0,0.049525,5.3571,0.4865,445.0,0.0,3.0,0.20555,4.3478,0.6341
2011,7,2011_07_KC_OAK,OAK,KC,0,28,outdoors,grass,79.0,6.0,,,,,,,300.0,2.0,2.0,0.02054,2.8986,0.5
2011,7,2011_07_STL_DAL,DAL,STL,34,7,closed,matrixturf,,,445.0,1.0,4.0,0.213737,6.6667,0.5385,,,,,,
2011,7,2011_07_GB_MIN,MIN,GB,27,33,dome,sportturf,,,435.0,3.0,3.0,0.102421,4.6154,0.3824,421.0,0.0,3.0,0.231942,5.0,0.7059
2011,7,2011_07_IND_NO,NO,IND,62,7,dome,sportturf,,,557.0,0.0,7.0,0.396316,9.3333,0.8378,252.0,3.0,2.0,-0.330296,4.3478,0.5217
2011,7,2011_07_BAL_JAX,JAX,BAL,12,7,outdoors,grass,60.0,0.0,205.0,1.0,0.0,-0.148957,0.0,0.375,146.0,2.0,1.0,-0.231154,1.8868,0.5122
2011,8,2011_08_ARI_BAL,BAL,ARI,30,27,outdoors,sportturf,48.0,9.0,405.0,2.0,4.0,-0.046409,5.0,0.5741,207.0,1.0,2.0,-0.05389,3.5088,0.3704
2011,8,2011_08_MIN_CAR,CAR,MIN,21,24,outdoors,grass,54.0,6.0,405.0,2.0,3.0,0.041995,4.6154,0.5789,361.0,1.0,3.0,0.112997,4.6154,0.5625
2011,8,2011_08_JAX_HOU,HOU,JAX,24,14,open,grass,,,358.0,2.0,3.0,-0.119319,4.2254,0.5,174.0,2.0,2.0,-0.24738,3.4483,0.303
2011,8,2011_08_MIA_NYG,NYG,MIA,20,17,outdoors,fieldturf,41.0,12.0,402.0,0.0,2.0,0.078371,2.8986,0.6739,246.0,1.0,2.0,0.088392,3.7736,0.4815
2011,8,2011_08_NO_STL,STL,NO,31,21,dome,astroplay,,,,,,,,,283.0,2.0,3.0,-0.159495,4.2857,0.6
2011,8,2011_08_IND_TEN,TEN,IND,27,10,outdoors,grass,62.0,0.0,311.0,0.0,2.0,0.011742,3.0769,0.6765,399.0,2.0,2.0,-0.153164,2.5974,0.5098
2011,8,2011_08_WAS_BUF,BUF,WAS,23,0,dome,a_turf,,,390.0,2.0,2.0,-0.067221,3.2258,0.7241,178.0,2.0,0.0,-0.420775,0.0,0.4651
2011,8,2011_08_DET_DEN,DEN,DET,10,45,outdoors,grass,56.0,5.0,312.0,3.0,3.0,-0.273147,3.9474,0.3913,376.0,0.0,4.0,0.157255,6.4516,0.6471
2011,8,2011_08_NE_PIT,PIT,NE,25,17,outdoors,grass,40.0,3.0,427.0,1.0,2.0,0.088865,2.5641,0.6545,213.0,0.0,2.0,0.014418,4.0,0.6316
2011,8,2011_08_CIN_SEA,SEA,CIN,12,34,outdoors,fieldturf,56.0,14.0,411.0,2.0,3.0,-0.250693,4.1667,0.4808,252.0,2.0,2.0,0.02912,3.5088,0.6
2011,8,2011_08_CLE_SF,SF,CLE,20,10,outdoors,grass,67.0,5.0,348.0,0.0,2.0,0.080597,3.125,0.6,290.0,2.0,1.0,-0.046435,1.6393,0.5789
2011,8,2011_08_DAL_PHI,PHI,DAL,34,7,outdoors,grass,42.0,5.0,495.0,0.0,4.0,0.280768,5.7143,0.6562,267.0,1.0,1.0,-0.049393,2.0408,0.4615
2011,8,2011_08_SD_KC,KC,SD,23,20,outdoors,grass,63.0,0.0,341.0,4.0,2.0,-0.058024,2.9851,0.5429,,,,,,
2011,9,2011_09_NYJ_BUF,BUF,NYJ,11,27,outdoors,a_turf,57.0,8.0,289.0,3.0,1.0,-0.110905,1.8519,0.4839,348.0,2.0,3.0,0.13449,4.4118,0.6897
2011,9,2011_09_SEA_DAL,DAL,SEA,23,13,closed,matrixturf,,,442.0,1.0,2.0,0.09157,3.3333,0.6129,381.0,3.0,1.0,-0.034317,1.6393,0.5484
2011,9,2011_09_CLE_HOU,HOU,CLE,30,12,closed,grass,,,380.0,1.0,3.0,0.127961,4.7619,0.6087,172.0,2.0,1.0,-0.115965,2.0833,0.5185
2011,9,2011_09_ATL_IND,IND,ATL,7,31,open,fieldturf,,,186.0,2.0,0.0,-0.252086,0.0,0.4857,432.0,1.0,5.0,0.112748,7.5758,0.56
2011,9,2011_09_MIA_KC,KC,MIA,3,31,outdoors,grass,62.0,12.0,343.0,0.0,0.0,-0.160009,0.0,0.4545,351.0,0.0,4.0,0.269302,8.5106,0.7391
2011,9,2011_09_TB_NO,NO,TB,27,16,dome,sportturf,,,453.0,1.0,3.0,0.121441,4.6875,0.75,365.0,0.0,1.0,0.015261,1.7241,0.7105
2011,9,2011_09_SF_WAS,WAS,SF,11,19,outdoors,grass,56.0,6.0,305.0,3.0,1.0,-0.156125,1.5625,0.6,326.0,1.0,1.0,-0.013075,1.7241,0.6538
2011,9,2011_09_DEN_OAK,OAK,DEN,24,38,outdoors,grass,62.0,5.0,,,,,,,412.0,0.0,4.0,0.17378,6.4516,0.4348
2011,9,2011_09_CIN_TEN,TEN,CIN,17,24,outdoors,grass,68.0,13.0,328.0,1.0,2.0,-0.023945,3.1746,0.5581,319.0,0.0,3.0,0.090784,4.2857,0.55
2011,9,2011_09_STL_ARI,ARI,STL,19,13,closed,grass,,,262.0,0.0,1.0,-0.061851,1.8182,0.5263,,,,,,
2011,9,2011_09_NYG_NE,NE,NYG,20,24,outdoors,fieldturf,54.0,9.0,438.0,4.0,2.0,0.029801,2.6667,0.549,361.0,2.0,3.0,0.093836,4.4118,0.5128
2011,9,2011_09_GB_SD,SD,GB,38,45,outdoors,grass,53.0,10.0,,,,,,,368.0,0.0,4.0,0.219935,7.1429,0.7
2011,9,2011_09_BAL_PIT,PIT,BAL,20,23,outdoors,grass,50.0,2.0,392.0,2.0,2.0,0.090784,3.4483,0.5263,356.0,1.0,2.0,0.124896,2.5974,0.56
2011,9,2011_09_CHI_PHI,PHI,CHI,24,30,outdoors,grass,51.0,2.0,330.0,1.0,2.0,0.018603,3.1746,0.525,372.0,3.0,4.0,0.12523,6.0606,0.5625
2011,10,2011_10_OAK_SD,SD,OAK,17,24,outdoors,grass,69.0,5.0,,,,,,,,,,,,
2011,10,2011_10_NO_ATL,ATL,NO,23,26,dome,fieldturf,,,481.0,1.0,2.0,-0.029165,2.3529,0.5472,363.0,0.0,2.0,0.056197,3.3898,0.6977
2011,10,2011_10_TEN_CAR,CAR,TEN,3,30,outdoors,grass,57.0,12.0,279.0,2.0,1.0,-0.257364,1.5625,0.5111,383.0,1.0,2.0,0.119283,3.1746,0.5357
2011,10,2011_10_PIT_CIN,CIN,PIT,17,24,outdoors,fieldturf,62.0,23.0,279.0,2.0,2.0,-0.039673,3.5714,0.5,328.0,1.0,3.0,0.084218,4.4118,0.5526
2011,10,2011_10_STL_CLE,CLE,STL,12,13,outdoors,grass,60.0,40.0,335.0,0.0,0.0,-0.048144,0.0,0.6897,,,,,,
2011,10,2011_10_BUF_DAL,DAL,BUF,44,7,closed,matrixturf,,,433.0,0.0,4.0,0.310718,6.5574,0.8846,271.0,4.0,2.0,-0.220342,4.0816,0.625
2011,10,2011_10_JAX_IND,IND,JAX,3,17,closed,fieldturf,,,212.0,3.0,0.0,-0.316752,0.0,0.5882,251.0,1.0,2.0,-0.088878,3.125,0.6087
2011,10,2011_10_DEN_KC,KC,DEN,10,17,outdoors,grass,67.0,15.0,258.0,0.0,1.0,-0.111667,1.6129,0.4737,313.0,0.0,2.0,0.013017,3.1746,0.25
2011,10,2011_10_WAS_MIA,MIA,WAS,20,9,outdoors,grass,79.0,19.0,303.0,2.0,2.0,-0.083202,3.125,0.6452,246.0,2.0,0.0,-0.237599,0.0,0.6
2011,10,2011_10_ARI_PHI,PHI,ARI,17,21,outdoors,grass,60.0,15.0,289.0,2.0,1.0,-0.130147,1.6667,0.4444,370.0,2.0,4.0,-0.056227,5.4795,0.4773
2011,10,2011_10_HOU_TB,TB,HOU,9,37,outdoors,grass,77.0,9.0,231.0,4.0,1.0,-0.277243,1.7241,0.375,420.0,0.0,5.0,0.136619,8.3333,0.6875
2011,10,2011_10_BAL_SEA,SEA,BAL,22,17,outdoors,fieldturf,50.0,10.0,327.0,0.0,1.0,-0.055748,1.4286,0.6071,323.0,3.0,2.0,-0.096238,3.0303,0.5556
2011,10,2011_10_DET_CHI,CHI,DET,37,13,outdoors,grass,69.0,22.0,216.0,1.0,1.0,-0.12778,1.7544,0.4091,401.0,6.0,4.0,-0.302384,4.5455,0.5072
2011,10,2011_10_NYG_SF,SF,NYG,27,20,outdoors,grass,58.0,10.0,307.0,1.0,2.0,0.121519,3.7736,0.5758,395.0,2.0,2.0,0.054479,2.8571,0.6341
2011,10,2011_10_NE_NYJ,NYJ,NE,16,37,outdoors,fieldturf,58.0,12.0,378.0,2.0,3.0,-0.102205,4.3478,0.4545,389.0,1.0,3.0,0.204769,4.4776,0.6667
2011,10,2011_10_MIN_GB,GB,MIN,45,7,outdoors,grass,47.0,13.0,356.0,0.0,5.0,0.311053,7.5758,0.7143,266.0,2.0,2.0,-0.146452,3.3898,0.4324
2011,11,2011_11_NYJ_DEN,DEN,NYJ,17,13,outdoors,grass,54.0,3.0,229.0,1.0,1.0,-0.220534,1.7857,0.4091,318.0,2.0,2.0,-0.189652,2.8169,0.5581
2011,11,2011_11_CIN_BAL,BAL,CIN,31,24,outdoors,sportturf,67.0,7.0,373.0,1.0,4.0,0.053807,7.1429,0.6071,483.0,3.0,3.0,-0.004812,3.8462,0.5
2011,11,2011_11_JAX_CLE,CLE,JAX,14,10,outdoors,grass,57.0,15.0,334.0,1.0,2.0,0.085899,3.7037,0.6538,303.0,0.0,1.0,0.03982,1.4085,0.5238
2011,11,2011_11_CAR_DET,DET,CAR,49,35,dome,fieldturf,,,495.0,3.0,7.0,0.199324,10.4478,0.7368,411.0,4.0,4.0,0.059146,6.0606,0.55
2011,11,2011_11_TB_GB,GB,TB,35,26,outdoors,grass,32.0,7.0,378.0,1.0,5.0,0.180661,8.4746,0.6389,455.0,2.0,3.0,0.113078,4.918,0.6829
2011,11,2011_11_BUF_MIA,MIA,BUF,35,8,outdoors,grass,80.0,15.0,242.0,0.0,4.0,0.012077,7.1429,0.6667,245.0,2.0,1.0,-0.313142,1.5385,0.4565
2011,11,2011_11_OAK_MIN,MIN,OAK,21,27,dome,sportturf,,,311.0,5.0,3.0,-0.187803,4.8387,0.5,,,,,,
2011,11,2011_11_DAL_WAS,WAS,DAL,24,27,outdoors,grass,62.0,4.0,339.0,2.0,3.0,-0.040872,4.6154,0.6098,353.0,0.0,3.0,0.032772,4.1096,0.561
2011,11,2011_11_ARI_SF,SF,ARI,23,7,outdoors,grass,55.0,15.0,431.0,2.0,2.0,-0.013277,2.2989,0.5263,229.0,4.0,1.0,-0.261361,2.0833,0.3784
2011,11,2011_11_SEA_STL,STL,SEA,7,24,dome,astroplay,,,,,,,,,289.0,2.0,3.0,-0.139409,4.4118,0.5172
2011,11,2011_11_TEN_ATL,ATL,TEN,23,17,dome,fieldturf,,,432.0,1.0,2.0,0.083859,2.9412,0.6875,298.0,1.0,2.0,0.024571,3.3898,0.4889
2011,11,2011_11_SD_CHI,CHI,SD,31,20,outdoors,grass,42.0,13.0,378.0,1.0,4.0,0.103852,6.25,0.5625,,,,,,
2011,11,2011_11_PHI_NYG,NYG,PHI,10,17,outdoors,fieldturf,58.0,10.0,278.0,2.0,1.0,-0.159059,1.8182,0.4737,391.0,3.0,2.0,-0.02648,2.8571,0.6216
2011,11,2011_11_KC_NE,NE,KC,34,3,outdoors,fieldturf,33.0,2.0,380.0,1.0,3.0,0.104289,4.6154,0.5,334.0,3.0,1.0,-0.267851,1.4925,0.6
2011,12,2011_12_GB_DET,DET,GB,15,27,dome,fieldturf,,,411.0,3.0,2.0,-0.093617,2.9412,0.6809,349.0,0.0,3.0,0.118646,5.6604,0.6286
2011,12,2011_12_MIA_DAL,DAL,MIA,20,19,closed,matrixturf,,,303.0,2.0,2.0,-0.073064,3.4483,0.6286,352.0,1.0,1.0,-0.068647,1.6393,0.5278
2011,12,2011_12_SF_BAL,BAL,SF,16,6,outdoors,sportturf,53.0,5.0,253.0,0.0,1.0,0.055113,1.7241,0.6522,170.0,1.0,0.0,-0.067679,0.0,0.4545
2011,12,2011_12_MIN_ATL,ATL,MIN,24,14,dome,fieldturf,,,335.0,0.0,3.0,0.1042,4.6154,0.75,226.0,1.0,2.0,-0.004085,3.7736,0.5862
2011,12,2011_12_CLE_CIN,CIN,CLE,23,20,outdoors,fieldturf,57.0,7.0,389.0,1.0,2.0,0.014377,3.0769,0.6364,274.0,1.0,2.0,0.00393,3.0303,0.4444
2011,12,2011_12_CAR_IND,IND,CAR,19,27,closed,fieldturf,,,323.0,2.0,2.0,-0.008491,3.6364,0.4688,377.0,1.0,3.0,0.121962,4.6154,0.6667
2011,12,2011_12_HOU_JAX,JAX,HOU,13,20,outdoors,grass,75.0,10.0,255.0,1.0,0.0,-0.230663,0.0,0.4255,215.0,1.0,3.0,-0.174121,5.0847,0.6429
2011,12,2011_12_BUF_NYJ,NYJ,BUF,28,24,outdoors,fieldturf,60.0,10.0,318.0,1.0,4.0,0.184769,6.8966,0.4857,336.0,1.0,3.0,0.127429,4.2857,0.619
2011,12,2011_12_ARI_STL,STL,ARI,20,23,dome,astroplay,,,,,,,,,374.0,3.0,2.0,-0.22268,3.125,0.4615
2011,12,2011_12_TB_TEN,TEN,TB,23,17,outdoors,grass,47.0,20.0,352.0,4.0,3.0,-0.144802,4.2254,0.5278,308.0,5.0,1.0,-0.243416,1.6667,0.5143
2011,12,2011_12_CHI_OAK,OAK,CHI,25,20,outdoors,grass,59.0,6.0,,,,,,,401.0,3.0,2.0,-0.026134,2.9851,0.45
2011,12,2011_12_WAS_SEA,SEA,WAS,17,23,outdoors,fieldturf,52.0,13.0,250.0,1.0,2.0,-0.040909,3.2258,0.4375,416.0,2.0,3.0,0.05399,4.6154,0.7222
2011,12,2011_12_NE_PHI,PHI,NE,20,38,outdoors,grass,63.0,12.0,466.0,1.0,2.0,0.065543,2.9851,0.52,457.0,0.0,5.0,0.293934,7.0423,0.6857
2011,12,2011_12_DEN_SD,SD,DEN,13,16,outdoors,grass,84.0,0.0,,,,,,,349.0,0.0,1.0,-0.028334,1.4286,0.4737
2011,12,2011_12_PIT_KC,KC,PIT,9,13,outdoors,grass,32.0,5.0,252.0,4.0,0.0,-0.193493,0.0,0.6207,290.0,2.0,1.0,-0.110519,1.6667,0.6562
2011,12,2011_12_NYG_NO,NO,NYG,49,24,dome,sportturf,,,577.0,0.0,7.0,0.333082,10.1449,0.641,465.0,2.0,3.0,0.065518,4.2857,0.6875
2011,13,2011_13_PHI_SEA,SEA,PHI,31,14,outdoors,fieldturf,38.0,2.0,347.0,0.0,3.0,0.102304,5.7692,0.6842,330.0,4.0,3.0,-0.113775,5.3571,0.5484
2011,13,2011_13_TEN_BUF,BUF,TEN,17,23,outdoors,a_turf,57.0,18.0,386.0,2.0,2.0,0.002679,2.8571,0.617,317.0,0.0,2.0,0.12452,3.5088,0.6154
2011,13,2011_13_KC_CHI,CHI,KC,3,10,outdoors,grass,46.0,17.0,181.0,4.0,0.0,-0.312608,0.0,0.3548,252.0,0.0,1.0,-0.145742,1.4286,0.5152
2011,13,2011_13_ATL_HOU,HOU,ATL,17,10,closed,grass,,,337.0,1.0,2.0,-0.043058,2.7778,0.4286,337.0,2.0,1.0,-0.123814,1.5385,0.4255
2011,13,2011_13_OAK_MIA,MIA,OAK,34,14,outdoors,grass,80.0,22.0,362.0,0.0,3.0,0.16684,4.2857,0.5,,,,,,
2011,13,2011_13_DEN_MIN,MIN,DEN,32,35,dome,sportturf,,,489.0,3.0,4.0,-0.037523,4.9383,0.5882,338.0,2.0,3.0,0.050335,6.0,0.5882
2011,13,2011_13_IND_NE,NE,IND,31,24,outdoors,fieldturf,51.0,10.0,362.0,0.0,4.0,0.221291,6.3492,0.7436,437.0,2.0,3.0,0.150546,4.2857,0.7692
2011,13,2011_13_CIN_PIT,PIT,CIN,35,7,outdoors,grass,59.0,14.0,295.0,0.0,4.0,0.13096,6.7797,0.5769,232.0,2.0,2.0,-0.236829,3.6364,0.4242
2011,13,2011_13_CAR_TB,TB,CAR,19,38,outdoors,grass,79.0,13.0,285.0,1.0,1.0,0.01486,1.7857,0.5517,385.0,0.0,5.0,0.273016,7.9365,0.5417
2011,13,2011_13_NYJ_WAS,WAS,NYJ,19,34,outdoors,grass,53.0,5.0,304.0,4.0,1.0,-0.090028,1.4085,0.3958,266.0,0.0,4.0,0.117884,6.4516,0.5938
2011,13,2011_13_BAL_CLE,CLE,BAL,10,24,outdoors,grass,54.0,30.0,233.0,1.0,2.0,-0.229266,3.5714,0.4615,448.0,1.0,2.0,-0.002888,2.5316,0.4167
2011,13,2011_13_DAL_ARI,ARI,DAL,19,13,closed,grass,,,327.0,0.0,2.0,0.021602,3.6364,0.5333,336.0,0.0,1.0,-0.030705,1.4925,0.5957
2011,13,2011_13_GB_NYG,NYG,GB,35,38,outdoors,fieldturf,52.0,9.0,449.0,2.0,5.0,0.165661,8.0645,0.561,449.0,1.0,4.0,0.185508,5.1948,0.5714
2011,13,2011_13_STL_SF,SF,STL,26,0,outdoors,grass,53.0,2.0,389.0,0.0,2.0,0.039641,3.1746,0.5862,,,,,,
2011,13,2011_13_DET_NO,NO,DET,31,17,dome,sportturf,,,510.0,0.0,4.0,0.192999,5.9701,0.7073,537.0,1.0,4.0,-0.135939,4.878,0.6545
2011,13,2011_13_SD_JAX,JAX,SD,14,38,outdoors,grass,67.0,6.0,306.0,1.0,2.0,-0.058735,3.0303,0.5429,,,,,,
2011,14,2011_14_CLE_PIT,PIT,CLE,14,3,outdoors,grass,31.0,6.0,416.0,3.0,2.0,-0.021881,3.7736,0.64,304.0,2.0,0.0,-0.139544,0.0,0.4872
2011,14,2011_14_IND_BAL,BAL,IND,24,10,outdoors,sportturf,43.0,2.0,358.0,2.0,3.0,0.045878,4.2857,0.697,167.0,1.0,1.0,-0.131607,1.7544,0.4146
2011,14,2011_14_ATL_CAR,CAR,ATL,23,31,outdoors,grass,43.0,10.0,416.0,2.0,3.0,-0.039925,4.6875,0.4634,394.0,0.0,4.0,0.099684,5.7971,0.5366
2011,14,2011_14_HOU_CIN,CIN,HOU,19,20,outdoors,fieldturf,34.0,4.0,285.0,1.0,1.0,0.008196,1.7241,0.5517,412.0,4.0,2.0,0.038407,2.5974,0.5306
2011,14,2011_14_MIN_DET,DET,MIN,34,28,dome,fieldturf,,,280.0,0.0,2.0,-0.03148,3.6364,0.5882,425.0,6.0,6.0,-0.062423,7.2289,0.4792
2011,14,2011_14_TB_JAX,JAX,TB,41,14,outdoors,grass,58.0,12.0,325.0,4.0,5.0,0.07874,7.3529,0.5588,280.0,5.0,3.0,-0.249243,5.0847,0.4857
2011,14,2011_14_PHI_MIA,MIA,PHI,10,26,outdoors,grass,75.0,11.0,204.0,4.0,1.0,-0.37317,1.5625,0.4474,239.0,1.0,3.0,-0.13476,4.5455,0.4412
2011,14,2011_14_KC_NYJ,NYJ,KC,37,10,outdoors,fieldturf,37.0,5.0,314.0,1.0,5.0,0.163531,7.5758,0.5417,221.0,1.0,1.0,-0.136013,1.7241,0.4324
2011,14,2011_14_NO_TEN,TEN,NO,17,22,outdoors,grass,41.0,7.0,373.0,0.0,2.0,0.050487,3.6364,0.4737,437.0,0.0,2.0,0.127745,2.6316,0.7347
2011,14,2011_14_NE_WAS,WAS,NE,27,34,outdoors,grass,40.0,0.0,463.0,2.0,4.0,0.087503,5.7971,0.5714,431.0,1.0,3.0,0.211894,5.1724,0.5789
2011,14,2011_14_SF_ARI,ARI,SF,21,19,closed,grass,,,325.0,3.0,3.0,-0.206629,5.5556,0.6452,233.0,0.0,1.0,-0.17195,1.5873,0.4286
2011,14,2011_14_CHI_DEN,DEN,CHI,13,10,outdoors,grass,50.0,7.0,345.0,2.0,1.0,-0.112568,1.2658,0.4667,245.0,1.0,1.0,-0.150712,1.6393,0.5217
2011,14,2011_14_OAK_GB,GB,OAK,46,16,outdoors,grass,43.0,15.0,384.0,1.0,4.0,0.19654,6.7797,0.4571,,,,,,
2011,14,2011_14_BUF_SD,SD,BUF,37,10,outdoors,grass,59.0,5.0,,,,,,,281.0,3.0,1.0,-0.225494,1.7241,0.3947
2011,14,2011_14_NYG_DAL,DAL,NYG,34,37,closed,matrixturf,,,444.0,1.0,4.0,0.165961,6.8966,0.6176,512.0,1.0,4.0,0.177196,5.0633,0.5745
2011,14,2011_14_STL_SEA,SEA,STL,30,13,outdoors,fieldturf,40.0,7.0,359.0,1.0,2.0,0.094629,2.9412,0.5833,,,,,,
2011,15,2011_15_JAX_ATL,ATL,JAX,41,14,dome,fieldturf,,,373.0,1.0,5.0,0.056864,7.3529,0.7273,207.0,3.0,2.0,-0.324349,4.3478,0.4444
2011,15,2011_15_DAL_TB,TB,DAL,15,31,outdoors,grass,66.0,3.0,192.0,1.0,1.0,-0.143658,2.2727,0.5484,399.0,1.0,5.0,0.131691,7.2464,0.7188
2011,15,2011_15_MIA_BUF,BUF,MIA,23,30,outdoors,a_turf,31.0,12.0,404.0,3.0,3.0,-0.095888,4.2857,0.6078,448.0,3.0,3.0,0.013427,5.0,0.4545
2011,15,2011_15_SEA_CHI,CHI,SEA,14,38,outdoors,grass,39.0,5.0,221.0,5.0,3.0,-0.395472,5.0,0.3793,286.0,1.0,4.0,-0.040035,6.1538,0.5938
2011,15,2011_15_CAR_HOU,HOU,CAR,13,28,closed,grass,,,358.0,3.0,1.0,-0.139303,1.7544,0.5938,316.0,0.0,4.0,0.097243,6.6667,0.5385
2011,15,2011_15_TEN_IND,IND,TEN,27,13,closed,fieldturf,,,287.0,1.0,2.0,-0.077172,3.9216,0.6471,388.0,3.0,2.0,-0.207516,2.6316,0.6667
2011,15,2011_15_GB_KC,KC,GB,19,14,outdoors,grass,50.0,10.0,438.0,0.0,1.0,0.104486,1.4286,0.7419,315.0,0.0,2.0,0.051831,3.5088,0.4359
2011,15,2011_15_NO_MIN,MIN,NO,20,42,dome,sportturf,,,207.0,1.0,2.0,-0.095967,3.7037,0.3889,573.0,2.0,6.0,0.195467,7.5949,0.7805
2011,15,2011_15_WAS_NYG,NYG,WAS,10,23,outdoors,fieldturf,29.0,9.0,324.0,3.0,1.0,-0.118571,1.6393,0.5349,300.0,2.0,2.0,0.106463,3.0769,0.6
2011,15,2011_15_CIN_STL,STL,CIN,13,20,dome,astroplay,,,,,,,,,283.0,1.0,2.0,-0.074686,3.2787,0.5556
2011,15,2011_15_DET_OAK,OAK,DET,27,28,outdoors,grass,50.0,1.0,,,,,,,432.0,1.0,5.0,0.102174,6.8493,0.537
2011,15,2011_15_CLE_ARI,ARI,CLE,20,17,closed,grass,,,363.0,1.0,2.0,-0.004137,2.7027,0.56,333.0,1.0,2.0,-0.018791,3.2258,0.5455
2011,15,2011_15_NE_DEN,DEN,NE,23,41,outdoors,grass,63.0,3.0,393.0,2.0,3.0,0.033481,5.0847,0.4074,451.0,1.0,5.0,0.259516,6.9444,0.6389
2011,15,2011_15_NYJ_PHI,PHI,NYJ,45,19,outdoors,grass,35.0,9.0,420.0,3.0,5.0,0.080191,8.6207,0.6,241.0,5.0,3.0,-0.222715,4.918,0.4706
2011,15,2011_15_BAL_SD,SD,BAL,34,14,outdoors,grass,58.0,7.0,,,,,,,290.0,2.0,2.0,0.034302,3.5714,0.5714
2011,15,2011_15_PIT_SF,SF,PIT,20,3,outdoors,grass,51.0,10.0,287.0,0.0,2.0,0.026433,3.2787,0.5806,389.0,4.0,0.0,-0.170049,0.0,0.5319
2011,16,2011_16_HOU_IND,IND,HOU,19,16,closed,fieldturf,,,320.0,1.0,1.0,-0.056648,1.3158,0.5227,283.0,1.0,1.0,-0.088912,1.9608,0.65
2011,16,2011_16_CLE_BAL,BAL,CLE,20,14,outdoors,sportturf,44.0,10.0,284.0,1.0,3.0,-0.011274,4.8387,0.44,256.0,1.0,1.0,-0.069745,1.6667,0.5429
2011,16,2011_16_DEN_BUF,BUF,DEN,40,14,outdoors,a_turf,30.0,2.0,351.0,0.0,1.0,-0.017588,1.7857,0.5357,285.0,4.0,5.0,-0.291796,7.3529,0.3939
2011,16,2011_16_TB_CAR,CAR,TB,48,16,outdoors,grass,51.0,9.0,433.0,0.0,6.0,0.341487,12.2449,0.6667,317.0,4.0,2.0,-0.101562,3.2787,0.6667
2011,16,2011_16_ARI_CIN,CIN,ARI,23,16,outdoors,fieldturf,38.0,8.0,301.0,2.0,2.0,-0.114619,2.9851,0.5455,316.0,3.0,2.0,-0.185305,2.9412,0.4694
2011,16,2011_16_OAK_KC,KC,OAK,13,16,outdoors,grass,38.0,7.0,435.0,2.0,1.0,-0.064043,1.5152,0.5833,,,,,,
2011,16,2011_16_MIA_NE,NE,MIA,27,24,outdoors,fieldturf,30.0,7.0,400.0,0.0,3.0,0.100976,3.7037,0.54,374.0,2.0,3.0,0.114286,4.6154,0.4324
2011,16,2011_16_NYG_NYJ,NYJ,NYG,14,29,outdoors,fieldturf,35.0,9.0,331.0,3.0,2.0,-0.165117,2.2472,0.4688,332.0,1.0,3.0,-0.015356,5.4545,0.3103
2011,16,2011_16_STL_PIT,PIT,STL,27,0,outdoors,grass,36.0,4.0,377.0,1.0,3.0,0.160924,6.0,0.6818,,,,,,
2011,16,2011_16_JAX_TEN,TEN,JAX,23,17,outdoors,grass,44.0,2.0,407.0,3.0,2.0,-0.021124,3.0303,0.5854,300.0,1.0,2.0,-0.07188,2.8169,0.4884
2011,16,2011_16_MIN_WAS,WAS,MIN,26,33,outdoors,grass,45.0,9.0,397.0,2.0,2.0,0.054567,2.9412,0.5909,389.0,0.0,4.0,0.189785,6.8966,0.6
2011,16,2011_16_SD_DET,DET,SD,38,10,dome,fieldturf,,,440.0,0.0,4.0,0.231368,6.4516,0.7436,,,,,,
2011,16,2011_16_PHI_DAL,DAL,PHI,7,20,closed,matrixturf,,,238.0,0.0,1.0,-0.153678,1.5152,0.5581,386.0,1.0,2.0,0.049175,3.3333,0.5294
2011,16,2011_16_SF_SEA,SEA,SF,17,19,outdoors,fieldturf,48.0,8.0,265.0,1.0,2.0,-0.062252,3.4483,0.4688,349.0,0.0,1.0,0.016546,1.4706,0.5
2011,16,2011_16_CHI_GB,GB,CHI,35,21,outdoors,grass,37.0,13.0,363.0,0.0,5.0,0.319063,9.8039,0.7,443.0,2.0,2.0,0.129637,2.8169,0.6786
2011,16,2011_16_ATL_NO,NO,ATL,45,16,dome,sportturf,,,463.0,2.0,5.0,0.270775,7.9365,0.575,469.0,1.0,2.0,-0.053364,2.6667,0.6557
2011,17,2011_17_DET_GB,GB,DET,45,41,outdoors,grass,31.0,20.0,550.0,2.0,6.0,0.160256,8.4507,0.6596,577.0,4.0,5.0,0.131149,6.4935,0.5806
2011,17,2011_17_TEN_HOU,HOU,TEN,22,23,closed,grass,,,387.0,1.0,2.0,-0.005152,3.0303,0.6286,361.0,1.0,2.0,0.035649,3.3333,0.5789
2011,17,2011_17_IND_JAX,JAX,IND,19,13,outdoors,grass,70.0,10.0,261.0,1.0,1.0,-0.009881,1.7544,0.5,298.0,3.0,1.0,-0.08811,1.5385,0.6279
2011,17,2011_17_NYJ_MIA,MIA,NYJ,19,17,outdoors,grass,78.0,8.0,210.0,2.0,1.0,-0.028709,1.6949,0.6667,374.0,3.0,2.0,-0.038437,3.2258,0.6286
2011,17,2011_17_CHI_MIN,MIN,CHI,13,17,dome,sportturf,,,301.0,3.0,2.0,-0.321019,2.8169,0.4773,209.0,3.0,1.0,-0.280532,1.7544,0.4688
2011,17,2011_17_BUF_NE,NE,BUF,49,21,outdoors,fieldturf,51.0,5.0,482.0,1.0,5.0,0.291132,7.1429,0.6,402.0,4.0,4.0,-0.028854,5.8824,0.6042
2011,17,2011_17_CAR_NO,NO,CAR,45,17,dome,sportturf,,,617.0,1.0,6.0,0.28983,8.2192,0.8158,301.0,2.0,2.0,-0.025295,3.9216,0.5556
2011,17,2011_17_WAS_PHI,PHI,WAS,34,10,outdoors,grass,53.0,11.0,390.0,2.0,4.0,0.130481,6.6667,0.5854,377.0,1.0,1.0,-0.146618,1.4085,0.4783
2011,17,2011_17_SF_STL,STL,SF,27,34,dome,astroplay,,,,,,,,,321.0,0.0,4.0,0.047905,5.6338,0.6176
2011,17,2011_17_SEA_ARI,ARI,SEA,23,20,closed,grass,,,388.0,2.0,2.0,-0.097437,2.7397,0.5238,369.0,1.0,2.0,-0.098716,2.7397,0.5385
2011,17,2011_17_TB_ATL,ATL,TB,45,24,dome,fieldturf,,,428.0,2.0,6.0,0.087724,10.1695,0.619,296.0,4.0,3.0,-0.164922,4.7619,0.6458
2011,17,2011_17_BAL_CIN,CIN,BAL,16,24,outdoors,fieldturf,42.0,19.0,336.0,1.0,1.0,-0.007035,1.4493,0.4889,347.0,0.0,3.0,0.1281,5.7692,0.75
2011,17,2011_17_PIT_CLE,CLE,PIT,9,13,outdoors,grass,49.0,24.0,240.0,1.0,0.0,-0.173626,0.0,0.3721,360.0,2.0,1.0,-0.071557,1.2821,0.5476
2011,17,2011_17_KC_DEN,DEN,KC,3,7,outdoors,grass,35.0,6.0,266.0,3.0,0.0,-0.091549,0.0,0.25,281.0,0.0,1.0,-0.038502,1.6667,0.5
2011,17,2011_17_SD_OAK,OAK,SD,26,38,outdoors,grass,56.0,8.0,,,,,,,,,,,,
2011,17,2011_17_DAL_NYG,NYG,DAL,31,14,outdoors,fieldturf,48.0,7.0,437.0,0.0,4.0,0.105978,6.0606,0.6857,300.0,2.0,2.0,-0.099972,3.3898,0.6744
2011,18,2011_18_CIN_HOU,HOU,CIN,31,10,closed,grass,,,340.0,0.0,3.0,0.138591,5.2632,0.5,300.0,3.0,2.0,-0.130554,3.0769,0.587
2011,18,2011_18_DET_NO,NO,DET,45,28,dome,sportturf,,,626.0,2.0,6.0,0.309418,7.4074,0.7333,412.0,2.0,4.0,0.229532,7.5472,0.6512
2011,18,2011_18_ATL_NYG,NYG,ATL,24,2,outdoors,fieldturf,44.0,12.0,442.0,0.0,3.0,0.138177,4.6875,0.697,247.0,0.0,0.0,-0.144889,0.0,0.5581
2011,18,2011_18_PIT_DEN,DEN,PIT,29,23,outdoors,grass,40.0,6.0,447.0,1.0,3.0,0.170139,5.4545,0.4762,400.0,1.0,2.0,0.106781,2.9412,0.4889
2011,19,2011_19_NO_SF,SF,NO,36,32,outdoors,grass,62.0,2.0,407.0,2.0,4.0,0.118212,5.7971,0.5217,474.0,4.0,4.0,0.086317,4.9383,0.597
2011,19,2011_19_DEN_NE,NE,DEN,45,10,outdoors,fieldturf,24.0,13.0,509.0,2.0,6.0,0.305996,9.375,0.7647,252.0,1.0,1.0,-0.118924,1.4085,0.2903
2011,19,2011_19_HOU_BAL,BAL,HOU,20,13,outdoors,sportturf,31.0,7.0,227.0,1.0,2.0,-0.013292,3.1746,0.4375,315.0,3.0,1.0,-0.076432,1.5873,0.4857
2011,19,2011_19_NYG_GB,GB,NYG,20,37,outdoors,grass,31.0,20.0,388.0,4.0,2.0,-0.030807,2.7397,0.52,420.0,1.0,4.0,0.243435,6.5574,0.6176
2011,20,2011_20_BAL_NE,NE,BAL,23,20,outdoors,fieldturf,29.0,6.0,330.0,3.0,2.0,0.024259,2.9412,0.5946,398.0,1.0,2.0,0.015194,2.8571,0.5641
2011,20,2011_20_NYG_SF,SF,NYG,17,20,outdoors,grass,52.0,15.0,328.0,0.0,2.0,-0.034973,3.5088,0.4138,352.0,2.0,2.0,0.014905,2.2222,0.5
2011,21,2011_21_NYG_NE,NE,NYG,17,21,closed,fieldturf,,,349.0,1.0,2.0,0.142214,3.2258,0.6279,396.0,0.0,2.0,0.174336,2.7778,0.6977
2012,1,2012_01_DAL_NYG,NYG,DAL,17,24,outdoors,fieldturf,77.0,5.0,269.0,1.0,2.0,0.03103,3.7037,0.6,433.0,1.0,3.0,0.148461,5.2632,0.7097
2012,1,2012_01_IND_CHI,CHI,IND,41,21,outdoors,grass,67.0,13.0,428.0,1.0,6.0,0.098007,8.5714,0.5676,356.0,5.0,2.0,-0.123235,3.1746,0.4792
2012,1,2012_01_PHI_CLE,CLE,PHI,16,17,outdoors,grass,68.0,9.0,210.0,4.0,0.0,-0.270713,0.0,0.3243,456.0,5.0,3.0,-0.175095,3.4091,0.5
2012,1,2012_01_STL_DET,DET,STL,27,23,dome,fieldturf,,,429.0,3.0,4.0,-0.050576,5.9701,0.6531,,,,,,
2012,1,2012_01_MIA_HOU,HOU,MIA,30,10,closed,grass,,,337.0,0.0,4.0,-0.052596,5.8824,0.6061,275.0,4.0,0.0,-0.319708,0.0,0.5263
2012,1,2012_01_ATL_KC,KC,ATL,24,40,outdoors,grass,69.0,7.0,393.0,3.0,3.0,0.059819,4.3478,0.5833,376.0,0.0,4.0,0.370922,7.2727,0.7188
2012,1,2012_01_JAX_MIN,MIN,JAX,26,23,dome,sportturf,,,389.0,1.0,2.0,0.051248,3.4483,0.6897,357.0,1.0,2.0,0.048789,2.6316,0.5476
2012,1,2012_01_WAS_NO,NO,WAS,32,40,dome,sportturf,,,360.0,3.0,3.0,-0.016078,4.6154,0.4444,459.0,0.0,5.0,0.12838,7.0423,0.6786
2012,1,2012_01_BUF_NYJ,NYJ,BUF,48,28,outdoors,fieldturf,74.0,1.0,384.0,1.0,4.0,0.190608,6.3492,0.7037,390.0,4.0,6.0,-0.01521,10.3448,0.5625
2012,1,2012_01_NE_TEN,TEN,NE,13,34,outdoors,grass,74.0,4.0,284.0,2.0,2.0,-0.105761,3.2787,0.6444,390.0,0.0,3.0,0.197619,4.4776,0.7188
2012,1,2012_01_SEA_ARI,ARI,SEA,20,16,closed,grass,,,253.0,2.0,2.0,-0.127755,3.5088,0.5405,254.0,2.0,1.0,-0.113028,1.4286,0.4865
2012,1,2012_01_SF_GB,GB,SF,22,30,outdoors,grass,72.0,11.0,326.0,1.0,2.0,0.048049,3.2258,0.625,377.0,0.0,4.0,0.185318,6.4516,0.6667
2012,1,2012_01_CAR_TB,TB,CAR,16,10,outdoors,grass,83.0,15.0,258.0,0.0,1.0,-0.043289,1.6129,0.6154,301.0,2.0,1.0,-0.129119,2.0408,0.6389
2012,1,2012_01_PIT_DEN,DEN,PIT,31,19,outdoors,grass,85.0,10.0,336.0,1.0,3.0,0.11515,5.2632,0.6552,284.0,1.0,3.0,-0.029281,4.1667,0.4783
2012,1,2012_01_CIN_BAL,BAL,CIN,44,13,outdoors,sportturf,74.0,10.0,430.0,0.0,4.0,0.296606,6.8966,0.6571,322.0,2.0,2.0,-0.093605,2.8986,0.5366
2012,1,2012_01_SD_OAK,OAK,SD,14,22,outdoors,grass,67.0,11.0,,,,,,,,,,,,
2012,2,2012_02_CHI_GB,GB,CHI,23,10,outdoors,grass,60.0,0.0,321.0,2.0,2.0,-0.04971,3.0303,0.6053,168.0,4.0,1.0,-0.207293,1.7544,0.3235
2012,2,2012_02_KC_BUF,BUF,KC,35,17,outdoors,a_turf,66.0,11.0,379.0,0.0,4.0,0.149849,7.2727,0.5263,422.0,3.0,3.0,-0.067162,4.2254,0.4894
2012,2,2012_02_NO_CAR,CAR,NO,35,27,outdoors,grass,71.0,4.0,463.0,1.0,4.0,0.225333,6.4516,0.6667,486.0,2.0,4.0,0.144871,5.1948,0.62
2012,2,2012_02_CLE_CIN,CIN,CLE,34,27,outdoors,fieldturf,76.0,5.0,375.0,1.0,3.0,0.186442,4.8387,0.6486,439.0,1.0,4.0,0.123059,6.4516,0.6667
2012,2,2012_02_MIN_IND,IND,MIN,23,20,open,fieldturf,,,278.0,0.0,2.0,0.06668,3.1746,0.6061,327.0,1.0,2.0,0.059096,3.0769,0.6923
2012,2,2012_02_HOU_JAX,JAX,HOU,7,27,outdoors,grass,83.0,5.0,117.0,1.0,1.0,-0.216183,2.6316,0.375,411.0,0.0,3.0,0.102635,3.6145,0.7429
2012,2,2012_02_OAK_MIA,MIA,OAK,35,13,outdoors,grass,80.0,8.0,452.0,0.0,5.0,0.177235,6.7568,0.5806,,,,,,
2012,2,2012_02_ARI_NE,NE,ARI,18,20,outdoors,fieldturf,64.0,2.0,387.0,1.0,1.0,-0.070979,1.2658,0.549,242.0,2.0,2.0,-0.03596,3.2787,0.5172
2012,2,2012_02_TB_NYG,NYG,TB,41,34,outdoors,fieldturf,73.0,1.0,606.0,3.0,5.0,0.113609,6.4935,0.6078,307.0,2.0,3.0,0.094222,5.7692,0.5
2012,2,2012_02_BAL_PHI,PHI,BAL,24,23,outdoors,grass,72.0,5.0,486.0,4.0,3.0,-0.047973,4.0,0.6765,325.0,2.0,2.0,-0.036661,3.0769,0.5
2012,2,2012_02_DAL_SEA,SEA,DAL,27,7,outdoors,fieldturf,68.0,4.0,315.0,0.0,2.0,0.095836,3.1746,0.6818,296.0,2.0,2.0,-0.166557,3.5088,0.561
2012,2,2012_02_WAS_STL,STL,WAS,31,28,dome,astroplay,,,,,,,,,373.0,1.0,3.0,-0.014902,5.0847,0.6667
2012,2,2012_02_NYJ_PIT,PIT,NYJ,27,10,outdoors,grass,71.0,2.0,331.0,1.0,3.0,0.183098,4.8387,0.7059,219.0,0.0,1.0,-0.015358,1.9608,0.3448
2012,2,2012_02_TEN_SD,SD,TEN,38,10,outdoors,grass,85.0,8.0,,,,,,,212.0,1.0,1.0,-0.099555,2.5,0.5
2012,2,2012_02_DET_SF,SF,DET,27,19,outdoors,grass,62.0,15.0,349.0,1.0,3.0,0.123972,4.918,0.5882,296.0,1.0,1.0,0.066721,1.6667,0.5588
2012,2,2012_02_DEN_ATL,ATL,DEN,27,21,dome,fieldturf,,,275.0,0.0,3.0,0.008929,4.6154,0.6486,336.0,4.0,3.0,-0.051834,4.4776,0.6
2012,3,2012_03_NYG_CAR,CAR,NYG,7,36,outdoors,grass,75.0,3.0,327.0,4.0,1.0,-0.14494,1.8182,0.5429,405.0,1.0,3.0,0.307368,4.4118,0.7179
2012,3,2012_03_STL_CHI,CHI,STL,23,6,outdoors,grass,56.0,10.0,274.0,1.0,1.0,-0.01562,1.4925,0.5152,,,,,,
2012,3,2012_03_BUF_CLE,CLE,BUF,14,24,outdoors,grass,53.0,9.0,240.0,2.0,2.0,-0.166338,3.3333,0.5745,344.0,1.0,3.0,-0.00432,4.2857,0.6111
2012,3,2012_03_TB_DAL,DAL,TB,16,10,closed,matrixturf,,,297.0,4.0,1.0,-0.145891,1.5152,0.5814,166.0,1.0,1.0,-0.232198,1.8182,0.3333
2012,3,2012_03_JAX_IND,IND,JAX,17,22,open,fieldturf,,,437.0,1.0,2.0,-0.023085,2.6667,0.4783,333.0,0.0,2.0,0.087089,3.6364,0.4545
2012,3,2012_03_NYJ_MIA,MIA,NYJ,20,23,outdoors,grass,83.0,4.0,381.0,2.0,3.0,-0.067598,3.7975,0.4444,388.0,2.0,1.0,-0.013443,1.2658,0.4468
2012,3,2012_03_SF_MIN,MIN,SF,24,13,dome,sportturf,,,344.0,2.0,3.0,0.076926,3.9474,0.6,280.0,3.0,1.0,-0.015089,1.7241,0.6316
2012,3,2012_03_KC_NO,NO,KC,24,27,dome,sportturf,,,288.0,1.0,3.0,-0.095512,5.0847,0.5,510.0,3.0,1.0,-0.012254,1.087,0.5532
2012,3,2012_03_DET_TEN,TEN,DET,44,41,outdoors,grass,68.0,5.0,437.0,2.0,3.0,0.126799,4.918,0.6905,585.0,1.0,6.0,0.102586,6.4516,0.7544
2012,3,2012_03_CIN_WAS,WAS,CIN,31,38,outdoors,grass,65.0,6.0,381.0,1.0,3.0,0.036696,4.0541,0.5385,478.0,2.0,6.0,0.181538,10.3448,0.6667
2012,3,2012_03_PHI_ARI,ARI,PHI,27,6,closed,grass,,,292.0,1.0,2.0,0.012018,3.2787,0.6296,307.0,2.0,1.0,-0.259419,1.5873,0.4048
2012,3,2012_03_ATL_SD,SD,ATL,3,27,outdoors,grass,82.0,13.0,,,,,,,384.0,1.0,4.0,0.196702,5.7971,0.7143
2012,3,2012_03_HOU_DEN,DEN,HOU,25,31,outdoors,grass,84.0,13.0,375.0,1.0,2.0,0.052576,2.6316,0.4727,436.0,2.0,4.0,0.173126,6.1538,0.5484
2012,3,2012_03_PIT_OAK,OAK,PIT,34,31,outdoors,grass,69.0,10.0,,,,,,,433.0,2.0,4.0,0.180214,5.7143,0.72
2012,3,2012_03_NE_BAL,BAL,NE,31,30,outdoors,sportturf,67.0,5.0,503.0,1.0,4.0,0.196613,6.1538,0.7179,396.0,0.0,3.0,0.203009,3.8961,0.6512
2012,3,2012_03_GB_SEA,SEA,GB,14,12,outdoors,fieldturf,67.0,3.0,238.0,0.0,2.0,0.072747,3.9216,0.4545,268.0,0.0,1.0,0.067626,1.4493,0.5417
2012,4,2012_04_CLE_BAL,BAL,CLE,23,16,outdoors,sportturf,77.0,5.0,438.0,2.0,2.0,-0.018239,2.5974,0.56,357.0,1.0,2.0,-0.071108,2.8571,0.4717
2012,4,2012_04_CAR_ATL,ATL,CAR,30,28,dome,fieldturf,,,426.0,1.0,3.0,0.079272,4.5455,0.5319,404.0,1.0,4.0,0.093921,6.3492,0.5357
2012,4,2012_04_NE_BUF,BUF,NE,28,52,outdoors,a_turf,58.0,7.0,438.0,6.0,4.0,-0.081554,5.7971,0.5238,580.0,2.0,7.0,0.218062,9.0909,0.5946
2012,4,2012_04_MIN_DET,DET,MIN,13,20,dome,fieldturf,,,341.0,1.0,2.0,-0.107668,2.6316,0.5357,227.0,0.0,1.0,0.011607,1.7857,0.5714
2012,4,2012_04_TEN_HOU,HOU,TEN,38,14,closed,grass,,,297.0,0.0,3.0,0.08002,5.0847,0.7143,325.0,3.0,4.0,-0.229073,6.6667,0.5484
2012,4,2012_04_SD_KC,KC,SD,20,37,outdoors,grass,67.0,0.0,349.0,6.0,4.0,-0.172636,5.9701,0.5333,,,,,,
2012,4,2012_04_SF_NYJ,NYJ,SF,0,34,outdoors,fieldturf,67.0,4.0,145.0,4.0,1.0,-0.548537,2.0,0.4242,381.0,0.0,3.0,0.015849,4.4118,0.5
2012,4,2012_04_SEA_STL,STL,SEA,19,13,dome,astroplay,,,,,,,,,319.0,3.0,1.0,-0.062137,1.6393,0.6296
2012,4,2012_04_MIA_ARI,ARI,MIA,24,21,closed,grass,,,297.0,2.0,3.0,-0.075513,4.2254,0.5179,482.0,4.0,2.0,-0.076701,2.6667,0.5652
2012,4,2012_04_OAK_DEN,DEN,OAK,37,6,outdoors,grass,72.0,6.0,503.0,1.0,4.0,0.2472,5.1948,0.7692,,,,,,
2012,4,2012_04_CIN_JAX,JAX,CIN,10,27,outdoors,grass,86.0,7.0,212.0,1.0,1.0,-0.124947,1.7241,0.575,382.0,3.0,3.0,0.123611,4.6154,0.6452
2012,4,2012_04_NO_GB,GB,NO,28,27,outdoors,grass,64.0,7.0,421.0,2.0,4.0,0.203337,6.0606,0.7561,474.0,0.0,3.0,0.18844,4.0,0.625
2012,4,2012_04_WAS_TB,TB,WAS,22,24,outdoors,grass,89.0,11.0,373.0,1.0,2.0,0.10192,3.3898,0.5854,474.0,0.0,3.0,0.118217,4.4776,0.7222
2012,4,2012_04_NYG_PHI,PHI,NYG,19,17,outdoors,grass,63.0,6.0,422.0,0.0,1.0,0.129379,1.4706,0.5938,366.0,1.0,2.0,0.114535,3.2787,0.5714
2012,4,2012_04_CHI_DAL,DAL,CHI,18,34,closed,matrixturf,,,432.0,5.0,4.0,-0.137491,5.7971,0.7273,360.0,1.0,2.0,0.137972,3.7037,0.6923
2012,5,2012_05_ARI_STL,STL,ARI,17,3,dome,astroplay,,,,,,,,,282.0,1.0,0.0,-0.207117,0.0,0.4746
2012,5,2012_05_MIA_CIN,CIN,MIA,13,17,outdoors,fieldturf,49.0,6.0,298.0,4.0,1.0,-0.13512,1.5385,0.5652,279.0,1.0,2.0,-0.065688,3.1746,0.6071
2012,5,2012_05_GB_IND,IND,GB,30,27,closed,fieldturf,,,466.0,1.0,3.0,0.033437,3.2967,0.5167,356.0,1.0,4.0,0.02282,6.4516,0.5263
2012,5,2012_05_BAL_KC,KC,BAL,6,9,outdoors,grass,47.0,0.0,338.0,4.0,0.0,-0.143553,0.0,0.6471,298.0,2.0,0.0,-0.109024,0.0,0.4194
2012,5,2012_05_CLE_NYG,NYG,CLE,41,27,outdoors,fieldturf,51.0,2.0,502.0,2.0,5.0,0.213174,7.0423,0.6757,375.0,3.0,3.0,0.110107,5.5556,0.6286
2012,5,2012_05_PHI_PIT,PIT,PHI,16,14,outdoors,grass,48.0,4.0,343.0,0.0,1.0,0.026103,1.4706,0.5789,246.0,2.0,2.0,0.025553,3.5714,0.6061
2012,5,2012_05_ATL_WAS,WAS,ATL,17,24,outdoors,grass,52.0,3.0,316.0,2.0,1.0,-0.114975,2.0833,0.5556,421.0,2.0,4.0,0.01979,4.9383,0.6415
2012,5,2012_05_SEA_CAR,CAR,SEA,12,16,outdoors,grass,63.0,6.0,190.0,2.0,0.0,-0.268122,0.0,0.3636,310.0,3.0,2.0,-0.145245,3.2258,0.7037
2012,5,2012_05_CHI_JAX,JAX,CHI,3,41,outdoors,grass,88.0,3.0,189.0,3.0,2.0,-0.310164,3.7736,0.4722,501.0,1.0,3.0,0.199452,4.1096,0.575
2012,5,2012_05_TEN_MIN,MIN,TEN,30,7,dome,sportturf,,,433.0,2.0,3.0,0.140193,4.4776,0.6944,267.0,2.0,1.0,-0.137911,1.4493,0.58
2012,5,2012_05_DEN_NE,NE,DEN,31,21,outdoors,fieldturf,54.0,4.0,444.0,1.0,4.0,0.118187,4.4944,0.6571,394.0,3.0,3.0,0.062588,4.5455,0.6739
2012,5,2012_05_BUF_SF,SF,BUF,45,3,outdoors,grass,62.0,8.0,621.0,1.0,6.0,0.398293,9.5238,0.76,204.0,2.0,0.0,-0.140555,0.0,0.5926
2012,5,2012_05_SD_NO,NO,SD,31,24,dome,sportturf,,,404.0,1.0,4.0,0.114146,5.7971,0.6042,,,,,,
2012,5,2012_05_HOU_NYJ,NYJ,HOU,17,23,outdoors,fieldturf,52.0,4.0,286.0,2.0,2.0,-0.035454,3.4483,0.4,378.0,1.0,2.0,0.08261,3.1746,0.5
2012,6,2012_06_PIT_TEN,TEN,PIT,26,23,outdoors,grass,64.0,2.0,359.0,1.0,2.0,0.071616,2.8986,0.5319,412.0,1.0,2.0,0.092327,3.1746,0.5854
2012,6,2012_06_OAK_ATL,ATL,OAK,23,20,dome,fieldturf,,,286.0,3.0,1.0,-0.145396,1.8868,0.6316,,,,,,
2012,6,2012_06_DAL_BAL,BAL,DAL,31,29,outdoors,sportturf,69.0,11.0,316.0,0.0,4.0,0.271218,8.1633,0.6296,481.0,1.0,3.0,0.192219,3.75,0.6579
2012,6,2012_06_CIN_CLE,CLE,CIN,34,24,outdoors,grass,70.0,19.0,328.0,1.0,3.0,-0.034877,4.6154,0.5484,438.0,4.0,4.0,-0.132986,5.8824,0.6458
2012,6,2012_06_STL_MIA,MIA,STL,17,14,outdoors,grass,84.0,20.0,192.0,0.0,2.0,0.07276,4.0816,0.6562,,,,,,
2012,6,2012_06_IND_NYJ,NYJ,IND,35,9,outdoors,fieldturf,65.0,14.0,351.0,0.0,5.0,0.255238,7.8125,0.6,298.0,4.0,0.0,-0.048673,0.0,0.4583
2012,6,2012_06_DET_PHI,PHI,DET,23,26,outdoors,grass,66.0,15.0,357.0,3.0,2.0,-0.004599,2.5641,0.5714,449.0,1.0,2.0,0.056684,2.7397,0.4889
2012,6,2012_06_KC_TB,TB,KC,38,10,outdoors,grass,85.0,9.0,463.0,2.0,5.0,0.100094,9.8039,0.5556,260.0,2.0,1.0,-0.238016,1.4706,0.5789
2012,6,2012_06_BUF_ARI,ARI,BUF,16,19,closed,grass,,,332.0,2.0,1.0,-0.114603,1.4085,0.3902,306.0,2.0,2.0,-0.08428,2.9412,0.5143
2012,6,2012_06_NE_SEA,SEA,NE,24,23,outdoors,fieldturf,63.0,9.0,368.0,2.0,3.0,0.029411,5.4545,0.5517,475.0,2.0,2.0,0.047884,2.3529,0.6102
2012,6,2012_06_NYG_SF,SF,NYG,3,26,outdoors,grass,61.0,7.0,314.0,3.0,0.0,-0.250671,0.0,0.5349,342.0,0.0,2.0,0.10316,3.0769,0.5357
2012,6,2012_06_MIN_WAS,WAS,MIN,38,26,outdoors,grass,74.0,14.0,361.0,1.0,4.0,0.192727,7.2727,0.7391,423.0,3.0,3.0,0.056849,3.6585,0.6034
2012,6,2012_06_GB_HOU,HOU,GB,24,42,closed,grass,,,321.0,3.0,2.0,-0.029291,2.8986,0.5366,427.0,0.0,7.0,0.211784,10.0,0.6154
2012,6,2012_06_DEN_SD,SD,DEN,24,35,outdoors,grass,78.0,7.0,,,,,,,365.0,2.0,4.0,-0.023696,7.6923,0.8
2012,7,2012_07_SEA_SF,SF,SEA,13,6,outdoors,grass,80.0,15.0,313.0,1.0,1.0,-0.004875,1.7544,0.56,251.0,1.0,0.0,-0.089343,0.0,0.36
2012,7,2012_07_TEN_BUF,BUF,TEN,34,35,outdoors,a_turf,55.0,15.0,382.0,2.0,4.0,0.206828,6.6667,0.75,390.0,0.0,5.0,0.24852,8.0645,0.6286
2012,7,2012_07_DAL_CAR,CAR,DAL,14,19,outdoors,grass,62.0,8.0,328.0,2.0,2.0,-0.042956,3.3333,0.5385,312.0,1.0,1.0,0.062385,1.5385,0.7059
2012,7,2012_07_BAL_HOU,HOU,BAL,43,13,closed,grass,,,420.0,0.0,4.0,0.164017,5.2632,0.5897,176.0,2.0,2.0,-0.15791,3.3898,0.4468
2012,7,2012_07_CLE_IND,IND,CLE,17,13,open,fieldturf,,,321.0,1.0,2.0,0.03084,2.8986,0.5,319.0,0.0,2.0,-0.001163,3.4483,0.6098
2012,7,2012_07_ARI_MIN,MIN,ARI,21,14,dome,sportturf,,,209.0,2.0,2.0,-0.18975,4.2553,0.4,356.0,2.0,3.0,-0.20966,4.3478,0.5814
2012,7,2012_07_WAS_NYG,NYG,WAS,27,23,outdoors,fieldturf,61.0,11.0,393.0,2.0,3.0,0.094814,5.0,0.6341,480.0,4.0,2.0,0.077946,2.8986,0.6452
2012,7,2012_07_GB_STL,STL,GB,20,30,dome,astroplay,,,,,,,,,402.0,0.0,3.0,0.17684,4.5455,0.75
2012,7,2012_07_NO_TB,TB,NO,28,35,outdoors,grass,77.0,8.0,513.0,0.0,4.0,0.154376,5.8824,0.5455,458.0,1.0,5.0,0.30285,7.9365,0.7297
2012,7,2012_07_NYJ_NE,NE,NYJ,29,26,outdoors,fieldturf,62.0,13.0,381.0,1.0,3.0,0.127744,4.0541,0.6047,403.0,2.0,2.0,0.150745,2.5641,0.6222
2012,7,2012_07_JAX_OAK,OAK,JAX,26,23,outdoors,grass,62.0,11.0,,,,,,,209.0,2.0,2.0,-0.119805,3.2787,0.4857
2012,7,2012_07_PIT_CIN,CIN,PIT,17,24,outdoors,fieldturf,55.0,1.0,185.0,1.0,2.0,-0.004877,4.0816,0.5,433.0,2.0,2.0,0.114675,2.8169,0.6429
2012,7,2012_07_DET_CHI,CHI,DET,13,7,outdoors,grass,63.0,8.0,296.0,1.0,1.0,-0.059265,1.4493,0.4595,340.0,3.0,1.0,-0.137305,1.4925,0.5714
2012,8,2012_08_TB_MIN,MIN,TB,17,36,dome,sportturf,,,369.0,3.0,2.0,-0.15075,3.3898,0.5,416.0,0.0,4.0,0.136127,5.0633,0.5
2012,8,2012_08_CAR_CHI,CHI,CAR,23,22,outdoors,grass,49.0,18.0,210.0,3.0,2.0,-0.035177,3.7037,0.5429,416.0,2.0,2.0,0.004346,2.5974,0.4878
2012,8,2012_08_SD_CLE,CLE,SD,7,6,outdoors,grass,44.0,19.0,250.0,0.0,1.0,-0.120495,1.6129,0.3793,,,,,,
2012,8,2012_08_SEA_DET,DET,SEA,28,24,dome,fieldturf,,,415.0,1.0,4.0,0.167178,5.4795,0.6667,369.0,2.0,3.0,0.188004,5.5556,0.7143
2012,8,2012_08_JAX_GB,GB,JAX,24,15,outdoors,grass,44.0,10.0,238.0,1.0,2.0,-0.076482,3.125,0.5789,341.0,1.0,2.0,-0.145315,2.7778,0.5192
2012,8,2012_08_MIA_NYJ,NYJ,MIA,9,30,outdoors,fieldturf,60.0,9.0,363.0,2.0,2.0,-0.202939,2.5,0.4746,236.0,1.0,2.0,0.068719,3.3898,0.5
2012,8,2012_08_ATL_PHI,PHI,ATL,17,30,outdoors,grass,58.0,16.0,270.0,0.0,2.0,0.050809,3.2258,0.5526,392.0,0.0,3.0,0.22417,4.4118,0.7097
2012,8,2012_08_WAS_PIT,PIT,WAS,27,12,outdoors,grass,45.0,10.0,355.0,0.0,3.0,0.193197,4.918,0.7059,255.0,0.0,1.0,0.011849,1.7544,0.4444
2012,8,2012_08_NE_STL,STL,NE,7,45,outdoors,astroplay,49.0,9.0,,,,,,,473.0,0.0,6.0,0.439322,9.0909,0.6316
2012,8,2012_08_IND_TEN,TEN,IND,13,19,outdoors,grass,52.0,18.0,339.0,0.0,1.0,0.054382,1.7857,0.7097,457.0,1.0,2.0,0.14654,2.7027,0.65
2012,8,2012_08_OAK_KC,KC,OAK,16,26,outdoors,grass,50.0,3.0,299.0,3.0,1.0,-0.15503,1.6949,0.5946,,,,,,
2012,8,2012_08_NYG_DAL,DAL,NYG,24,29,open,matrixturf,,,434.0,5.0,4.0,-0.114149,4.8193,0.5455,293.0,3.0,1.0,-0.019263,1.7241,0.5
2012,8,2012_08_NO_DEN,DEN,NO,34,14,outdoors,grass,59.0,5.0,530.0,1.0,4.0,0.215238,5.6338,0.7333,252.0,1.0,2.0,0.00511,3.3333,0.5116
2012,8,2012_08_SF_ARI,ARI,SF,3,24,closed,grass,,,265.0,1.0,0.0,-0.170762,0.0,0.5714,317.0,0.0,3.0,0.144017,5.7692,0.7826
2012,9,2012_09_KC_SD,SD,KC,31,13,outdoors,grass,63.0,12.0,,,,,,,289.0,4.0,3.0,-0.065303,5.0,0.6333
2012,9,2012_09_DEN_CIN,CIN,DEN,23,31,outdoors,fieldturf,48.0,1.0,366.0,1.0,2.0,0.086971,2.7778,0.5532,359.0,2.0,4.0,0.246808,6.5574,0.7714
2012,9,2012_09_BAL_CLE,CLE,BAL,15,25,outdoors,grass,39.0,8.0,290.0,2.0,0.0,-0.118359,0.0,0.5263,284.0,0.0,3.0,0.018085,4.7619,0.5769
2012,9,2012_09_ARI_GB,GB,ARI,31,17,outdoors,grass,39.0,7.0,384.0,2.0,4.0,0.059251,5.7143,0.4516,340.0,1.0,2.0,-0.082313,3.0303,0.4792
2012,9,2012_09_BUF_HOU,HOU,BUF,21,9,closed,grass,,,374.0,0.0,3.0,0.048867,4.918,0.6552,304.0,1.0,0.0,-0.094233,0.0,0.5952
2012,9,2012_09_MIA_IND,IND,MIA,23,20,closed,fieldturf,,,516.0,0.0,2.0,0.113838,2.6667,0.6122,365.0,0.0,2.0,0.119687,3.4483,0.55
2012,9,2012_09_DET_JAX,JAX,DET,14,31,outdoors,grass,81.0,10.0,281.0,2.0,2.0,0.063977,3.2787,0.6585,434.0,0.0,4.0,0.287807,5.8824,0.6471
2012,9,2012_09_CHI_TEN,TEN,CHI,20,51,outdoors,grass,50.0,6.0,341.0,5.0,4.0,-0.44943,7.1429,0.5263,365.0,1.0,4.0,0.04195,6.1538,0.6552
2012,9,2012_09_CAR_WAS,WAS,CAR,13,21,outdoors,grass,50.0,3.0,337.0,0.0,1.0,0.014623,1.3333,0.5349,330.0,0.0,3.0,0.162886,6.0,0.5652
2012,9,2012_09_TB_OAK,OAK,TB,32,42,outdoors,grass,71.0,7.0,,,,,,,515.0,1.0,6.0,0.234025,9.5238,0.5806
2012,9,2012_09_MIN_SEA,SEA,MIN,30,20,outdoors,fieldturf,60.0,5.0,385.0,0.0,4.0,0.179921,5.6338,0.6538,287.0,2.0,2.0,0.128173,3.7736,0.4231
2012,9,2012_09_PIT_NYG,NYG,PIT,20,24,outdoors,fieldturf,44.0,5.0,182.0,1.0,1.0,-0.083694,2.0833,0.3846,349.0,2.0,4.0,0.001788,5.7971,0.6176
2012,9,2012_09_DAL_ATL,ATL,DAL,19,13,dome,fieldturf,,,453.0,0.0,1.0,0.052553,1.5873,0.6486,377.0,0.0,1.0,0.004607,1.8519,0.6944
2012,9,2012_09_PHI_NO,NO,PHI,28,13,dome,sportturf,,,371.0,2.0,3.0,0.058371,5.5556,0.7241,447.0,2.0,2.0,-0.096092,2.5974,0.4583
2012,10,2012_10_IND_JAX,JAX,IND,10,27,outdoors,grass,50.0,0.0,337.0,3.0,2.0,-0.170948,3.1746,0.549,359.0,2.0,2.0,0.069419,3.0769,0.6429
2012,10,2012_10_OAK_BAL,BAL,OAK,55,20,outdoors,sportturf,61.0,6.0,419.0,2.0,7.0,0.414296,11.2903,0.6176,,,,,,
2012,10,2012_10_DEN_CAR,CAR,DEN,14,36,outdoors,grass,71.0,5.0,250.0,2.0,4.0,-0.269154,6.25,0.4884,360.0,2.0,2.0,0.015585,3.2787,0.6923
2012,10,2012_10_NYG_CIN,CIN,NYG,31,13,outdoors,fieldturf,69.0,16.0,275.0,0.0,4.0,0.061821,6.8966,0.7,318.0,5.0,1.0,-0.146291,1.4286,0.58
2012,10,2012_10_TEN_MIA,MIA,TEN,3,37,outdoors,grass,78.0,20.0,255.0,4.0,1.0,-0.34878,1.7857,0.561,293.0,0.0,3.0,0.153134,5.0,0.3913
2012,10,2012_10_DET_MIN,MIN,DET,34,24,dome,sportturf,,,405.0,0.0,3.0,0.077716,4.3478,0.7059,368.0,2.0,3.0,-0.017763,4.918,0.6364
2012,10,2012_10_BUF_NE,NE,BUF,37,31,outdoors,fieldturf,60.0,12.0,347.0,0.0,4.0,0.240206,5.8824,0.5897,481.0,3.0,4.0,0.181611,5.6338,0.6279
2012,10,2012_10_ATL_NO,NO,ATL,31,27,dome,sportturf,,,440.0,1.0,4.0,0.145757,6.4516,0.6364,454.0,1.0,3.0,0.134208,4.2254,0.6415
2012,10,2012_10_SD_TB,TB,SD,34,24,outdoors,grass,80.0,10.0,279.0,0.0,2.0,0.185897,4.6512,0.6667,,,,,,
2012,10,2012_10_NYJ_SEA,SEA,NYJ,28,7,outdoors,fieldturf,43.0,2.0,363.0,3.0,5.0,0.032019,7.4627,0.5417,185.0,2.0,0.0,-0.269406,0.0,0.4286
2012,10,2012_10_DAL_PHI,PHI,DAL,23,38,outdoors,grass,63.0,7.0,369.0,2.0,6.0,-0.121653,9.0909,0.6512,294.0,0.0,2.0,0.080265,3.7037,0.6552
2012,10,2012_10_STL_SF,SF,STL,24,24,outdoors,grass,55.0,5.0,341.0,0.0,3.0,0.060215,4.6875,0.6,,,,,,
2012,10,2012_10_HOU_CHI,CHI,HOU,6,13,outdoors,grass,54.0,8.0,249.0,4.0,0.0,-0.358248,0.0,0.5455,215.0,2.0,1.0,-0.207223,1.6129,0.5185
2012,10,2012_10_KC_PIT,PIT,KC,16,13,outdoors,grass,45.0,16.0,249.0,1.0,1.0,-0.105977,1.6129,0.4848,290.0,1.0,1.0,-0.128242,1.5873,0.3929
2012,11,2012_11_MIA_BUF,BUF,MIA,19,14,outdoors,a_turf,35.0,5.0,281.0,0.0,0.0,-0.040851,0.0,0.5667,184.0,3.0,3.0,-0.089535,5.4545,0.4516
2012,11,2012_11_ARI_ATL,ATL,ARI,23,19,dome,fieldturf,,,354.0,6.0,1.0,-0.256406,1.4085,0.5957,178.0,1.0,2.0,-0.307913,3.5714,0.3667
2012,11,2012_11_TB_CAR,CAR,TB,21,27,outdoors,grass,53.0,9.0,331.0,0.0,2.0,-0.07636,3.0769,0.5161,405.0,4.0,4.0,0.021144,5.1282,0.5208
2012,11,2012_11_CLE_DAL,DAL,CLE,23,20,closed,matrixturf,,,320.0,1.0,2.0,-0.029936,2.5641,0.614,311.0,1.0,2.0,-0.034345,2.8571,0.5405
2012,11,2012_11_GB_DET,DET,GB,20,24,dome,fieldturf,,,362.0,4.0,3.0,-0.159537,4.4118,0.3864,314.0,1.0,2.0,-0.098106,3.3898,0.6333
2012,11,2012_11_JAX_HOU,HOU,JAX,43,37,closed,grass,,,653.0,3.0,5.0,0.131757,5.4348,0.7544,458.0,1.0,4.0,0.145024,6.0606,0.4865
2012,11,2012_11_CIN_KC,KC,CIN,6,28,outdoors,grass,59.0,15.0,284.0,1.0,0.0,-0.126116,0.0,0.5,409.0,0.0,4.0,0.170772,5.7971,0.5806
2012,11,2012_11_NYJ_STL,STL,NYJ,13,27,dome,astroplay,,,,,,,,,289.0,0.0,3.0,-0.005061,4.6154,0.6667
2012,11,2012_11_PHI_WAS,WAS,PHI,31,6,outdoors,grass,52.0,9.0,361.0,0.0,4.0,0.104614,7.8431,0.8235,257.0,3.0,0.0,-0.173111,0.0,0.42
2012,11,2012_11_NO_OAK,OAK,NO,17,38,outdoors,grass,61.0,3.0,,,,,,,380.0,0.0,4.0,0.279519,7.1429,0.75
2012,11,2012_11_SD_DEN,DEN,SD,30,23,outdoors,grass,62.0,3.0,386.0,2.0,4.0,-0.102448,5.7143,0.5556,,,,,,
2012,11,2012_11_IND_NE,NE,IND,59,24,outdoors,fieldturf,42.0,14.0,446.0,0.0,5.0,0.304673,8.3333,0.6857,448.0,4.0,6.0,-0.098725,8.0,0.5294
2012,11,2012_11_BAL_PIT,PIT,BAL,10,13,outdoors,grass,46.0,5.0,309.0,3.0,2.0,-0.171697,2.8986,0.4286,200.0,0.0,0.0,-0.122796,0.0,0.5882
2012,11,2012_11_CHI_SF,SF,CHI,32,7,outdoors,grass,64.0,12.0,353.0,0.0,3.0,0.183772,5.5556,0.64,143.0,2.0,1.0,-0.154657,1.7857,0.5
2012,12,2012_12_HOU_DET,DET,HOU,31,34,dome,fieldturf,,,525.0,1.0,4.0,0.016432,4.5977,0.4844,501.0,1.0,4.0,0.090525,5.1282,0.58
2012,12,2012_12_WAS_DAL,DAL,WAS,31,38,closed,matrixturf,,,460.0,3.0,3.0,0.054352,3.9474,0.5781,437.0,1.0,5.0,0.177531,8.0645,0.6333
2012,12,2012_12_NE_NYJ,NYJ,NE,19,49,outdoors,fieldturf,46.0,2.0,405.0,5.0,4.0,-0.183352,5.9701,0.6842,475.0,1.0,5.0,0.224891,7.5758,0.6667
2012,12,2012_12_MIN_CHI,CHI,MIN,28,10,outdoors,grass,41.0,5.0,298.0,2.0,3.0,-0.027006,4.1667,0.7188,258.0,3.0,1.0,-0.239668,1.5385,0.4889
2012,12,2012_12_OAK_CIN,CIN,OAK,34,10,outdoors,fieldturf,41.0,9.0,415.0,0.0,4.0,0.12655,6.0606,0.5,,,,,,
2012,12,2012_12_PIT_CLE,CLE,PIT,20,14,outdoors,grass,34.0,10.0,238.0,1.0,3.0,-0.249529,4.6875,0.5667,242.0,8.0,1.0,-0.343191,1.8182,0.5714
2012,12,2012_12_BUF_IND,IND,BUF,20,13,closed,fieldturf,,,312.0,1.0,1.0,0.008805,1.4286,0.4878,304.0,2.0,2.0,-0.051199,3.4483,0.4857
2012,12,2012_12_TEN_JAX,JAX,TEN,24,19,outdoors,grass,60.0,4.0,321.0,1.0,3.0,0.071103,5.0,0.5152,360.0,2.0,1.0,0.022474,1.4286,0.561
2012,12,2012_12_DEN_KC,KC,DEN,9,17,outdoors,grass,52.0,5.0,264.0,1.0,0.0,-0.057239,0.0,0.4643,368.0,1.0,2.0,0.059476,3.1746,0.5641
2012,12,2012_12_SEA_MIA,MIA,SEA,24,21,outdoors,grass,72.0,6.0,435.0,1.0,3.0,0.170134,5.4545,0.6667,312.0,0.0,3.0,0.141225,5.3571,0.7241
2012,12,2012_12_ATL_TB,TB,ATL,23,24,outdoors,grass,65.0,7.0,326.0,0.0,2.0,0.08664,3.7037,0.6061,424.0,2.0,3.0,0.136055,5.2632,0.7879
2012,12,2012_12_BAL_SD,SD,BAL,13,16,outdoors,grass,59.0,1.0,,,,,,,443.0,0.0,1.0,0.041206,1.0989,0.5357
2012,12,2012_12_STL_ARI,ARI,STL,17,31,closed,grass,,,375.0,4.0,4.0,-0.228265,5.1948,0.5741,,,,,,
2012,12,2012_12_SF_NO,NO,SF,21,31,dome,sportturf,,,290.0,3.0,5.0,-0.178841,7.4627,0.5652,375.0,1.0,2.0,-0.014506,3.5714,0.64
2012,12,2012_12_GB_NYG,NYG,GB,38,10,outdoors,fieldturf,34.0,17.0,390.0,0.0,5.0,0.230152,8.0645,0.5161,317.0,2.0,1.0,-0.114298,1.7241,0.4688
2012,12,2012_12_CAR_PHI,PHI,CAR,22,30,outdoors,grass,36.0,2.0,311.0,3.0,2.0,-0.008524,4.0816,0.6957,398.0,0.0,4.0,0.125231,6.1538,0.6
2012,13,2012_13_NO_ATL,ATL,NO,23,13,dome,fieldturf,,,283.0,1.0,2.0,-0.092763,3.5088,0.5294,436.0,5.0,1.0,-0.170504,1.3514,0.549
2012,13,2012_13_JAX_BUF,BUF,JAX,34,18,outdoors,a_turf,52.0,17.0,344.0,1.0,4.0,0.082759,6.3492,0.5294,238.0,3.0,2.0,-0.098743,3.125,0.4222
2012,13,2012_13_SEA_CHI,CHI,SEA,17,23,outdoors,grass,61.0,4.0,365.0,0.0,2.0,0.097378,3.3898,0.6538,459.0,1.0,3.0,0.182343,4.2254,0.5897
2012,13,2012_13_IND_DET,DET,IND,33,35,dome,fieldturf,,,451.0,1.0,3.0,0.007097,4.0,0.587,459.0,3.0,5.0,0.035612,6.7568,0.4286
2012,13,2012_13_MIN_GB,GB,MIN,23,14,outdoors,grass,45.0,8.0,435.0,1.0,2.0,0.102225,2.7397,0.7297,359.0,2.0,2.0,0.034902,3.7736,0.48
2012,13,2012_13_CAR_KC,KC,CAR,27,21,outdoors,grass,61.0,0.0,355.0,0.0,3.0,0.22542,4.4776,0.7917,385.0,0.0,3.0,0.229144,5.8824,0.5172
2012,13,2012_13_NE_MIA,MIA,NE,16,23,outdoors,grass,77.0,18.0,277.0,1.0,1.0,-0.085841,1.6949,0.4062,321.0,1.0,2.0,0.034386,2.6316,0.5455
2012,13,2012_13_ARI_NYJ,NYJ,ARI,7,6,outdoors,fieldturf,46.0,6.0,289.0,4.0,1.0,-0.267164,1.3514,0.4839,137.0,1.0,0.0,-0.340283,0.0,0.303
2012,13,2012_13_SF_STL,STL,SF,16,13,dome,astroplay,,,,,,,,,339.0,1.0,2.0,-0.123873,2.8169,0.6
2012,13,2012_13_HOU_TEN,TEN,HOU,10,24,outdoors,grass,66.0,19.0,354.0,6.0,1.0,-0.205653,1.4706,0.4118,331.0,0.0,3.0,-0.008061,4.2857,0.6
2012,13,2012_13_TB_DEN,DEN,TB,31,23,outdoors,grass,64.0,4.0,333.0,1.0,3.0,0.005322,4.4776,0.7105,306.0,1.0,3.0,-0.051435,4.918,0.45
2012,13,2012_13_PIT_BAL,BAL,PIT,20,23,outdoors,sportturf,57.0,9.0,288.0,2.0,2.0,-0.0111,3.4483,0.4324,366.0,3.0,2.0,0.047399,3.0769,0.641
2012,13,2012_13_CLE_OAK,OAK,CLE,17,20,outdoors,grass,61.0,21.0,,,,,,,475.0,2.0,2.0,0.150412,2.9851,0.6757
2012,13,2012_13_CIN_SD,SD,CIN,13,20,outdoors,grass,66.0,14.0,,,,,,,339.0,3.0,3.0,-0.052477,4.2254,0.641
2012,13,2012_13_PHI_DAL,DAL,PHI,38,33,closed,matrixturf,,,417.0,0.0,5.0,0.163869,8.0645,0.7586,423.0,1.0,4.0,0.137057,6.4516,0.6111
2012,13,2012_13_NYG_WAS,WAS,NYG,17,16,outdoors,grass,55.0,1.0,370.0,1.0,2.0,0.140651,3.8462,0.619,390.0,0.0,1.0,0.129855,1.5873,0.5882
2012,14,2012_14_DEN_OAK,OAK,DEN,13,26,outdoors,grass,57.0,7.0,,,,,,,428.0,1.0,2.0,0.171498,2.5641,0.6667
2012,14,2012_14_STL_BUF,BUF,STL,12,15,outdoors,a_turf,37.0,14.0,281.0,2.0,1.0,-0.12052,1.6949,0.641,,,,,,
2012,14,2012_14_ATL_CAR,CAR,ATL,30,20,outdoors,grass,70.0,4.0,475.0,0.0,3.0,0.264277,4.4118,0.6389,362.0,1.0,3.0,0.162953,4.7619,0.6538
2012,14,2012_14_DAL_CIN,CIN,DAL,19,20,outdoors,fieldturf,53.0,6.0,336.0,1.0,1.0,0.035012,1.7241,0.5263,288.0,1.0,2.0,0.067137,2.8571,0.5435
2012,14,2012_14_KC_CLE,CLE,KC,30,7,outdoors,grass,44.0,5.0,352.0,0.0,2.0,0.074364,2.9412,0.5152,310.0,1.0,2.0,-0.22344,3.8462,0.3846
2012,14,2012_14_TEN_IND,IND,TEN,27,23,closed,fieldturf,,,269.0,2.0,3.0,-0.024425,4.4118,0.4211,356.0,2.0,2.0,-0.046632,3.3333,0.6111
2012,14,2012_14_NYJ_JAX,JAX,NYJ,10,17,outdoors,grass,67.0,10.0,291.0,2.0,1.0,-0.128262,1.4286,0.4565,270.0,2.0,2.0,-0.028846,3.2258,0.6
2012,14,2012_14_CHI_MIN,MIN,CHI,21,14,dome,sportturf,,,248.0,1.0,2.0,-0.051987,3.5714,0.6111,438.0,2.0,3.0,-0.108836,4.1096,0.5091
2012,14,2012_14_SD_PIT,PIT,SD,24,34,outdoors,grass,45.0,10.0,340.0,2.0,4.0,-0.085425,6.5574,0.5,,,,,,
2012,14,2012_14_PHI_TB,TB,PHI,21,23,outdoors,grass,69.0,1.0,314.0,1.0,3.0,0.003774,4.4118,0.3889,367.0,0.0,3.0,0.044282,4.0541,0.5517
2012,14,2012_14_BAL_WAS,WAS,BAL,31,28,outdoors,grass,51.0,7.0,425.0,1.0,3.0,0.085627,4.4776,0.5484,359.0,2.0,4.0,0.092893,6.8966,0.6957
2012,14,2012_14_MIA_SF,SF,MIA,27,13,outdoors,grass,62.0,3.0,321.0,1.0,3.0,0.212486,5.4545,0.6667,227.0,0.0,1.0,0.029827,1.7544,0.4857
2012,14,2012_14_NO_NYG,NYG,NO,52,27,outdoors,fieldturf,42.0,1.0,394.0,2.0,8.0,0.175929,12.9032,0.6286,487.0,4.0,2.0,-0.074104,2.9412,0.5909
2012,14,2012_14_ARI_SEA,SEA,ARI,58,0,outdoors,fieldturf,48.0,8.0,493.0,3.0,6.0,0.273939,9.2308,0.5217,154.0,6.0,1.0,-0.445767,1.7241,0.4524
2012,14,2012_14_DET_GB,GB,DET,27,20,outdoors,grass,33.0,10.0,288.0,1.0,2.0,0.068258,3.8462,0.5185,386.0,2.0,3.0,-0.008509,3.8462,0.587
2012,14,2012_14_HOU_NE,NE,HOU,42,14,outdoors,fieldturf,59.0,7.0,419.0,1.0,6.0,0.253614,8.5714,0.5676,323.0,1.0,2.0,-0.052976,3.0769,0.5526
2012,15,2012_15_CIN_PHI,PHI,CIN,13,34,outdoors,grass,36.0,1.0,219.0,5.0,2.0,-0.509953,3.7736,0.4706,249.0,2.0,3.0,-0.144756,4.0541,0.3939
2012,15,2012_15_NYG_ATL,ATL,NYG,34,0,dome,fieldturf,,,394.0,0.0,4.0,0.161307,5.9701,0.7931,256.0,3.0,0.0,-0.397556,0.0,0.5
2012,15,2012_15_DEN_BAL,BAL,DEN,17,34,outdoors,sportturf,53.0,7.0,278.0,2.0,3.0,-0.214358,4.8387,0.4651,350.0,0.0,3.0,0.022183,4.0,0.5667
2012,15,2012_15_GB_CHI,CHI,GB,13,21,outdoors,grass,44.0,9.0,190.0,2.0,1.0,-0.101534,2.0833,0.48,391.0,1.0,3.0,0.016043,4.2254,0.5897
2012,15,2012_15_WAS_CLE,CLE,WAS,21,38,outdoors,grass,59.0,18.0,291.0,2.0,3.0,-0.140953,5.7692,0.5676,430.0,1.0,5.0,0.121918,6.7568,0.6667
2012,15,2012_15_IND_HOU,HOU,IND,29,17,closed,grass,,,417.0,0.0,1.0,0.074438,1.5152,0.6765,272.0,1.0,3.0,-0.067987,5.2632,0.4062
2012,15,2012_15_JAX_MIA,MIA,JAX,24,3,outdoors,grass,80.0,13.0,391.0,1.0,2.0,0.179659,2.9851,0.7097,299.0,0.0,0.0,-0.081899,0.0,0.5
2012,15,2012_15_TB_NO,NO,TB,41,0,dome,sportturf,,,447.0,0.0,5.0,0.193865,7.6923,0.65,386.0,5.0,0.0,-0.300031,0.0,0.5357
2012,15,2012_15_MIN_STL,STL,MIN,22,36,dome,astroplay,,,,,,,,,322.0,0.0,2.0,0.116585,3.3898,0.6538
2012,15,2012_15_DET_ARI,ARI,DET,38,10,closed,grass,,,196.0,2.0,3.0,-0.07093,5.8824,0.6364,312.0,3.0,3.0,-0.335287,4.0541,0.4615
2012,15,2012_15_SEA_BUF,BUF,SEA,17,50,dome,a_turf,,,333.0,3.0,3.0,-0.195296,4.4776,0.5217,466.0,0.0,5.0,0.320126,8.7719,0.56
2012,15,2012_15_CAR_SD,SD,CAR,7,31,outdoors,grass,59.0,6.0,,,,,,,372.0,1.0,4.0,0.165732,5.4054,0.5429
2012,15,2012_15_PIT_DAL,DAL,PIT,27,24,closed,matrixturf,,,415.0,2.0,3.0,0.070722,4.6875,0.6977,388.0,1.0,3.0,0.05365,4.918,0.5455
2012,15,2012_15_KC_OAK,OAK,KC,15,0,outdoors,grass,54.0,2.0,,,,,,,119.0,1.0,0.0,-0.33705,0.0,0.5
2012,15,2012_15_SF_NE,NE,SF,34,41,outdoors,fieldturf,34.0,5.0,520.0,4.0,4.0,-0.038897,4.3478,0.5294,388.0,2.0,5.0,0.068354,7.6923,0.5385
2012,15,2012_15_NYJ_TEN,TEN,NYJ,14,10,outdoors,grass,54.0,10.0,294.0,0.0,2.0,-0.133647,3.5714,0.5,253.0,5.0,1.0,-0.146029,1.5873,0.3939
2012,16,2012_16_ATL_DET,DET,ATL,18,31,dome,fieldturf,,,522.0,3.0,1.0,-0.048805,1.2821,0.6607,344.0,0.0,4.0,0.186005,7.2727,0.7576
2012,16,2012_16_OAK_CAR,CAR,OAK,17,6,outdoors,grass,53.0,3.0,271.0,1.0,2.0,-0.00404,3.3898,0.5806,,,,,,
2012,16,2012_16_NO_DAL,DAL,NO,31,34,closed,matrixturf,,,446.0,1.0,4.0,0.181357,7.1429,0.5778,562.0,0.0,4.0,0.167936,4.3956,0.6981
2012,16,2012_16_TEN_GB,GB,TEN,55,7,outdoors,grass,24.0,9.0,460.0,0.0,7.0,0.250653,9.2105,0.6829,180.0,2.0,1.0,-0.319031,1.6949,0.3514
2012,16,2012_16_MIN_HOU,HOU,MIN,6,23,closed,grass,,,187.0,2.0,0.0,-0.218692,0.0,0.4865,345.0,1.0,2.0,0.052311,2.7397,0.5161
2012,16,2012_16_NE_JAX,JAX,NE,16,23,outdoors,grass,58.0,0.0,436.0,3.0,1.0,-0.033943,1.3333,0.5577,349.0,2.0,2.0,0.050871,2.8169,0.5455
2012,16,2012_16_IND_KC,KC,IND,13,20,outdoors,grass,25.0,6.0,507.0,3.0,2.0,-0.05488,2.9851,0.4348,288.0,0.0,1.0,0.054981,1.5385,0.4359
2012,16,2012_16_BUF_MIA,MIA,BUF,24,10,outdoors,grass,73.0,8.0,301.0,0.0,3.0,0.0596,4.8387,0.4815,381.0,4.0,1.0,-0.086922,1.5385,0.5405
2012,16,2012_16_SD_NYJ,NYJ,SD,17,27,outdoors,fieldturf,39.0,13.0,225.0,2.0,3.0,-0.23283,5.0847,0.4167,,,,,,
2012,16,2012_16_WAS_PHI,PHI,WAS,20,27,outdoors,grass,40.0,11.0,411.0,2.0,2.0,-0.024766,2.6667,0.6038,313.0,1.0,3.0,0.138526,5.6604,0.64
2012,16,2012_16_CIN_PIT,PIT,CIN,10,13,outdoors,grass,35.0,10.0,280.0,3.0,2.0,-0.199267,3.1746,0.4375,267.0,3.0,0.0,-0.150227,0.0,0.5106
2012,16,2012_16_STL_TB,TB,STL,13,28,outdoors,grass,59.0,8.0,429.0,4.0,2.0,-0.169914,2.4691,0.5085,,,,,,
2012,16,2012_16_CLE_DEN,DEN,CLE,34,12,outdoors,grass,51.0,15.0,457.0,2.0,4.0,0.189711,5.3333,0.6977,233.0,0.0,1.0,-0.009522,1.6393,0.5
2012,16,2012_16_CHI_ARI,ARI,CHI,13,28,closed,grass,,,248.0,4.0,2.0,-0.31227,2.7778,0.5283,297.0,0.0,3.0,-0.148883,5.0,0.4444
2012,16,2012_16_NYG_BAL,BAL,NYG,33,14,outdoors,sportturf,51.0,7.0,533.0,0.0,3.0,0.219701,3.7037,0.6944,186.0,0.0,2.0,0.043636,4.4444,0.4516
2012,16,2012_16_SF_SEA,SEA,SF,42,13,outdoors,fieldturf,45.0,3.0,346.0,1.0,5.0,0.266338,8.0645,0.6522,313.0,2.0,2.0,-0.110068,3.5714,0.5135
2012,17,2012_17_TB_ATL,ATL,TB,17,22,dome,fieldturf,,,278.0,0.0,2.0,-0.148997,3.2258,0.6087,366.0,1.0,2.0,-0.023502,3.0303,0.5278
2012,17,2012_17_NYJ_BUF,BUF,NYJ,28,9,outdoors,a_turf,28.0,18.0,334.0,1.0,3.0,-0.006114,5.2632,0.4615,332.0,2.0,1.0,-0.200933,1.3889,0.4722
2012,17,2012_17_BAL_CIN,CIN,BAL,23,17,outdoors,fieldturf,26.0,8.0,189.0,0.0,1.0,-0.052988,2.0408,0.5357,352.0,1.0,3.0,-0.086202,3.6145,0.5135
2012,17,2012_17_CHI_DET,DET,CHI,24,26,dome,fieldturf,,,327.0,4.0,3.0,-0.143574,4.7619,0.5581,389.0,0.0,2.0,-0.048677,2.9412,0.5455
2012,17,2012_17_HOU_IND,IND,HOU,28,16,closed,fieldturf,,,265.0,0.0,4.0,0.139403,6.4516,0.4828,352.0,2.0,1.0,0.029416,1.6667,0.6
2012,17,2012_17_CAR_NO,NO,CAR,38,44,dome,sportturf,,,441.0,1.0,4.0,0.070246,6.3492,0.6444,530.0,1.0,6.0,0.187882,8.1081,0.4857
2012,17,2012_17_PHI_NYG,NYG,PHI,42,7,outdoors,fieldturf,32.0,13.0,397.0,0.0,6.0,0.37306,10.3448,0.6087,317.0,1.0,1.0,-0.091489,1.5385,0.5526
2012,17,2012_17_CLE_PIT,PIT,CLE,24,10,outdoors,grass,28.0,12.0,212.0,0.0,3.0,0.047505,5.6604,0.6,320.0,4.0,1.0,-0.124051,1.6129,0.6111
2012,17,2012_17_JAX_TEN,TEN,JAX,38,20,outdoors,grass,39.0,4.0,221.0,0.0,2.0,-0.204801,3.9216,0.5294,375.0,3.0,6.0,-0.336159,8.3333,0.5102
2012,17,2012_17_KC_DEN,DEN,KC,38,3,outdoors,grass,35.0,10.0,488.0,1.0,5.0,0.239852,6.5789,0.7576,119.0,0.0,0.0,-0.195812,0.0,0.35
2012,17,2012_17_GB_MIN,MIN,GB,37,34,dome,sportturf,,,444.0,0.0,4.0,0.190382,6.0606,0.5517,405.0,1.0,4.0,0.192912,6.5574,0.6222
2012,17,2012_17_MIA_NE,NE,MIA,28,0,outdoors,fieldturf,28.0,15.0,443.0,0.0,4.0,0.142764,5.3333,0.5946,256.0,2.0,0.0,-0.221757,0.0,0.4762
2012,17,2012_17_OAK_SD,SD,OAK,24,21,outdoors,grass,50.0,3.0,,,,,,,,,,,,
2012,17,2012_17_STL_SEA,SEA,STL,20,13,outdoors,fieldturf,41.0,1.0,362.0,0.0,2.0,0.116127,3.6364,0.6,,,,,,
2012,17,2012_17_ARI_SF,SF,ARI,27,13,outdoors,grass,50.0,5.0,407.0,0.0,3.0,0.081928,4.4776,0.5667,262.0,2.0,1.0,-0.0847,1.8868,0.5278
2012,17,2012_17_DAL_WAS,WAS,DAL,28,18,outdoors,grass,37.0,9.0,361.0,0.0,4.0,0.092888,6.5574,0.4737,298.0,3.0,2.0,-0.018163,3.2258,0.5
2012,18,2012_18_CIN_HOU,HOU,CIN,19,13,closed,grass,,,420.0,1.0,2.0,-0.045602,2.5974,0.7632,198.0,1.0,0.0,-0.137459,0.0,0.4375
2012,18,2012_18_MIN_GB,GB,MIN,24,10,outdoors,grass,29.0,9.0,326.0,1.0,3.0,0.102261,4.4776,0.6389,324.0,2.0,1.0,-0.053697,1.6129,0.3333
2012,18,2012_18_IND_BAL,BAL,IND,24,9,outdoors,sportturf,49.0,8.0,439.0,2.0,3.0,0.091562,5.3571,0.5,419.0,2.0,0.0,-0.068983,0.0,0.4912
2012,18,2012_18_SEA_WAS,WAS,SEA,14,24,outdoors,grass,52.0,3.0,203.0,2.0,2.0,-0.10486,3.7037,0.4194,382.0,1.0,2.0,0.067658,2.8986,0.4688
2012,19,2012_19_BAL_DEN,DEN,BAL,35,38,outdoors,grass,13.0,8.0,398.0,3.0,5.0,0.038126,5.7471,0.6087,479.0,1.0,5.0,0.085573,6.7568,0.5143
2012,19,2012_19_GB_SF,SF,GB,45,31,outdoors,grass,48.0,5.0,579.0,2.0,7.0,0.299436,9.3333,0.5312,352.0,1.0,3.0,0.234298,5.3571,0.65
2012,19,2012_19_SEA_ATL,ATL,SEA,30,28,dome,fieldturf,,,417.0,2.0,3.0,0.155892,4.918,0.6857,491.0,2.0,4.0,0.146922,6.0606,0.6316
2012,19,2012_19_HOU_NE,NE,HOU,41,28,outdoors,fieldturf,51.0,10.0,457.0,0.0,5.0,0.316724,7.6923,0.6098,427.0,1.0,3.0,0.149629,3.9474,0.6415
2012,20,2012_20_SF_ATL,ATL,SF,24,28,dome,fieldturf,,,477.0,2.0,3.0,0.0856,4.5455,0.6977,373.0,1.0,4.0,0.17157,7.8431,0.7273
2012,20,2012_20_BAL_NE,NE,BAL,13,28,outdoors,fieldturf,41.0,18.0,428.0,3.0,1.0,-0.049881,1.2195,0.537,356.0,0.0,4.0,0.153753,5.6338,0.5526
2012,21,2012_21_BAL_SF,SF,BAL,31,34,dome,astroturf,,,468.0,2.0,3.0,0.100553,4.918,0.5,367.0,1.0,4.0,0.124897,5.7143,0.6286
2013,1,2013_01_BAL_DEN,DEN,BAL,49,27,outdoors,grass,83.0,7.0,510.0,0.0,7.0,0.241514,10.2941,0.6,393.0,4.0,3.0,0.022738,3.4483,0.5152
2013,1,2013_01_NE_BUF,BUF,NE,21,23,outdoors,a_turf,65.0,11.0,286.0,2.0,2.0,-0.133728,3.2787,0.6667,431.0,3.0,3.0,-0.067039,3.3708,0.5273
2013,1,2013_01_SEA_CAR,CAR,SEA,7,12,outdoors,grass,87.0,7.0,253.0,1.0,1.0,-0.000587,2.0,0.6667,370.0,2.0,1.0,0.098942,1.6129,0.6944
2013,1,2013_01_CIN_CHI,CHI,CIN,24,21,outdoors,grass,73.0,11.0,323.0,1.0,3.0,0.054209,4.918,0.6364,340.0,3.0,3.0,0.049124,5.4545,0.7647
2013,1,2013_01_MIA_CLE,CLE,MIA,10,23,outdoors,grass,70.0,13.0,291.0,3.0,1.0,-0.13613,1.3889,0.4407,275.0,1.0,2.0,0.050726,3.0769,0.5714
2013,1,2013_01_MIN_DET,DET,MIN,34,24,dome,fieldturf,,,469.0,2.0,4.0,0.020137,5.1948,0.6512,330.0,4.0,3.0,-0.077162,5.6604,0.5806
2013,1,2013_01_OAK_IND,IND,OAK,21,17,closed,fieldturf,,,274.0,0.0,3.0,0.138521,5.6604,0.6667,,,,,,
2013,1,2013_01_KC_JAX,JAX,KC,2,28,outdoors,grass,85.0,10.0,178.0,2.0,1.0,-0.368612,1.4286,0.4043,292.0,0.0,3.0,-0.056324,4.8387,0.6
2013,1,2013_01_ATL_NO,NO,ATL,23,17,dome,sportturf,,,419.0,1.0,2.0,0.036363,3.0303,0.7027,367.0,2.0,2.0,-0.021306,3.6364,0.6098
2013,1,2013_01_TB_NYJ,NYJ,TB,18,17,outdoors,fieldturf,82.0,9.0,304.0,2.0,1.0,-0.055414,1.3699,0.5455,250.0,2.0,2.0,-0.045868,3.3898,0.4412
2013,1,2013_01_TEN_PIT,PIT,TEN,9,16,outdoors,grass,73.0,9.0,194.0,2.0,1.0,-0.180355,1.8868,0.5526,229.0,0.0,1.0,-0.018255,1.5873,0.5238
2013,1,2013_01_GB_SF,SF,GB,34,28,outdoors,grass,69.0,6.0,494.0,0.0,4.0,0.131787,5.3333,0.6585,385.0,2.0,4.0,0.100788,6.8966,0.5385
2013,1,2013_01_ARI_STL,STL,ARI,27,24,dome,astroplay,,,,,,,,,390.0,2.0,2.0,0.001567,2.8571,0.5909
2013,1,2013_01_NYG_DAL,DAL,NYG,36,31,closed,matrixturf,,,331.0,2.0,2.0,-0.042525,2.6667,0.6923,478.0,5.0,6.0,-0.107188,10.1695,0.6
2013,1,2013_01_PHI_WAS,WAS,PHI,27,33,outdoors,grass,80.0,9.0,382.0,3.0,3.0,-0.10331,4.2254,0.566,443.0,2.0,5.0,0.002187,6.4935,0.5357
2013,1,2013_01_HOU_SD,SD,HOU,28,31,outdoors,grass,70.0,10.0,,,,,,,449.0,1.0,3.0,0.100053,4.0,0.7234
2013,2,2013_02_NYJ_NE,NE,NYJ,13,10,outdoors,fieldturf,72.0,8.0,232.0,0.0,1.0,-0.226929,1.5625,0.475,318.0,4.0,1.0,-0.223995,1.4085,0.3846
2013,2,2013_02_STL_ATL,ATL,STL,31,24,dome,fieldturf,,,393.0,0.0,3.0,0.119395,4.918,0.7333,,,,,,
2013,2,2013_02_CLE_BAL,BAL,CLE,14,6,outdoors,sportturf,75.0,6.0,296.0,1.0,2.0,-0.089064,2.8169,0.6286,259.0,0.0,0.0,-0.179568,0.0,0.5238
2013,2,2013_02_CAR_BUF,BUF,CAR,24,23,outdoors,a_turf,65.0,10.0,438.0,2.0,2.0,0.062635,2.7027,0.6585,308.0,1.0,2.0,0.067764,2.6316,0.4773
2013,2,2013_02_MIN_CHI,CHI,MIN,31,30,outdoors,grass,60.0,6.0,411.0,4.0,4.0,0.028522,6.0606,0.6923,350.0,3.0,3.0,0.071924,4.6875,0.5161
2013,2,2013_02_WAS_GB,GB,WAS,38,20,outdoors,grass,56.0,4.0,580.0,1.0,5.0,0.233465,7.1429,0.7391,422.0,1.0,3.0,0.045718,5.0847,0.619
2013,2,2013_02_TEN_HOU,HOU,TEN,30,24,closed,grass,,,454.0,2.0,5.0,-0.058203,6.3291,0.52,248.0,0.0,2.0,-0.100557,2.9851,0.5
2013,2,2013_02_MIA_IND,IND,MIA,20,24,open,fieldturf,,,448.0,1.0,2.0,0.01384,2.7778,0.5435,398.0,1.0,3.0,0.085363,4.5455,0.5897
2013,2,2013_02_DAL_KC,KC,DAL,17,16,outdoors,grass,72.0,6.0,313.0,0.0,2.0,-0.029199,3.0769,0.525,318.0,2.0,1.0,-0.01031,1.6393,0.6667
2013,2,2013_02_SD_PHI,PHI,SD,30,33,outdoors,grass,71.0,6.0,503.0,0.0,3.0,0.264042,5.1724,0.5897,,,,,,
2013,2,2013_02_DET_ARI,ARI,DET,25,21,closed,grass,,,348.0,1.0,3.0,-0.047461,4.4776,0.5476,322.0,1.0,2.0,-0.100632,3.5088,0.6486
2013,2,2013_02_NO_TB,TB,NO,14,16,outdoors,grass,93.0,8.0,273.0,2.0,1.0,-0.154675,1.7857,0.3913,371.0,2.0,2.0,-0.079466,2.8571,0.52
2013,2,2013_02_DEN_NYG,NYG,DEN,23,41,outdoors,fieldturf,70.0,3.0,376.0,4.0,3.0,-0.069355,4.3478,0.56,414.0,1.0,4.0,0.159328,5.5556,0.6977
2013,2,2013_02_JAX_OAK,OAK,JAX,19,9,outdoors,grass,76.0,10.0,,,,,,,248.0,0.0,1.0,-0.100134,1.5873,0.5682
2013,2,2013_02_SF_SEA,SEA,SF,29,3,outdoors,fieldturf,64.0,6.0,290.0,1.0,3.0,-0.070916,4.2857,0.3478,207.0,5.0,0.0,-0.478891,0.0,0.4194
2013,2,2013_02_PIT_CIN,CIN,PIT,20,10,outdoors,fieldturf,62.0,5.0,407.0,0.0,2.0,0.035985,2.5316,0.5556,278.0,2.0,1.0,-0.075296,1.8182,0.5128
2013,3,2013_03_KC_PHI,PHI,KC,16,26,outdoors,grass,73.0,4.0,431.0,4.0,3.0,-0.185404,4.6875,0.3611,394.0,1.0,1.0,-0.008166,1.2821,0.55
2013,3,2013_03_HOU_BAL,BAL,HOU,30,9,outdoors,sportturf,73.0,9.0,236.0,0.0,1.0,0.060688,1.7544,0.6154,264.0,1.0,2.0,-0.184508,3.2787,0.6579
2013,3,2013_03_NYG_CAR,CAR,NYG,38,0,outdoors,grass,75.0,15.0,402.0,1.0,5.0,0.160365,6.7568,0.5357,150.0,4.0,0.0,-0.353478,0.0,0.4118
2013,3,2013_03_GB_CIN,CIN,GB,34,30,outdoors,fieldturf,63.0,13.0,297.0,4.0,5.0,-0.10754,8.9286,0.625,399.0,4.0,3.0,-0.089514,3.8961,0.5532
2013,3,2013_03_STL_DAL,DAL,STL,31,7,closed,matrixturf,,,396.0,0.0,4.0,0.140704,6.7797,0.68,,,,,,
2013,3,2013_03_CLE_MIN,MIN,CLE,27,31,dome,sportturf,,,329.0,4.0,3.0,-0.072072,3.7975,0.5208,409.0,3.0,4.0,-0.007363,5.3333,0.5345
2013,3,2013_03_TB_NE,NE,TB,23,3,outdoors,fieldturf,65.0,9.0,358.0,1.0,2.0,0.073101,2.7778,0.641,323.0,1.0,0.0,-0.16299,0.0,0.4318
2013,3,2013_03_ARI_NO,NO,ARI,31,7,dome,sportturf,,,423.0,1.0,4.0,0.104385,5.4054,0.58,247.0,2.0,1.0,-0.211433,1.8182,0.4615
2013,3,2013_03_SD_TEN,TEN,SD,20,17,outdoors,grass,72.0,7.0,452.0,0.0,2.0,0.082879,2.9412,0.5897,,,,,,
2013,3,2013_03_DET_WAS,WAS,DET,20,27,outdoors,grass,72.0,8.0,420.0,2.0,1.0,0.039659,1.3514,0.6154,441.0,1.0,4.0,0.156903,6.0606,0.5814
2013,3,2013_03_ATL_MIA,MIA,ATL,27,23,outdoors,grass,89.0,8.0,285.0,3.0,3.0,0.129207,5.4545,0.6,377.0,1.0,2.0,0.097007,2.9412,0.6053
2013,3,2013_03_BUF_NYJ,NYJ,BUF,27,20,outdoors,fieldturf,67.0,24.0,513.0,2.0,3.0,-0.001886,4.2857,0.5517,330.0,0.0,1.0,-0.043215,1.3158,0.3725
2013,3,2013_03_JAX_SEA,SEA,JAX,45,17,outdoors,fieldturf,61.0,17.0,479.0,2.0,6.0,0.148748,8.9552,0.6774,265.0,3.0,2.0,-0.160256,3.0303,0.439
2013,3,2013_03_IND_SF,SF,IND,7,27,outdoors,grass,66.0,5.0,254.0,2.0,1.0,-0.160977,1.8868,0.4333,336.0,0.0,3.0,0.155705,4.4776,0.6296
2013,3,2013_03_CHI_PIT,PIT,CHI,23,40,outdoors,grass,56.0,5.0,459.0,5.0,4.0,-0.189806,6.1538,0.5909,258.0,0.0,3.0,0.078633,5.0,0.625
2013,3,2013_03_OAK_DEN,DEN,OAK,37,21,outdoors,grass,64.0,16.0,536.0,2.0,4.0,0.239732,5.4795,0.8421,,,,,,
2013,4,2013_04_SF_STL,STL,SF,11,35,dome,astroplay,,,,,,,,,370.0,2.0,5.0,0.053873,7.6923,0.6
2013,4,2013_04_BAL_BUF,BUF,BAL,23,20,outdoors,a_turf,67.0,15.0,350.0,3.0,2.0,-0.151481,2.5316,0.4167,345.0,5.0,2.0,-0.208037,3.1746,0.463
2013,4,2013_04_CIN_CLE,CLE,CIN,17,6,outdoors,grass,68.0,9.0,336.0,0.0,2.0,-0.00432,2.8169,0.6098,266.0,2.0,0.0,-0.121189,0.0,0.5227
2013,4,2013_04_CHI_DET,DET,CHI,40,32,dome,fieldturf,,,387.0,3.0,3.0,-0.015374,4.5455,0.6389,421.0,4.0,4.0,-0.095647,5.8824,0.5192
2013,4,2013_04_SEA_HOU,HOU,SEA,20,23,closed,grass,,,476.0,3.0,3.0,-0.107262,3.4091,0.5849,270.0,2.0,1.0,-0.060119,1.7241,0.4286
2013,4,2013_04_IND_JAX,JAX,IND,3,37,outdoors,grass,80.0,12.0,205.0,3.0,1.0,-0.310535,1.8519,0.4722,437.0,1.0,3.0,0.180513,4.2857,0.575
2013,4,2013_04_NYG_KC,KC,NYG,31,7,outdoors,grass,66.0,0.0,390.0,3.0,3.0,0.01429,4.2857,0.5714,298.0,3.0,2.0,-0.280877,3.2787,0.45
2013,4,2013_04_PIT_MIN,MIN,PIT,34,27,outdoors,grass,54.0,11.0,393.0,0.0,4.0,0.33823,7.8431,0.6154,434.0,2.0,3.0,0.171464,3.8961,0.6429
2013,4,2013_04_ARI_TB,TB,ARI,10,13,outdoors,grass,84.0,5.0,253.0,3.0,1.0,-0.179924,1.3158,0.5333,296.0,3.0,1.0,-0.15074,1.6949,0.5385
2013,4,2013_04_NYJ_TEN,TEN,NYJ,38,13,outdoors,grass,74.0,4.0,322.0,0.0,4.0,0.086473,6.1538,0.6176,330.0,4.0,2.0,-0.190094,3.2258,0.5897
2013,4,2013_04_PHI_DEN,DEN,PHI,52,20,outdoors,grass,76.0,8.0,472.0,0.0,6.0,0.376469,8.4507,0.7895,450.0,0.0,3.0,0.0393,4.3478,0.5
2013,4,2013_04_WAS_OAK,OAK,WAS,14,24,outdoors,grass,77.0,13.0,,,,,,,339.0,1.0,3.0,-0.115683,4.6875,0.5625
2013,4,2013_04_DAL_SD,SD,DAL,30,21,outdoors,grass,80.0,7.0,,,,,,,319.0,1.0,2.0,0.0013,3.5714,0.675
2013,4,2013_04_NE_ATL,ATL,NE,23,30,dome,fieldturf,,,457.0,1.0,2.0,0.071229,2.8169,0.6071,448.0,0.0,3.0,0.210983,4.8387,0.6452
2013,4,2013_04_MIA_NO,NO,MIA,38,17,dome,sportturf,,,465.0,1.0,5.0,0.1393,7.6923,0.7317,331.0,4.0,2.0,-0.112281,3.4483,0.5641
2013,5,2013_05_BUF_CLE,CLE,BUF,37,24,outdoors,grass,75.0,6.0,290.0,0.0,2.0,-0.007705,3.0769,0.4545,343.0,1.0,5.0,-0.124974,6.6667,0.4318
2013,5,2013_05_NO_CHI,CHI,NO,18,26,outdoors,grass,60.0,10.0,436.0,1.0,2.0,0.056447,3.6364,0.6667,347.0,0.0,2.0,0.187359,3.0769,0.8056
2013,5,2013_05_NE_CIN,CIN,NE,13,6,outdoors,fieldturf,68.0,7.0,341.0,2.0,1.0,-0.018449,1.4286,0.6452,248.0,2.0,0.0,-0.106936,0.0,0.4286
2013,5,2013_05_DET_GB,GB,DET,22,9,outdoors,grass,59.0,10.0,449.0,0.0,1.0,0.186081,1.5625,0.6452,286.0,0.0,1.0,0.022651,1.5385,0.5435
2013,5,2013_05_SEA_IND,IND,SEA,34,28,closed,fieldturf,,,319.0,1.0,3.0,0.11684,4.8387,0.4848,423.0,2.0,3.0,0.068528,4.4776,0.4545
2013,5,2013_05_BAL_MIA,MIA,BAL,23,26,outdoors,grass,87.0,5.0,294.0,0.0,1.0,-0.026498,1.7544,0.4565,384.0,2.0,3.0,0.047491,4.0541,0.5588
2013,5,2013_05_PHI_NYG,NYG,PHI,21,36,outdoors,fieldturf,66.0,6.0,383.0,4.0,3.0,-0.07243,4.2857,0.4528,439.0,0.0,3.0,0.118275,3.8961,0.55
2013,5,2013_05_JAX_STL,STL,JAX,34,20,dome,astroplay,,,,,,,,,363.0,3.0,3.0,-0.158983,5.0847,0.4706
2013,5,2013_05_KC_TEN,TEN,KC,17,26,outdoors,grass,74.0,10.0,339.0,2.0,2.0,-0.120688,3.0303,0.4773,353.0,3.0,2.0,0.028759,2.9851,0.4878
2013,5,2013_05_CAR_ARI,ARI,CAR,22,6,closed,grass,,,250.0,3.0,2.0,-0.076023,3.4483,0.6333,353.0,4.0,0.0,-0.261456,0.0,0.4565
2013,5,2013_05_DEN_DAL,DAL,DEN,48,51,closed,matrixturf,,,524.0,2.0,6.0,0.345033,10.7143,0.6098,517.0,2.0,6.0,0.339413,8.2192,0.7857
2013,5,2013_05_HOU_SF,SF,HOU,34,3,outdoors,grass,76.0,9.0,284.0,0.0,3.0,0.096872,5.7692,0.375,313.0,4.0,1.0,-0.267005,1.4085,0.5366
2013,5,2013_05_SD_OAK,OAK,SD,27,17,outdoors,grass,70.0,2.0,,,,,,,,,,,,
2013,5,2013_05_NYJ_ATL,ATL,NYJ,28,30,dome,fieldturf,,,363.0,1.0,4.0,0.038294,5.7143,0.7708,288.0,0.0,3.0,0.152521,6.5217,0.6667
2013,6,2013_06_NYG_CHI,CHI,NYG,27,21,outdoors,grass,63.0,10.0,372.0,0.0,2.0,0.127504,3.0769,0.6667,355.0,3.0,4.0,0.088392,7.5472,0.5185
2013,6,2013_06_GB_BAL,BAL,GB,17,19,outdoors,sportturf,61.0,10.0,360.0,2.0,2.0,-0.064126,3.2787,0.5128,438.0,1.0,1.0,-0.005497,1.5385,0.4857
2013,6,2013_06_CIN_BUF,BUF,CIN,24,27,outdoors,a_turf,65.0,11.0,322.0,1.0,3.0,0.06857,4.3478,0.5135,483.0,1.0,3.0,0.105825,3.5714,0.6047
2013,6,2013_06_DET_CLE,CLE,DET,17,31,outdoors,grass,66.0,8.0,395.0,2.0,2.0,0.011471,3.0303,0.5778,366.0,1.0,4.0,0.2113,5.5556,0.5682
2013,6,2013_06_STL_HOU,HOU,STL,13,38,closed,grass,,,420.0,4.0,3.0,-0.177336,4.1096,0.6279,,,,,,
2013,6,2013_06_OAK_KC,KC,OAK,24,7,outdoors,grass,63.0,7.0,216.0,1.0,2.0,-0.082702,3.2787,0.4118,,,,,,
2013,6,2013_06_CAR_MIN,MIN,CAR,10,35,dome,sportturf,,,290.0,2.0,1.0,-0.145254,1.6667,0.6809,367.0,0.0,5.0,0.233451,7.5758,0.7407
2013,6,2013_06_PIT_NYJ,NYJ,PIT,6,19,outdoors,fieldturf,62.0,10.0,267.0,2.0,0.0,-0.153716,0.0,0.5135,328.0,0.0,1.0,0.058616,1.6393,0.6857
2013,6,2013_06_PHI_TB,TB,PHI,20,31,outdoors,grass,82.0,3.0,351.0,1.0,2.0,-0.010898,3.0303,0.5778,425.0,1.0,4.0,0.166389,6.1538,0.6875
2013,6,2013_06_JAX_DEN,DEN,JAX,35,19,outdoors,grass,59.0,7.0,407.0,3.0,6.0,0.099385,8.4507,0.6667,362.0,2.0,1.0,-0.058753,1.3889,0.6
2013,6,2013_06_TEN_SEA,SEA,TEN,20,13,outdoors,fieldturf,51.0,4.0,404.0,2.0,3.0,-0.045643,4.5455,0.697,223.0,2.0,0.0,-0.147186,0.0,0.5312
2013,6,2013_06_NO_NE,NE,NO,30,27,outdoors,fieldturf,59.0,7.0,376.0,1.0,3.0,0.082532,3.6145,0.5208,361.0,2.0,3.0,0.102525,4.7619,0.4595
2013,6,2013_06_ARI_SF,SF,ARI,32,20,outdoors,grass,65.0,5.0,387.0,2.0,3.0,0.027762,4.3478,0.5161,403.0,4.0,3.0,-0.102469,4.6875,0.5814
2013,6,2013_06_WAS_DAL,DAL,WAS,31,16,closed,matrixturf,,,213.0,1.0,3.0,0.044473,6.0,0.5806,433.0,2.0,2.0,-0.114238,2.6667,0.4524
2013,6,2013_06_IND_SD,SD,IND,19,9,outdoors,grass,69.0,13.0,,,,,,,267.0,1.0,0.0,0.032856,0.0,0.5806
2013,7,2013_07_SEA_ARI,ARI,SEA,22,34,closed,grass,,,234.0,2.0,2.0,-0.151445,2.8169,0.566,344.0,2.0,4.0,0.015373,6.25,0.5625
2013,7,2013_07_TB_ATL,ATL,TB,31,23,dome,fieldturf,,,291.0,0.0,3.0,0.133627,6.8182,0.7692,337.0,2.0,3.0,0.021175,4.0,0.5532
2013,7,2013_07_STL_CAR,CAR,STL,30,15,outdoors,grass,68.0,4.0,282.0,0.0,2.0,0.080352,3.5088,0.7895,,,,,,
2013,7,2013_07_CIN_DET,DET,CIN,24,27,dome,fieldturf,,,434.0,0.0,3.0,0.097392,3.9474,0.549,421.0,0.0,3.0,0.190706,5.6604,0.6857
2013,7,2013_07_SD_JAX,JAX,SD,6,24,outdoors,grass,73.0,12.0,353.0,1.0,0.0,-0.067028,0.0,0.5476,,,,,,
2013,7,2013_07_BUF_MIA,MIA,BUF,21,23,outdoors,grass,87.0,5.0,293.0,3.0,4.0,-0.113934,6.25,0.4872,268.0,1.0,1.0,-0.048821,1.5152,0.5833
2013,7,2013_07_NE_NYJ,NYJ,NE,30,27,outdoors,fieldturf,63.0,11.0,383.0,1.0,3.0,-0.044564,3.3708,0.4595,295.0,1.0,3.0,-0.055587,4.2857,0.44
2013,7,2013_07_DAL_PHI,PHI,DAL,3,17,outdoors,grass,60.0,13.0,278.0,3.0,0.0,-0.202697,0.0,0.4231,368.0,2.0,2.0,-0.030557,2.6667,0.5714
2013,7,2013_07_CHI_WAS,WAS,CHI,45,41,outdoors,grass,61.0,13.0,499.0,1.0,6.0,0.135075,8.2192,0.6,359.0,1.0,5.0,0.177956,9.6154,0.5667
2013,7,2013_07_SF_TEN,TEN,SF,17,31,outdoors,grass,68.0,3.0,368.0,1.0,2.0,0.050604,3.5088,0.5682,349.0,1.0,4.0,0.258085,6.25,0.5652
2013,7,2013_07_CLE_GB,GB,CLE,31,13,outdoors,grass,46.0,8.0,357.0,0.0,4.0,0.175939,6.0606,0.6757,216.0,1.0,1.0,-0.009294,1.4706,0.3778
2013,7,2013_07_HOU_KC,KC,HOU,17,16,outdoors,grass,70.0,15.0,357.0,2.0,2.0,-0.035654,2.9412,0.6389,294.0,1.0,1.0,-0.006195,1.8519,0.5
2013,7,2013_07_BAL_PIT,PIT,BAL,19,16,outdoors,grass,57.0,14.0,286.0,1.0,1.0,0.133866,1.8182,0.6538,287.0,0.0,1.0,0.101057,1.6393,0.6857
2013,7,2013_07_DEN_IND,IND,DEN,39,33,open,fieldturf,,,334.0,2.0,4.0,0.047518,5.6338,0.525,429.0,2.0,4.0,0.026648,5.4054,0.537
2013,7,2013_07_MIN_NYG,NYG,MIN,23,7,outdoors,fieldturf,57.0,4.0,257.0,1.0,3.0,-0.064498,4.1096,0.561,206.0,3.0,0.0,-0.24961,0.0,0.3704
2013,8,2013_08_CAR_TB,TB,CAR,13,31,outdoors,grass,70.0,5.0,297.0,0.0,1.0,-0.052823,1.4706,0.5556,324.0,1.0,4.0,0.208114,6.4516,0.6571
2013,8,2013_08_DAL_DET,DET,DAL,31,30,dome,fieldturf,,,623.0,4.0,4.0,-0.005775,5.1282,0.6735,268.0,0.0,3.0,0.023187,5.3571,0.4667
2013,8,2013_08_SF_JAX,JAX,SF,10,42,outdoors,grass,60.0,13.0,318.0,1.0,2.0,-0.06981,2.8571,0.6444,398.0,1.0,5.0,0.409301,9.0909,0.6471
2013,8,2013_08_CLE_KC,KC,CLE,23,17,outdoors,grass,52.0,4.0,331.0,1.0,2.0,0.121879,2.8169,0.5714,340.0,0.0,2.0,0.084236,3.8462,0.5946
2013,8,2013_08_MIA_NE,NE,MIA,27,17,outdoors,fieldturf,53.0,13.0,252.0,1.0,3.0,0.031861,4.8387,0.52,301.0,3.0,2.0,-0.067214,2.5316,0.4583
2013,8,2013_08_BUF_NO,NO,BUF,35,17,dome,sportturf,,,386.0,0.0,5.0,0.05572,7.8125,0.6842,299.0,3.0,2.0,-0.136932,2.9412,0.5116
2013,8,2013_08_NYG_PHI,PHI,NYG,7,15,outdoors,grass,56.0,13.0,200.0,3.0,0.0,-0.234601,0.0,0.5897,325.0,1.0,1.0,-0.060418,1.4085,0.625
2013,8,2013_08_NYJ_CIN,CIN,NYJ,49,9,outdoors,fieldturf,57.0,3.0,402.0,1.0,5.0,0.289736,8.9286,0.6129,240.0,2.0,2.0,-0.206941,3.0769,0.561
2013,8,2013_08_PIT_OAK,OAK,PIT,21,18,outdoors,grass,56.0,17.0,,,,,,,278.0,2.0,2.0,-0.141961,2.8571,0.58
2013,8,2013_08_ATL_ARI,ARI,ATL,27,13,closed,grass,,,348.0,1.0,3.0,0.03802,5.8824,0.619,292.0,4.0,1.0,-0.103493,1.2658,0.5231
2013,8,2013_08_WAS_DEN,DEN,WAS,45,21,outdoors,grass,69.0,8.0,446.0,4.0,6.0,0.006372,7.5,0.6522,266.0,5.0,3.0,-0.249873,4.2857,0.4762
2013,8,2013_08_GB_MIN,MIN,GB,31,44,dome,sportturf,,,243.0,0.0,5.0,0.178676,11.6279,0.5833,464.0,0.0,4.0,0.343358,5.4795,0.7742
2013,8,2013_08_SEA_STL,STL,SEA,9,14,dome,astroplay,,,,,,,,,135.0,0.0,2.0,-0.150731,5.0,0.4
2013,9,2013_09_CIN_MIA,MIA,CIN,22,20,outdoors,grass,79.0,8.0,345.0,1.0,1.0,-0.040998,1.6393,0.6452,465.0,4.0,3.0,-0.0119,3.2258,0.5517
2013,9,2013_09_KC_BUF,BUF,KC,13,23,outdoors,a_turf,36.0,7.0,470.0,3.0,3.0,-0.139371,3.8961,0.4615,210.0,0.0,0.0,0.001112,0.0,0.6129
2013,9,2013_09_ATL_CAR,CAR,ATL,34,10,outdoors,grass,62.0,12.0,373.0,2.0,3.0,0.135011,4.2254,0.6053,289.0,4.0,2.0,-0.182374,4.1667,0.7143
2013,9,2013_09_MIN_DAL,DAL,MIN,27,23,closed,matrixturf,,,350.0,1.0,2.0,0.03297,3.1746,0.6296,393.0,2.0,4.0,0.009079,5.8824,0.641
2013,9,2013_09_NO_NYJ,NYJ,NO,26,20,outdoors,fieldturf,48.0,14.0,338.0,0.0,2.0,0.064054,3.4483,0.4091,407.0,2.0,2.0,0.021946,3.0303,0.566
2013,9,2013_09_TEN_STL,STL,TEN,21,28,dome,astroplay,,,,,,,,,363.0,2.0,4.0,0.110295,6.5574,0.5
2013,9,2013_09_SD_WAS,WAS,SD,30,24,outdoors,grass,57.0,20.0,500.0,1.0,5.0,0.151195,6.9444,0.7188,,,,,,
2013,9,2013_09_PHI_OAK,OAK,PHI,20,49,outdoors,grass,62.0,6.0,,,,,,,542.0,0.0,7.0,0.432376,12.2807,0.75
2013,9,2013_09_TB_SEA,SEA,TB,27,24,outdoors,fieldturf,48.0,4.0,415.0,3.0,3.0,0.128388,4.918,0.7308,350.0,0.0,3.0,0.107477,4.6154,0.6667
2013,9,2013_09_BAL_CLE,CLE,BAL,24,18,outdoors,grass,46.0,9.0,315.0,2.0,3.0,0.039075,4.4118,0.6154,280.0,1.0,2.0,-0.014101,2.9412,0.5106
2013,9,2013_09_PIT_NE,NE,PIT,55,31,outdoors,fieldturf,44.0,6.0,610.0,1.0,7.0,0.298421,9.8592,0.6389,479.0,3.0,4.0,0.062353,5.4795,0.5283
2013,9,2013_09_IND_HOU,HOU,IND,24,27,closed,grass,,,483.0,0.0,3.0,0.014493,4.4118,0.5714,316.0,0.0,3.0,0.099202,5.0,0.3913
2013,9,2013_09_CHI_GB,GB,CHI,20,27,outdoors,grass,49.0,14.0,312.0,1.0,2.0,-0.029751,3.6364,0.4615,442.0,0.0,3.0,0.085111,4.0,0.5238
2013,10,2013_10_WAS_MIN,MIN,WAS,34,27,dome,sportturf,,,307.0,1.0,4.0,0.260442,7.6923,0.75,433.0,0.0,3.0,0.127134,3.8961,0.5854
2013,10,2013_10_SEA_ATL,ATL,SEA,10,33,dome,fieldturf,,,226.0,1.0,1.0,-0.037779,1.8519,0.6053,490.0,0.0,3.0,0.310071,4.3478,0.7037
2013,10,2013_10_CIN_BAL,BAL,CIN,20,17,outdoors,sportturf,60.0,17.0,189.0,3.0,2.0,-0.172559,2.8169,0.4878,364.0,3.0,2.0,-0.162761,2.2989,0.4286
2013,10,2013_10_DET_CHI,CHI,DET,19,21,outdoors,grass,47.0,6.0,338.0,1.0,2.0,-0.003601,2.7778,0.5294,364.0,1.0,3.0,0.05434,4.918,0.5143
2013,10,2013_10_PHI_GB,GB,PHI,13,27,outdoors,grass,45.0,12.0,396.0,2.0,1.0,-0.085804,1.3333,0.6444,415.0,1.0,3.0,0.132616,5.1724,0.5714
2013,10,2013_10_STL_IND,IND,STL,8,38,closed,fieldturf,,,408.0,5.0,3.0,-0.351967,4.2857,0.5536,,,,,,
2013,10,2013_10_OAK_NYG,NYG,OAK,24,20,outdoors,fieldturf,49.0,14.0,251.0,3.0,3.0,-0.269632,4.7619,0.48,,,,,,
2013,10,2013_10_BUF_PIT,PIT,BUF,23,10,outdoors,grass,46.0,21.0,300.0,1.0,2.0,-0.055724,2.9851,0.5294,227.0,1.0,1.0,-0.210389,1.5625,0.5238
2013,10,2013_10_JAX_TEN,TEN,JAX,27,29,outdoors,grass,62.0,6.0,362.0,4.0,4.0,-0.118763,5.7143,0.6047,214.0,2.0,2.0,-0.071136,3.5714,0.5385
2013,10,2013_10_CAR_SF,SF,CAR,9,10,outdoors,grass,62.0,6.0,151.0,3.0,0.0,-0.204816,0.0,0.3929,250.0,1.0,1.0,-0.162477,1.5152,0.4571
2013,10,2013_10_HOU_ARI,ARI,HOU,27,24,closed,grass,,,332.0,3.0,2.0,-0.102415,3.2258,0.6061,235.0,1.0,4.0,-0.11224,5.9701,0.4783
2013,10,2013_10_DEN_SD,SD,DEN,20,28,outdoors,grass,78.0,6.0,,,,,,,397.0,1.0,4.0,0.187206,6.6667,0.6579
2013,10,2013_10_DAL_NO,NO,DAL,49,17,dome,sportturf,,,625.0,0.0,7.0,0.332689,8.75,0.8095,193.0,1.0,2.0,0.023523,4.6512,0.3704
2013,10,2013_10_MIA_TB,TB,MIA,22,19,outdoors,grass,73.0,5.0,264.0,1.0,2.0,-0.023374,3.3333,0.4783,213.0,1.0,2.0,-0.042065,3.3898,0.6
2013,11,2013_11_IND_TEN,TEN,IND,27,30,outdoors,grass,44.0,3.0,340.0,1.0,3.0,0.153108,5.5556,0.7333,366.0,0.0,3.0,0.195374,4.3478,0.6216
2013,11,2013_11_NYJ_BUF,BUF,NYJ,37,14,outdoors,a_turf,62.0,14.0,313.0,0.0,3.0,0.027563,4.4776,0.6897,267.0,4.0,3.0,-0.267452,5.3571,0.3636
2013,11,2013_11_BAL_CHI,CHI,BAL,23,20,outdoors,grass,68.0,17.0,319.0,0.0,1.0,0.049499,1.6949,0.5758,317.0,2.0,3.0,0.0279,4.0,0.5
2013,11,2013_11_CLE_CIN,CIN,CLE,41,20,outdoors,fieldturf,62.0,7.0,224.0,2.0,4.0,-0.211427,6.7797,0.5,330.0,4.0,3.0,-0.374524,3.7975,0.45
2013,11,2013_11_OAK_HOU,HOU,OAK,23,28,closed,grass,,,394.0,2.0,1.0,-0.187001,1.3889,0.4902,,,,,,
2013,11,2013_11_ARI_JAX,JAX,ARI,14,27,outdoors,grass,76.0,8.0,274.0,2.0,2.0,-0.104436,3.3333,0.6136,416.0,0.0,3.0,0.078602,4.3478,0.6667
2013,11,2013_11_WAS_PHI,PHI,WAS,24,16,outdoors,grass,64.0,7.0,402.0,0.0,3.0,0.150764,4.8387,0.5862,431.0,2.0,2.0,0.056633,2.5316,0.425
2013,11,2013_11_DET_PIT,PIT,DET,37,27,outdoors,grass,60.0,12.0,398.0,0.0,4.0,0.099029,5.4795,0.6304,451.0,3.0,3.0,0.001525,4.1096,0.3958
2013,11,2013_11_ATL_TB,TB,ATL,41,28,outdoors,grass,79.0,6.0,410.0,0.0,4.0,0.153791,6.1538,0.7407,422.0,3.0,4.0,0.006526,5.9701,0.5106
2013,11,2013_11_SD_MIA,MIA,SD,20,16,outdoors,grass,81.0,12.0,343.0,1.0,2.0,0.10087,3.4483,0.5641,,,,,,
2013,11,2013_11_SF_NO,NO,SF,23,20,dome,sportturf,,,387.0,1.0,2.0,0.034931,2.9851,0.6818,196.0,3.0,2.0,0.026628,3.5714,0.5
2013,11,2013_11_GB_NYG,NYG,GB,27,13,outdoors,fieldturf,59.0,2.0,334.0,1.0,2.0,0.051186,3.1746,0.641,394.0,3.0,2.0,-0.119915,3.7037,0.7059
2013,11,2013_11_MIN_SEA,SEA,MIN,41,20,outdoors,fieldturf,50.0,14.0,323.0,0.0,4.0,0.157621,8.0,0.6364,336.0,4.0,3.0,-0.089706,4.2857,0.4865
2013,11,2013_11_KC_DEN,DEN,KC,27,17,outdoors,grass,43.0,6.0,427.0,1.0,3.0,0.050761,3.9474,0.6,344.0,1.0,2.0,-0.043057,2.7397,0.4375
2013,11,2013_11_NE_CAR,CAR,NE,24,20,outdoors,grass,59.0,8.0,300.0,0.0,3.0,0.236607,5.5556,0.6129,390.0,2.0,2.0,0.173575,2.9851,0.6905
2013,12,2013_12_NO_ATL,ATL,NO,13,17,dome,fieldturf,,,355.0,1.0,1.0,0.024823,1.5152,0.6818,374.0,0.0,2.0,0.116731,3.3898,0.6765
2013,12,2013_12_NYJ_BAL,BAL,NYJ,19,3,outdoors,sportturf,33.0,26.0,312.0,1.0,1.0,-0.062496,1.6129,0.5484,220.0,3.0,0.0,-0.279542,0.0,0.3704
2013,12,2013_12_PIT_CLE,CLE,PIT,11,27,outdoors,grass,20.0,31.0,369.0,4.0,2.0,-0.247998,2.7027,0.4655,302.0,0.0,2.0,-0.039009,2.9412,0.6471
2013,12,2013_12_TB_DET,DET,TB,21,24,dome,fieldturf,,,390.0,5.0,4.0,-0.147924,5.5556,0.5417,229.0,0.0,2.0,-0.107126,4.0816,0.56
2013,12,2013_12_MIN_GB,GB,MIN,26,26,outdoors,grass,19.0,10.0,494.0,0.0,3.0,0.091375,3.3333,0.5,447.0,1.0,2.0,0.147218,2.5316,0.5833
2013,12,2013_12_JAX_HOU,HOU,JAX,6,13,closed,grass,,,218.0,1.0,0.0,-0.224518,0.0,0.5,333.0,0.0,1.0,-0.070483,1.5385,0.6216
2013,12,2013_12_SD_KC,KC,SD,38,41,outdoors,grass,24.0,3.0,395.0,2.0,5.0,0.244614,8.4746,0.6341,,,,,,
2013,12,2013_12_CAR_MIA,MIA,CAR,16,20,outdoors,grass,82.0,13.0,332.0,1.0,1.0,-0.106494,1.6129,0.6222,295.0,1.0,2.0,-0.033416,2.8986,0.4634
2013,12,2013_12_CHI_STL,STL,CHI,42,21,dome,astroplay,,,,,,,,,424.0,3.0,4.0,-0.030619,5.4054,0.75
2013,12,2013_12_IND_ARI,ARI,IND,40,11,closed,grass,,,410.0,0.0,3.0,0.169692,4.2254,0.6341,241.0,1.0,2.0,-0.197342,3.5714,0.4878
2013,12,2013_12_TEN_OAK,OAK,TEN,19,23,outdoors,grass,58.0,5.0,,,,,,,426.0,0.0,2.0,0.088014,2.7397,0.6818
2013,12,2013_12_DAL_NYG,NYG,DAL,21,24,outdoors,fieldturf,25.0,6.0,358.0,1.0,3.0,0.005882,4.7619,0.5,311.0,1.0,2.0,0.062562,3.2258,0.5476
2013,12,2013_12_DEN_NE,NE,DEN,34,31,outdoors,fieldturf,22.0,22.0,440.0,5.0,5.0,-0.033502,5.9524,0.6415,412.0,2.0,3.0,-0.032619,3.4884,0.5
2013,12,2013_12_SF_WAS,WAS,SF,6,27,outdoors,grass,35.0,12.0,190.0,1.0,0.0,-0.315187,0.0,0.5,304.0,1.0,3.0,0.010857,5.0847,0.5769
2013,13,2013_13_GB_DET,DET,GB,40,10,dome,fieldturf,,,561.0,4.0,6.0,0.09992,7.5949,0.6111,126.0,3.0,0.0,-0.332009,0.0,0.3704
2013,13,2013_13_OAK_DAL,DAL,OAK,31,24,closed,matrixturf,,,352.0,1.0,5.0,0.043142,7.8125,0.6765,,,,,,
2013,13,2013_13_PIT_BAL,BAL,PIT,22,20,outdoors,sportturf,37.0,2.0,311.0,0.0,1.0,0.162314,1.6129,0.6486,329.0,0.0,3.0,0.150929,4.7619,0.6222
2013,13,2013_13_TB_CAR,CAR,TB,27,6,outdoors,grass,56.0,2.0,426.0,2.0,3.0,0.062977,4.7619,0.6207,206.0,2.0,0.0,-0.234573,0.0,0.5385
2013,13,2013_13_JAX_CLE,CLE,JAX,28,32,outdoors,grass,40.0,7.0,439.0,3.0,4.0,-0.005777,5.4795,0.5581,314.0,1.0,3.0,0.051207,4.1667,0.5349
2013,13,2013_13_NE_HOU,HOU,NE,31,34,closed,grass,,,385.0,1.0,4.0,0.146106,6.7797,0.4839,453.0,1.0,4.0,0.209723,5.7971,0.6905
2013,13,2013_13_TEN_IND,IND,TEN,22,14,closed,fieldturf,,,264.0,1.0,1.0,-0.043455,1.6129,0.4595,347.0,4.0,2.0,-0.120044,2.7027,0.5526
2013,13,2013_13_CHI_MIN,MIN,CHI,23,20,dome,sportturf,,,496.0,1.0,2.0,-0.01279,2.3256,0.5,480.0,1.0,2.0,-0.02392,3.0769,0.575
2013,13,2013_13_MIA_NYJ,NYJ,MIA,3,23,outdoors,fieldturf,48.0,4.0,177.0,3.0,0.0,-0.30479,0.0,0.4062,453.0,1.0,2.0,0.014936,2.5,0.6364
2013,13,2013_13_ARI_PHI,PHI,ARI,24,21,outdoors,grass,46.0,4.0,307.0,0.0,3.0,0.019389,4.1096,0.5385,350.0,3.0,3.0,0.009647,4.4118,0.5217
2013,13,2013_13_ATL_BUF,BUF,ATL,31,34,dome,a_turf,,,405.0,2.0,4.0,0.101972,6.3492,0.5625,423.0,1.0,4.0,0.096934,4.8193,0.5283
2013,13,2013_13_STL_SF,SF,STL,23,13,outdoors,grass,59.0,6.0,338.0,1.0,2.0,0.057344,3.2258,0.5938,,,,,,
2013,13,2013_13_DEN_KC,KC,DEN,28,35,outdoors,grass,55.0,4.0,452.0,1.0,4.0,0.187967,5.9701,0.619,535.0,2.0,5.0,0.317822,7.5758,0.6286
2013,13,2013_13_CIN_SD,SD,CIN,10,17,outdoors,grass,77.0,5.0,,,,,,,354.0,2.0,2.0,0.09942,3.2787,0.6087
2013,13,2013_13_NYG_WAS,WAS,NYG,17,24,outdoors,grass,43.0,0.0,323.0,1.0,2.0,-0.074537,2.9412,0.6486,286.0,1.0,3.0,0.045528,5.5556,0.7097
2013,13,2013_13_NO_SEA,SEA,NO,34,7,outdoors,fieldturf,41.0,6.0,429.0,0.0,3.0,0.163081,4.3478,0.7097,188.0,1.0,2.0,-0.164848,3.5714,0.5897
2013,14,2013_14_HOU_JAX,JAX,HOU,27,20,outdoors,grass,72.0,7.0,281.0,0.0,3.0,0.071479,5.2632,0.4483,406.0,2.0,2.0,0.007859,2.5,0.541
2013,14,2013_14_MIN_BAL,BAL,MIN,29,26,outdoors,sportturf,33.0,7.0,327.0,3.0,4.0,0.023358,5.0,0.5283,379.0,1.0,3.0,0.025493,4.6875,0.4359
2013,14,2013_14_IND_CIN,CIN,IND,42,28,outdoors,fieldturf,25.0,7.0,430.0,0.0,6.0,0.26947,8.5714,0.6857,389.0,0.0,4.0,0.172521,6.8966,0.6304
2013,14,2013_14_ATL_GB,GB,ATL,22,21,outdoors,grass,9.0,6.0,334.0,2.0,3.0,-0.041557,4.2254,0.6316,285.0,2.0,2.0,-0.042084,3.3898,0.5556
2013,14,2013_14_CLE_NE,NE,CLE,27,26,outdoors,fieldturf,30.0,5.0,486.0,2.0,3.0,0.130202,3.7975,0.5614,494.0,0.0,3.0,0.168104,4.2254,0.6444
2013,14,2013_14_OAK_NYJ,NYJ,OAK,37,27,outdoors,fieldturf,33.0,6.0,352.0,1.0,3.0,0.186432,5.1724,0.6154,,,,,,
2013,14,2013_14_DET_PHI,PHI,DET,34,20,outdoors,grass,27.0,6.0,482.0,1.0,6.0,0.021001,8.2192,0.44,233.0,3.0,2.0,-0.132929,3.3333,0.3704
2013,14,2013_14_MIA_PIT,PIT,MIA,28,34,outdoors,grass,25.0,9.0,412.0,1.0,3.0,-0.041267,4.7619,0.5476,367.0,1.0,5.0,0.08439,8.3333,0.5714
2013,14,2013_14_BUF_TB,TB,BUF,27,6,outdoors,grass,82.0,13.0,246.0,3.0,3.0,-0.063637,4.8387,0.3462,214.0,4.0,0.0,-0.279811,0.0,0.45
2013,14,2013_14_KC_WAS,WAS,KC,10,45,outdoors,grass,30.0,10.0,257.0,2.0,2.0,-0.379683,3.0769,0.3958,346.0,1.0,5.0,0.100852,8.1967,0.6522
2013,14,2013_14_TEN_DEN,DEN,TEN,51,28,outdoors,grass,18.0,5.0,551.0,0.0,6.0,0.260302,6.5934,0.661,254.0,2.0,4.0,0.125894,8.3333,0.5
2013,14,2013_14_STL_ARI,ARI,STL,30,10,closed,grass,,,369.0,1.0,3.0,0.048651,4.6154,0.8182,,,,,,
2013,14,2013_14_NYG_SD,SD,NYG,37,14,outdoors,grass,53.0,8.0,,,,,,,333.0,3.0,2.0,-0.090905,3.7037,0.5882
2013,14,2013_14_SEA_SF,SF,SEA,19,17,outdoors,grass,43.0,5.0,318.0,1.0,1.0,-0.002633,1.5625,0.4839,264.0,1.0,2.0,-0.010279,4.0,0.5556
2013,14,2013_14_CAR_NO,NO,CAR,31,13,dome,sportturf,,,373.0,0.0,4.0,0.157866,6.5574,0.6818,239.0,0.0,1.0,-0.046741,1.6129,0.5641
2013,14,2013_14_DAL_CHI,CHI,DAL,45,28,outdoors,grass,8.0,14.0,492.0,0.0,5.0,0.431442,7.1429,0.7105,328.0,0.0,4.0,0.293713,7.2727,0.5185
2013,15,2013_15_SD_DEN,DEN,SD,20,27,outdoors,grass,37.0,2.0,295.0,1.0,2.0,0.144634,3.7736,0.6429,,,,,,
2013,15,2013_15_WAS_ATL,ATL,WAS,27,26,dome,fieldturf,,,243.0,3.0,3.0,-0.087436,4.8387,0.7073,476.0,6.0,3.0,-0.090487,4.4118,0.617
2013,15,2013_15_CHI_CLE,CLE,CHI,31,38,outdoors,grass,25.0,12.0,366.0,2.0,3.0,-0.064117,5.3571,0.5897,440.0,3.0,6.0,0.059817,9.375,0.6667
2013,15,2013_15_HOU_IND,IND,HOU,25,3,closed,fieldturf,,,331.0,1.0,2.0,-0.053067,2.8986,0.5758,239.0,2.0,0.0,-0.324674,0.0,0.4737
2013,15,2013_15_BUF_JAX,JAX,BUF,20,27,outdoors,grass,60.0,20.0,354.0,4.0,2.0,-0.106588,2.7778,0.5122,366.0,2.0,3.0,-0.019822,4.1667,0.6071
2013,15,2013_15_NE_MIA,MIA,NE,24,20,outdoors,grass,84.0,14.0,378.0,1.0,3.0,0.164269,4.6875,0.6098,453.0,1.0,2.0,0.127832,2.5641,0.6071
2013,15,2013_15_PHI_MIN,MIN,PHI,48,30,dome,sportturf,,,455.0,1.0,6.0,0.23609,8.2192,0.6842,477.0,1.0,3.0,0.077203,4.4776,0.5556
2013,15,2013_15_SEA_NYG,NYG,SEA,0,23,outdoors,fieldturf,36.0,7.0,181.0,5.0,0.0,-0.376726,0.0,0.5641,327.0,1.0,2.0,-0.004623,2.9851,0.6061
2013,15,2013_15_SF_TB,TB,SF,14,33,outdoors,grass,70.0,7.0,183.0,2.0,3.0,-0.218743,6.0,0.4737,376.0,0.0,2.0,0.097431,2.8169,0.6129
2013,15,2013_15_NYJ_CAR,CAR,NYJ,30,20,outdoors,grass,54.0,11.0,392.0,0.0,2.0,0.130289,3.2258,0.6154,297.0,1.0,3.0,0.023358,5.0,0.4688
2013,15,2013_15_KC_OAK,OAK,KC,31,56,outdoors,grass,64.0,6.0,,,,,,,384.0,1.0,7.0,0.307081,13.7255,0.7407
2013,15,2013_15_GB_DAL,DAL,GB,36,37,closed,matrixturf,,,466.0,2.0,3.0,0.109366,4.3478,0.5686,433.0,1.0,5.0,0.144351,7.2464,0.619
2013,15,2013_15_NO_STL,STL,NO,27,16,dome,astroplay,,,,,,,,,432.0,3.0,2.0,-0.036829,2.4691,0.65
2013,15,2013_15_ARI_TEN,TEN,ARI,34,37,outdoors,grass,37.0,4.0,460.0,3.0,5.0,0.070152,6.25,0.5902,360.0,0.0,3.0,0.175116,4.4118,0.625
2013,15,2013_15_CIN_PIT,PIT,CIN,30,20,outdoors,grass,26.0,20.0,290.0,1.0,2.0,0.044254,3.2258,0.7692,279.0,1.0,4.0,-0.061854,5.8824,0.5435
2013,15,2013_15_BAL_DET,DET,BAL,16,18,dome,fieldturf,,,349.0,3.0,2.0,-0.057155,3.125,0.5,305.0,0.0,0.0,0.010054,0.0,0.5128
2013,16,2013_16_MIA_BUF,BUF,MIA,19,0,outdoors,a_turf,41.0,8.0,390.0,1.0,1.0,-0.016076,1.2987,0.5769,103.0,2.0,0.0,-0.313308,0.0,0.3
2013,16,2013_16_NO_CAR,CAR,NO,17,13,outdoors,grass,72.0,18.0,222.0,1.0,2.0,-0.057606,4.5455,0.5,365.0,2.0,1.0,-0.046645,1.2346,0.5882
2013,16,2013_16_MIN_CIN,CIN,MIN,42,14,outdoors,fieldturf,53.0,11.0,426.0,1.0,5.0,0.073523,6.4935,0.675,209.0,4.0,3.0,-0.318343,6.25,0.4194
2013,16,2013_16_DEN_HOU,HOU,DEN,13,37,closed,grass,,,240.0,2.0,1.0,-0.167341,1.5152,0.45,511.0,0.0,4.0,0.146292,5.7143,0.6154
2013,16,2013_16_TEN_JAX,JAX,TEN,16,20,outdoors,grass,79.0,13.0,289.0,1.0,2.0,0.000732,3.5088,0.6667,346.0,1.0,2.0,0.064849,2.7397,0.5862
2013,16,2013_16_IND_KC,KC,IND,7,23,outdoors,grass,22.0,10.0,287.0,4.0,1.0,-0.151058,1.8868,0.4848,367.0,0.0,2.0,0.109256,2.7778,0.6842
2013,16,2013_16_CLE_NYJ,NYJ,CLE,24,13,outdoors,fieldturf,70.0,12.0,422.0,0.0,3.0,0.081459,3.9474,0.5405,283.0,2.0,1.0,-0.022073,1.5625,0.4186
2013,16,2013_16_TB_STL,STL,TB,23,13,dome,astroplay,,,,,,,,,170.0,2.0,1.0,-0.163592,1.7857,0.4848
2013,16,2013_16_DAL_WAS,WAS,DAL,23,24,outdoors,grass,65.0,5.0,297.0,1.0,2.0,-0.023113,3.125,0.5833,309.0,2.0,3.0,0.014495,5.7692,0.5862
2013,16,2013_16_NYG_DET,DET,NYG,20,23,dome,fieldturf,,,357.0,3.0,3.0,-0.124441,3.7037,0.5556,279.0,2.0,1.0,-0.083641,1.5385,0.5227
2013,16,2013_16_ARI_SEA,SEA,ARI,10,17,outdoors,fieldturf,48.0,6.0,192.0,2.0,1.0,-0.291596,1.9608,0.3548,309.0,4.0,1.0,-0.127344,1.4085,0.4815
2013,16,2013_16_NE_BAL,BAL,NE,7,41,outdoors,sportturf,65.0,8.0,358.0,4.0,3.0,-0.31203,4.0541,0.5,300.0,0.0,3.0,0.113063,4.8387,0.5
2013,16,2013_16_PIT_GB,GB,PIT,31,38,outdoors,grass,23.0,13.0,370.0,2.0,5.0,-0.03143,6.9444,0.5,343.0,2.0,4.0,0.087034,6.7797,0.5667
2013,16,2013_16_OAK_SD,SD,OAK,26,13,outdoors,grass,67.0,7.0,,,,,,,,,,,,
2013,16,2013_16_CHI_PHI,PHI,CHI,54,11,outdoors,grass,62.0,11.0,514.0,1.0,6.0,0.396105,9.5238,0.7778,259.0,2.0,2.0,-0.14729,3.125,0.4889
2013,16,2013_16_ATL_SF,SF,ATL,34,24,outdoors,grass,60.0,0.0,379.0,0.0,3.0,0.171581,5.5556,0.5417,402.0,2.0,4.0,0.044886,5.7971,0.7551
2013,17,2013_17_CAR_ATL,ATL,CAR,20,21,dome,fieldturf,,,307.0,1.0,3.0,-0.039942,4.3478,0.5714,283.0,2.0,2.0,-0.02167,3.5088,0.5357
2013,17,2013_17_BAL_CIN,CIN,BAL,34,17,outdoors,fieldturf,43.0,3.0,392.0,4.0,3.0,-0.014296,4.5455,0.5833,224.0,3.0,2.0,-0.190944,2.9851,0.5769
2013,17,2013_17_JAX_IND,IND,JAX,30,10,closed,fieldturf,,,379.0,0.0,3.0,0.108055,4.2857,0.6905,350.0,2.0,1.0,-0.131342,1.4286,0.5556
2013,17,2013_17_NYJ_MIA,MIA,NYJ,7,20,outdoors,grass,79.0,12.0,296.0,3.0,1.0,-0.145475,1.6129,0.5,374.0,0.0,2.0,0.047698,2.8571,0.6429
2013,17,2013_17_DET_MIN,MIN,DET,14,13,dome,sportturf,,,345.0,2.0,2.0,-0.11721,3.5714,0.5556,245.0,0.0,1.0,-0.082403,1.6667,0.5789
2013,17,2013_17_WAS_NYG,NYG,WAS,20,6,outdoors,fieldturf,40.0,2.0,278.0,3.0,2.0,-0.194552,2.9412,0.3636,251.0,4.0,0.0,-0.326993,0.0,0.3654
2013,17,2013_17_CLE_PIT,PIT,CLE,20,7,outdoors,grass,40.0,5.0,292.0,2.0,2.0,-0.056276,3.2787,0.5938,300.0,2.0,1.0,-0.210228,1.5625,0.5227
2013,17,2013_17_HOU_TEN,TEN,HOU,16,10,outdoors,grass,53.0,4.0,311.0,1.0,1.0,-0.001945,1.6393,0.6,288.0,4.0,1.0,-0.065744,1.7544,0.6286
2013,17,2013_17_SF_ARI,ARI,SF,20,23,closed,grass,,,482.0,2.0,2.0,-0.075119,2.7778,0.56,375.0,0.0,2.0,-0.014786,3.3898,0.5833
2013,17,2013_17_GB_CHI,CHI,GB,28,33,outdoors,grass,26.0,16.0,345.0,2.0,4.0,0.136495,8.1633,0.6,473.0,2.0,4.0,0.187194,5.1948,0.5814
2013,17,2013_17_BUF_NE,NE,BUF,34,20,outdoors,fieldturf,39.0,8.0,384.0,1.0,3.0,0.206067,4.3478,0.5385,393.0,0.0,2.0,0.067048,2.9412,0.4848
2013,17,2013_17_TB_NO,NO,TB,42,17,dome,sportturf,,,468.0,0.0,6.0,0.214214,9.6774,0.75,290.0,1.0,2.0,-0.0855,3.2258,0.5
2013,17,2013_17_DEN_OAK,OAK,DEN,14,34,outdoors,grass,70.0,8.0,,,,,,,458.0,0.0,4.0,0.194133,5.4795,0.7727
2013,17,2013_17_KC_SD,SD,KC,27,24,outdoors,grass,73.0,1.0,,,,,,,332.0,0.0,3.0,0.095886,4.3478,0.6562
2013,17,2013_17_STL_SEA,SEA,STL,27,9,outdoors,fieldturf,40.0,5.0,269.0,0.0,2.0,0.038601,3.1746,0.5556,,,,,,
2013,17,2013_17_PHI_DAL,DAL,PHI,22,24,closed,matrixturf,,,414.0,3.0,2.0,-0.049158,3.0769,0.6383,366.0,1.0,3.0,-0.022538,4.5455,0.5312
2013,18,2013_18_KC_IND,IND,KC,45,44,closed,fieldturf,,,536.0,4.0,6.0,0.19933,9.2308,0.6304,513.0,1.0,5.0,0.191438,6.25,0.625
2013,18,2013_18_NO_PHI,PHI,NO,24,26,outdoors,grass,25.0,5.0,256.0,0.0,3.0,0.054217,5.2632,0.6571,434.0,2.0,2.0,0.098327,2.9412,0.625
2013,18,2013_18_SD_CIN,CIN,SD,10,27,outdoors,fieldturf,42.0,5.0,439.0,4.0,1.0,-0.133928,1.2658,0.537,,,,,,
2013,18,2013_18_SF_GB,GB,SF,20,23,outdoors,grass,5.0,10.0,281.0,0.0,2.0,0.035549,3.2787,0.5667,381.0,1.0,2.0,0.12226,3.1746,0.4848
2013,19,2013_19_NO_SEA,SEA,NO,23,15,outdoors,fieldturf,48.0,20.0,277.0,0.0,2.0,0.004044,3.5714,0.4286,411.0,1.0,2.0,-0.082794,2.8169,0.5455
2013,19,2013_19_IND_NE,NE,IND,43,22,outdoors,fieldturf,57.0,18.0,421.0,0.0,6.0,0.180493,8.1081,0.4815,386.0,4.0,2.0,-0.028839,3.0769,0.4545
2013,19,2013_19_SF_CAR,CAR,SF,10,23,outdoors,grass,54.0,8.0,325.0,2.0,1.0,-0.013051,1.8519,0.5333,315.0,0.0,2.0,0.193669,3.0769,0.4839
2013,19,2013_19_SD_DEN,DEN,SD,24,17,outdoors,grass,41.0,17.0,363.0,2.0,3.0,0.083707,4.2857,0.6944,,,,,,
2013,20,2013_20_NE_DEN,DEN,NE,26,16,outdoors,grass,63.0,9.0,507.0,0.0,2.0,0.226758,2.8169,0.7442,320.0,0.0,2.0,0.144356,3.5088,0.6
2013,20,2013_20_SF_SEA,SEA,SF,23,17,outdoors,fieldturf,43.0,1.0,308.0,1.0,2.0,0.015373,3.4483,0.5517,308.0,3.0,2.0,-0.044329,3.7037,0.5385
2013,21,2013_21_SEA_DEN,DEN,SEA,8,43,outdoors,fieldturf,49.0,4.0,308.0,4.0,2.0,-0.203062,3.0769,0.6667,341.0,0.0,4.0,0.261595,7.2727,0.6923
2014,1,2014_01_GB_SEA,SEA,GB,36,16,outdoors,fieldturf,71.0,11.0,398.0,0.0,4.0,0.216727,6.0606,0.6552,255.0,2.0,2.0,0.0155,3.4483,0.6216
2014,1,2014_01_NO_ATL,ATL,NO,37,34,dome,fieldturf,,,568.0,1.0,4.0,0.206543,5.7971,0.7045,472.0,2.0,4.0,0.217344,5.7143,0.6905
2014,1,2014_01_CIN_BAL,BAL,CIN,16,23,outdoors,sportturf,74.0,8.0,423.0,2.0,2.0,-0.091836,2.3256,0.5385,382.0,0.0,1.0,0.014708,1.5385,0.641
2014,1,2014_01_BUF_CHI,CHI,BUF,20,23,outdoors,grass,74.0,3.0,427.0,3.0,2.0,-0.043388,2.8986,0.6667,360.0,1.0,2.0,0.039684,3.5714,0.6957
2014,1,2014_01_WAS_HOU,HOU,WAS,17,6,closed,grass,,,321.0,1.0,1.0,-0.042595,1.7857,0.6364,372.0,2.0,2.0,-0.192141,3.1746,0.725
2014,1,2014_01_TEN_KC,KC,TEN,10,26,outdoors,grass,69.0,7.0,245.0,3.0,1.0,-0.160127,1.7857,0.4872,405.0,0.0,2.0,0.084982,2.6667,0.5946
2014,1,2014_01_NE_MIA,MIA,NE,33,20,outdoors,grass,89.0,0.0,360.0,3.0,3.0,0.011685,4.2254,0.5455,315.0,2.0,2.0,-0.114019,2.5,0.4833
2014,1,2014_01_OAK_NYJ,NYJ,OAK,19,14,outdoors,fieldturf,76.0,12.0,402.0,2.0,2.0,-0.044012,3.0303,0.7188,,,,,,
2014,1,2014_01_JAX_PHI,PHI,JAX,34,17,outdoors,grass,75.0,9.0,420.0,3.0,3.0,-0.095229,3.6585,0.54,306.0,1.0,3.0,-0.274808,4.2857,0.5217
2014,1,2014_01_CLE_PIT,PIT,CLE,30,27,outdoors,grass,71.0,6.0,503.0,1.0,3.0,0.089016,4.4776,0.6316,389.0,0.0,3.0,0.094612,4.6875,0.5455
2014,1,2014_01_MIN_STL,STL,MIN,6,34,dome,astroplay,,,,,,,,,355.0,0.0,3.0,0.108829,5.2632,0.68
2014,1,2014_01_SF_DAL,DAL,SF,17,28,closed,matrixturf,,,382.0,4.0,3.0,-0.092312,4.7619,0.575,319.0,0.0,3.0,0.077557,5.5556,0.6667
2014,1,2014_01_CAR_TB,TB,CAR,14,20,outdoors,grass,88.0,6.0,264.0,3.0,2.0,-0.140763,3.6364,0.5789,334.0,0.0,2.0,-0.025454,2.9412,0.6857
2014,1,2014_01_IND_DEN,DEN,IND,31,24,outdoors,grass,75.0,6.0,361.0,0.0,4.0,0.087246,5.7971,0.5946,408.0,2.0,3.0,0.022878,4.2857,0.625
2014,1,2014_01_NYG_DET,DET,NYG,35,14,dome,fieldturf,,,419.0,0.0,4.0,0.080937,6.25,0.6471,197.0,2.0,2.0,-0.187454,3.5088,0.5143
2014,1,2014_01_SD_ARI,ARI,SD,18,17,closed,grass,,,403.0,2.0,2.0,-0.10469,2.9851,0.6,,,,,,
2014,2,2014_02_PIT_BAL,BAL,PIT,26,6,outdoors,sportturf,82.0,6.0,323.0,0.0,2.0,0.090245,3.0769,0.7241,301.0,3.0,0.0,-0.183773,0.0,0.5641
2014,2,2014_02_MIA_BUF,BUF,MIA,29,10,outdoors,a_turf,58.0,4.0,315.0,1.0,2.0,0.027585,3.3898,0.6154,290.0,1.0,1.0,-0.167708,1.3514,0.5849
2014,2,2014_02_DET_CAR,CAR,DET,24,7,outdoors,grass,70.0,9.0,315.0,0.0,2.0,0.004887,3.1746,0.5641,323.0,3.0,1.0,-0.214038,1.4286,0.5192
2014,2,2014_02_ATL_CIN,CIN,ATL,24,10,outdoors,fieldturf,66.0,4.0,472.0,0.0,3.0,0.044975,4.3478,0.6667,309.0,3.0,1.0,-0.111411,1.5385,0.5217
2014,2,2014_02_NO_CLE,CLE,NO,26,24,outdoors,grass,61.0,6.0,324.0,0.0,2.0,0.038378,2.7397,0.5714,397.0,2.0,4.0,0.038881,5.7971,0.6429
2014,2,2014_02_NE_MIN,MIN,NE,7,30,outdoors,fieldturf,58.0,0.0,217.0,4.0,2.0,-0.355737,3.2787,0.4524,292.0,0.0,2.0,-0.029141,3.3898,0.6364
2014,2,2014_02_ARI_NYG,NYG,ARI,14,25,outdoors,fieldturf,66.0,1.0,341.0,4.0,3.0,-0.172744,4.4118,0.6341,266.0,0.0,1.0,0.02502,1.6129,0.4242
2014,2,2014_02_DAL_TEN,TEN,DAL,10,26,outdoors,grass,75.0,2.0,314.0,2.0,1.0,-0.136886,2.0408,0.5,368.0,1.0,2.0,0.119918,2.6316,0.5758
2014,2,2014_02_JAX_WAS,WAS,JAX,41,10,outdoors,grass,65.0,6.0,449.0,0.0,5.0,0.151556,6.1728,0.6154,148.0,1.0,1.0,-0.237622,2.0833,0.3684
2014,2,2014_02_SEA_SD,SD,SEA,30,21,outdoors,grass,94.0,8.0,,,,,,,288.0,1.0,3.0,0.038241,7.5,0.6296
2014,2,2014_02_STL_TB,TB,STL,17,19,outdoors,grass,88.0,8.0,332.0,1.0,2.0,0.065313,3.8462,0.7273,,,,,,
2014,2,2014_02_KC_DEN,DEN,KC,24,17,outdoors,grass,85.0,7.0,325.0,0.0,3.0,0.252335,6.5217,0.7778,380.0,0.0,2.0,0.105694,2.6667,0.5909
2014,2,2014_02_NYJ_GB,GB,NYJ,31,24,outdoors,grass,63.0,15.0,392.0,1.0,3.0,0.119644,4.3478,0.5319,313.0,1.0,3.0,0.062765,4.2254,0.4706
2014,2,2014_02_HOU_OAK,OAK,HOU,14,30,outdoors,grass,67.0,16.0,,,,,,,327.0,0.0,3.0,0.115119,4.6154,0.7368
2014,2,2014_02_CHI_SF,SF,CHI,20,28,outdoors,grass,78.0,10.0,359.0,4.0,2.0,-0.109414,3.0769,0.5526,216.0,0.0,4.0,0.009989,7.6923,0.6571
2014,2,2014_02_PHI_IND,IND,PHI,27,30,closed,fieldturf,,,341.0,2.0,3.0,0.059365,4.1667,0.5882,458.0,1.0,3.0,0.128473,4.6875,0.5676
2014,3,2014_03_TB_ATL,ATL,TB,56,14,dome,fieldturf,,,488.0,4.0,7.0,0.068952,10.7692,0.8276,217.0,4.0,3.0,-0.469866,5.2632,0.5641
2014,3,2014_03_SD_BUF,BUF,SD,10,22,outdoors,a_turf,72.0,24.0,292.0,0.0,1.0,-0.061973,1.5385,0.5349,,,,,,
2014,3,2014_03_TEN_CIN,CIN,TEN,33,7,outdoors,fieldturf,74.0,20.0,300.0,1.0,4.0,0.124431,7.0175,0.6538,326.0,2.0,1.0,-0.193919,1.5625,0.4722
2014,3,2014_03_BAL_CLE,CLE,BAL,21,23,outdoors,grass,71.0,23.0,375.0,0.0,3.0,0.03451,5.4545,0.76,377.0,1.0,2.0,0.093051,3.125,0.6129
2014,3,2014_03_GB_DET,DET,GB,19,7,dome,fieldturf,,,353.0,3.0,1.0,-0.064003,1.3514,0.6111,223.0,1.0,2.0,-0.244579,3.9216,0.5517
2014,3,2014_03_IND_JAX,JAX,IND,17,44,outdoors,grass,85.0,5.0,344.0,3.0,3.0,-0.05794,5.4545,0.5143,529.0,0.0,4.0,0.302595,5.4054,0.7333
2014,3,2014_03_OAK_NE,NE,OAK,16,9,outdoors,fieldturf,78.0,11.0,297.0,0.0,1.0,0.025757,1.4085,0.6154,,,,,,
2014,3,2014_03_MIN_NO,NO,MIN,20,9,dome,sportturf,,,396.0,0.0,3.0,0.105122,4.4118,0.75,247.0,0.0,0.0,0.007621,0.0,0.5312
2014,3,2014_03_HOU_NYG,NYG,HOU,30,17,outdoors,fieldturf,70.0,4.0,419.0,1.0,3.0,0.020593,4.2254,0.7241,411.0,3.0,2.0,-0.134504,3.2258,0.5676
2014,3,2014_03_WAS_PHI,PHI,WAS,37,34,outdoors,grass,79.0,4.0,379.0,1.0,4.0,0.1425,6.0606,0.6585,511.0,1.0,4.0,0.1342,5.2632,0.625
2014,3,2014_03_DAL_STL,STL,DAL,31,34,dome,astroplay,,,,,,,,,340.0,2.0,4.0,0.120031,7.6923,0.7826
2014,3,2014_03_SF_ARI,ARI,SF,23,14,closed,grass,,,338.0,1.0,2.0,0.145525,3.2787,0.5588,318.0,0.0,2.0,0.034171,3.2787,0.7632
2014,3,2014_03_KC_MIA,MIA,KC,15,34,outdoors,grass,88.0,4.0,332.0,0.0,1.0,-0.17388,1.4925,0.4468,342.0,2.0,5.0,0.093714,6.9444,0.6129
2014,3,2014_03_DEN_SEA,SEA,DEN,26,20,outdoors,fieldturf,70.0,7.0,384.0,1.0,3.0,-0.028547,4.0,0.6579,334.0,2.0,2.0,-0.087356,2.8169,0.6078
2014,3,2014_03_PIT_CAR,CAR,PIT,19,37,outdoors,grass,79.0,7.0,349.0,1.0,2.0,0.064335,3.6364,0.6444,454.0,1.0,4.0,0.304323,6.1538,0.7097
2014,3,2014_03_CHI_NYJ,NYJ,CHI,19,27,outdoors,fieldturf,60.0,10.0,414.0,2.0,2.0,-0.075674,2.7778,0.5652,257.0,2.0,2.0,0.050063,3.1746,0.5476
2014,4,2014_04_NYG_WAS,WAS,NYG,14,45,outdoors,grass,64.0,4.0,329.0,6.0,2.0,-0.228634,3.8462,0.5429,449.0,1.0,6.0,0.199196,7.6923,0.7
2014,4,2014_04_CAR_BAL,BAL,CAR,38,10,outdoors,sportturf,78.0,4.0,454.0,0.0,5.0,0.365758,8.1967,0.7097,315.0,1.0,1.0,-0.004713,1.6129,0.5556
2014,4,2014_04_GB_CHI,CHI,GB,17,38,outdoors,grass,70.0,3.0,496.0,2.0,2.0,-0.009544,2.5974,0.6389,358.0,0.0,5.0,0.379655,10.6383,0.7586
2014,4,2014_04_BUF_HOU,HOU,BUF,23,17,closed,grass,,,301.0,3.0,1.0,-0.16843,1.5873,0.625,316.0,2.0,3.0,-0.217013,4.3478,0.4565
2014,4,2014_04_TEN_IND,IND,TEN,41,17,open,fieldturf,,,498.0,1.0,5.0,0.122701,6.0976,0.7073,261.0,3.0,2.0,-0.184259,4.2553,0.4516
2014,4,2014_04_DET_NYJ,NYJ,DET,17,24,outdoors,fieldturf,80.0,0.0,336.0,2.0,2.0,-0.080235,3.2258,0.4857,360.0,0.0,3.0,0.028917,4.6154,0.6316
2014,4,2014_04_MIA_OAK,OAK,MIA,14,38,outdoors,grass,74.0,6.0,,,,,,,435.0,2.0,4.0,0.057085,6.0606,0.7419
2014,4,2014_04_TB_PIT,PIT,TB,24,27,outdoors,grass,74.0,3.0,390.0,1.0,3.0,0.037102,4.1096,0.6522,350.0,1.0,3.0,0.108302,4.7619,0.4773
2014,4,2014_04_JAX_SD,SD,JAX,33,14,outdoors,grass,73.0,8.0,,,,,,,320.0,3.0,2.0,-0.090889,3.0769,0.725
2014,4,2014_04_ATL_MIN,MIN,ATL,41,28,outdoors,fieldturf,82.0,0.0,560.0,0.0,4.0,0.245918,5.3333,0.6129,411.0,2.0,4.0,0.121928,6.25,0.5952
2014,4,2014_04_PHI_SF,SF,PHI,26,21,outdoors,grass,72.0,4.0,407.0,1.0,5.0,-0.165173,6.5789,0.5,213.0,4.0,0.0,-0.293634,0.0,0.4773
2014,4,2014_04_NO_DAL,DAL,NO,38,17,closed,matrixturf,,,445.0,0.0,5.0,0.209993,7.6923,0.7333,438.0,3.0,2.0,-0.036159,3.3898,0.6957
2014,4,2014_04_NE_KC,KC,NE,41,14,outdoors,grass,82.0,3.0,443.0,0.0,4.0,0.185319,6.0606,0.7143,290.0,3.0,3.0,-0.174387,6.1224,0.6061
2014,5,2014_05_MIN_GB,GB,MIN,42,10,outdoors,grass,62.0,6.0,320.0,1.0,5.0,0.112807,9.6154,0.625,299.0,3.0,2.0,-0.244488,2.6667,0.44
2014,5,2014_05_CHI_CAR,CAR,CHI,31,24,outdoors,grass,60.0,7.0,322.0,3.0,3.0,-0.119654,4.7619,0.5135,347.0,4.0,4.0,-0.172824,6.4516,0.7
2014,5,2014_05_HOU_DAL,DAL,HOU,20,17,closed,matrixturf,,,456.0,2.0,2.0,0.01689,2.6667,0.6667,330.0,2.0,2.0,-0.006438,3.5714,0.64
2014,5,2014_05_BUF_DET,DET,BUF,14,17,dome,fieldturf,,,273.0,2.0,1.0,-0.305539,1.7544,0.4865,345.0,1.0,2.0,-0.200996,2.9412,0.6667
2014,5,2014_05_BAL_IND,IND,BAL,20,13,open,fieldturf,,,432.0,4.0,2.0,-0.016519,2.5,0.64,287.0,3.0,1.0,-0.103812,1.7544,0.5238
2014,5,2014_05_PIT_JAX,JAX,PIT,9,17,outdoors,grass,71.0,10.0,243.0,2.0,1.0,-0.233607,1.9231,0.5946,372.0,1.0,1.0,-0.040448,1.4706,0.65
2014,5,2014_05_TB_NO,NO,TB,37,31,dome,sportturf,,,511.0,3.0,5.0,0.07077,5.7471,0.6034,314.0,1.0,3.0,0.055115,5.5556,0.5758
2014,5,2014_05_ATL_NYG,NYG,ATL,30,20,outdoors,fieldturf,55.0,9.0,317.0,1.0,3.0,0.096338,4.6154,0.6129,397.0,2.0,2.0,-0.018846,2.9851,0.6304
2014,5,2014_05_STL_PHI,PHI,STL,34,28,outdoors,grass,59.0,16.0,352.0,3.0,2.0,-0.050174,2.8571,0.6486,,,,,,
2014,5,2014_05_CLE_TEN,TEN,CLE,28,29,outdoors,grass,67.0,13.0,410.0,0.0,4.0,0.116341,6.1538,0.6,460.0,1.0,3.0,0.140569,4.0541,0.5526
2014,5,2014_05_ARI_DEN,DEN,ARI,41,20,outdoors,grass,71.0,10.0,568.0,2.0,5.0,0.07493,6.5789,0.6458,215.0,0.0,2.0,-0.158093,3.5714,0.3243
2014,5,2014_05_NYJ_SD,SD,NYJ,31,0,outdoors,grass,91.0,8.0,,,,,,,151.0,2.0,0.0,-0.306629,0.0,0.3636
2014,5,2014_05_KC_SF,SF,KC,22,17,outdoors,grass,85.0,1.0,357.0,0.0,1.0,0.102686,1.4286,0.4667,265.0,1.0,2.0,0.067144,4.0,0.5333
2014,5,2014_05_CIN_NE,NE,CIN,43,17,outdoors,fieldturf,47.0,2.0,505.0,0.0,3.0,0.109614,3.6585,0.6389,320.0,3.0,3.0,-0.20454,6.25,0.6
2014,5,2014_05_SEA_WAS,WAS,SEA,17,27,outdoors,grass,67.0,4.0,307.0,0.0,2.0,-0.014645,3.7037,0.5676,403.0,0.0,3.0,0.13067,4.7619,0.6667
2014,6,2014_06_IND_HOU,HOU,IND,28,33,closed,grass,,,332.0,2.0,3.0,-0.088427,5.7692,0.5357,456.0,2.0,5.0,0.020437,6.0241,0.5319
2014,6,2014_06_NE_BUF,BUF,NE,22,37,outdoors,a_turf,55.0,6.0,338.0,3.0,3.0,-0.044164,4.4776,0.5455,396.0,0.0,4.0,0.175942,6.0606,0.6923
2014,6,2014_06_CAR_CIN,CIN,CAR,37,37,outdoors,fieldturf,60.0,5.0,513.0,2.0,4.0,0.162328,5.3333,0.75,431.0,1.0,4.0,0.178481,5.0,0.6304
2014,6,2014_06_PIT_CLE,CLE,PIT,31,10,outdoors,grass,58.0,13.0,368.0,1.0,4.0,0.102314,7.1429,0.4444,359.0,1.0,1.0,-0.144438,1.3158,0.4773
2014,6,2014_06_GB_MIA,MIA,GB,24,27,outdoors,grass,86.0,13.0,349.0,3.0,3.0,0.042871,5.4545,0.625,369.0,0.0,3.0,0.09367,3.7975,0.5333
2014,6,2014_06_DET_MIN,MIN,DET,3,17,outdoors,fieldturf,53.0,0.0,212.0,3.0,0.0,-0.359465,0.0,0.5111,255.0,0.0,2.0,-0.152762,3.0769,0.5135
2014,6,2014_06_DEN_NYJ,NYJ,DEN,17,31,outdoors,fieldturf,61.0,5.0,204.0,1.0,3.0,-0.123568,4.8387,0.4894,359.0,1.0,3.0,0.061823,4.4118,0.6286
2014,6,2014_06_BAL_TB,TB,BAL,17,48,outdoors,grass,84.0,6.0,364.0,1.0,2.0,-0.113938,2.9851,0.4898,475.0,1.0,6.0,0.337277,9.5238,0.75
2014,6,2014_06_JAX_TEN,TEN,JAX,16,14,outdoors,grass,67.0,7.0,290.0,0.0,1.0,-0.016047,1.8182,0.5484,379.0,2.0,2.0,-0.039182,2.6667,0.6154
2014,6,2014_06_SD_OAK,OAK,SD,28,31,outdoors,grass,77.0,5.0,,,,,,,,,,,,
2014,6,2014_06_WAS_ARI,ARI,WAS,30,20,closed,grass,,,317.0,0.0,2.0,-0.013464,2.9412,0.6222,407.0,4.0,3.0,-0.127879,5.2632,0.6
2014,6,2014_06_CHI_ATL,ATL,CHI,13,27,dome,fieldturf,,,287.0,1.0,1.0,-0.107064,1.8519,0.4634,480.0,0.0,3.0,0.112704,4.2857,0.6341
2014,6,2014_06_DAL_SEA,SEA,DAL,23,30,outdoors,fieldturf,60.0,6.0,206.0,2.0,1.0,0.003918,2.0833,0.4667,401.0,1.0,4.0,0.105042,5.7971,0.6364
2014,6,2014_06_NYG_PHI,PHI,NYG,27,0,outdoors,grass,57.0,5.0,448.0,2.0,3.0,0.030094,4.2254,0.6,254.0,1.0,0.0,-0.298867,0.0,0.4722
2014,6,2014_06_SF_STL,STL,SF,17,31,dome,astroplay,,,,,,,,,432.0,1.0,3.0,0.011934,4.6154,0.6286
2014,7,2014_07_NYJ_NE,NE,NYJ,27,25,outdoors,fieldturf,64.0,9.0,323.0,0.0,3.0,0.15135,5.6604,0.5263,423.0,0.0,2.0,0.137722,2.4691,0.5263
2014,7,2014_07_ATL_BAL,BAL,ATL,29,7,outdoors,sportturf,54.0,14.0,371.0,2.0,3.0,0.068072,4.8387,0.6154,254.0,2.0,1.0,-0.199259,1.5385,0.5918
2014,7,2014_07_MIN_BUF,BUF,MIN,17,16,outdoors,a_turf,41.0,9.0,373.0,4.0,2.0,-0.089094,2.9412,0.6327,276.0,2.0,1.0,-0.083749,1.6667,0.4839
2014,7,2014_07_MIA_CHI,CHI,MIA,14,27,outdoors,grass,50.0,10.0,224.0,3.0,2.0,-0.163526,3.9216,0.5676,393.0,0.0,3.0,0.070373,4.3478,0.6944
2014,7,2014_07_NO_DET,DET,NO,24,23,dome,fieldturf,,,344.0,2.0,3.0,-0.062134,4.4776,0.6279,408.0,2.0,2.0,-0.035345,2.9851,0.6087
2014,7,2014_07_CAR_GB,GB,CAR,38,17,outdoors,grass,48.0,12.0,363.0,0.0,5.0,0.207719,8.9286,0.7308,331.0,1.0,2.0,-0.057565,2.9851,0.5238
2014,7,2014_07_CIN_IND,IND,CIN,27,0,open,fieldturf,,,506.0,2.0,3.0,0.056855,3.8462,0.6136,135.0,0.0,0.0,-0.310619,0.0,0.4286
2014,7,2014_07_CLE_JAX,JAX,CLE,24,6,outdoors,grass,76.0,8.0,336.0,4.0,3.0,-0.184004,4.4118,0.5152,266.0,2.0,0.0,-0.371776,0.0,0.3636
2014,7,2014_07_SEA_STL,STL,SEA,28,26,dome,astroplay,,,,,,,,,463.0,0.0,4.0,0.07981,5.7971,0.575
2014,7,2014_07_TEN_WAS,WAS,TEN,19,17,outdoors,grass,55.0,13.0,351.0,3.0,1.0,-0.001599,1.7544,0.6774,236.0,1.0,2.0,-0.012306,4.0816,0.6296
2014,7,2014_07_KC_SD,SD,KC,20,23,outdoors,grass,75.0,2.0,,,,,,,365.0,0.0,2.0,0.12618,2.8571,0.6129
2014,7,2014_07_NYG_DAL,DAL,NYG,31,21,closed,matrixturf,,,423.0,1.0,4.0,0.135367,6.6667,0.68,352.0,2.0,3.0,0.017191,5.0847,0.6364
2014,7,2014_07_ARI_OAK,OAK,ARI,13,24,outdoors,grass,69.0,6.0,,,,,,,365.0,1.0,3.0,0.09105,4.3478,0.6875
2014,7,2014_07_SF_DEN,DEN,SF,42,17,outdoors,grass,67.0,4.0,419.0,0.0,6.0,0.293304,10.7143,0.7586,310.0,1.0,2.0,-0.026295,2.8571,0.5192
2014,7,2014_07_HOU_PIT,PIT,HOU,30,23,outdoors,grass,57.0,6.0,328.0,1.0,3.0,0.04595,4.8387,0.6486,393.0,3.0,2.0,-0.019795,3.1746,0.6364
2014,8,2014_08_SD_DEN,DEN,SD,35,21,outdoors,grass,68.0,3.0,425.0,0.0,5.0,0.224636,7.6923,0.7143,,,,,,
2014,8,2014_08_DET_ATL,ATL,DET,21,22,outdoors,fieldturf,59.0,13.0,291.0,1.0,3.0,0.077931,5.4545,0.6897,385.0,1.0,2.0,0.07837,2.8169,0.5
2014,8,2014_08_SEA_CAR,CAR,SEA,9,13,outdoors,grass,77.0,9.0,266.0,2.0,0.0,-0.107586,0.0,0.48,310.0,2.0,1.0,-0.030094,1.6949,0.6061
2014,8,2014_08_BAL_CIN,CIN,BAL,27,24,outdoors,fieldturf,62.0,6.0,350.0,2.0,3.0,-0.007487,4.6875,0.7,296.0,2.0,2.0,-0.0106,3.2258,0.4857
2014,8,2014_08_MIA_JAX,JAX,MIA,13,27,outdoors,grass,76.0,6.0,377.0,3.0,3.0,-0.197579,4.4118,0.4737,326.0,1.0,1.0,-0.036156,1.7857,0.5
2014,8,2014_08_STL_KC,KC,STL,34,7,outdoors,grass,70.0,8.0,355.0,1.0,4.0,0.156669,6.25,0.8065,,,,,,
2014,8,2014_08_CHI_NE,NE,CHI,51,23,outdoors,fieldturf,54.0,14.0,487.0,0.0,5.0,0.317037,7.0423,0.8462,388.0,2.0,4.0,-0.008105,6.0606,0.525
2014,8,2014_08_BUF_NYJ,NYJ,BUF,23,43,outdoors,fieldturf,59.0,16.0,312.0,6.0,3.0,-0.241074,3.6585,0.4082,280.0,0.0,5.0,0.019597,9.434,0.4762
2014,8,2014_08_MIN_TB,TB,MIN,13,19,outdoors,grass,77.0,5.0,225.0,2.0,2.0,-0.191497,3.5714,0.5758,332.0,0.0,1.0,-0.081225,1.5385,0.5581
2014,8,2014_08_HOU_TEN,TEN,HOU,16,30,outdoors,grass,73.0,2.0,326.0,2.0,2.0,-0.122999,3.5088,0.6279,405.0,0.0,3.0,0.08626,3.75,0.475
2014,8,2014_08_PHI_ARI,ARI,PHI,24,20,closed,grass,,,400.0,1.0,3.0,-0.030768,4.6154,0.4762,521.0,3.0,2.0,-0.041246,2.2989,0.5806
2014,8,2014_08_OAK_CLE,CLE,OAK,23,13,outdoors,grass,55.0,20.0,306.0,0.0,2.0,-0.039421,3.7037,0.6552,,,,,,
2014,8,2014_08_IND_PIT,PIT,IND,51,34,outdoors,grass,62.0,12.0,639.0,2.0,6.0,0.259615,7.4074,0.8163,448.0,2.0,5.0,0.15125,8.7719,0.5532
2014,8,2014_08_GB_NO,NO,GB,44,23,dome,sportturf,,,495.0,1.0,5.0,0.286818,7.6923,0.7941,491.0,3.0,2.0,0.052337,3.1746,0.6591
2014,8,2014_08_WAS_DAL,DAL,WAS,17,20,closed,matrixturf,,,395.0,2.0,2.0,-0.023351,3.125,0.5385,409.0,1.0,2.0,0.042542,3.125,0.7576
2014,9,2014_09_NO_CAR,CAR,NO,10,28,outdoors,grass,58.0,3.0,231.0,2.0,1.0,-0.148933,1.8519,0.3125,375.0,2.0,4.0,0.11026,5.3333,0.6316
2014,9,2014_09_JAX_CIN,CIN,JAX,33,23,outdoors,fieldturf,42.0,3.0,423.0,2.0,4.0,0.104281,5.9701,0.5758,365.0,1.0,3.0,0.004326,4.918,0.6111
2014,9,2014_09_TB_CLE,CLE,TB,22,17,outdoors,grass,42.0,8.0,330.0,2.0,2.0,-0.128077,3.0303,0.5385,365.0,2.0,2.0,-0.16738,3.2787,0.4857
2014,9,2014_09_ARI_DAL,DAL,ARI,17,28,closed,matrixturf,,,266.0,2.0,1.0,-0.19756,1.6949,0.5294,339.0,1.0,5.0,-0.017399,7.6923,0.6111
2014,9,2014_09_PHI_HOU,HOU,PHI,21,31,closed,grass,,,300.0,2.0,2.0,-0.106323,3.3898,0.4194,483.0,3.0,5.0,0.047184,6.3291,0.6316
2014,9,2014_09_NYJ_KC,KC,NYJ,24,10,outdoors,grass,57.0,20.0,309.0,0.0,3.0,0.188771,5.3571,0.6562,364.0,0.0,1.0,-0.00793,1.4493,0.6154
2014,9,2014_09_SD_MIA,MIA,SD,37,0,outdoors,grass,70.0,16.0,441.0,0.0,4.0,0.124924,5.4054,0.6667,,,,,,
2014,9,2014_09_WAS_MIN,MIN,WAS,29,26,outdoors,fieldturf,50.0,10.0,354.0,0.0,4.0,0.098939,5.5556,0.5909,347.0,1.0,3.0,0.116093,4.7619,0.5455
2014,9,2014_09_STL_SF,SF,STL,10,13,outdoors,grass,61.0,8.0,263.0,2.0,1.0,-0.176664,1.6129,0.5366,,,,,,
2014,9,2014_09_DEN_NE,NE,DEN,43,21,outdoors,fieldturf,35.0,19.0,398.0,1.0,4.0,0.055046,5.0,0.6,472.0,2.0,4.0,-0.160521,5.3333,0.5862
2014,9,2014_09_OAK_SEA,SEA,OAK,30,24,outdoors,fieldturf,54.0,9.0,326.0,0.0,3.0,-0.105644,4.0541,0.4722,,,,,,
2014,9,2014_09_BAL_PIT,PIT,BAL,43,23,outdoors,grass,38.0,6.0,378.0,1.0,6.0,0.180699,9.0909,0.6098,332.0,2.0,3.0,-0.042191,4.4118,0.6122
2014,9,2014_09_IND_NYG,NYG,IND,24,40,outdoors,fieldturf,55.0,6.0,438.0,1.0,3.0,-0.036455,4.0,0.4909,443.0,0.0,4.0,0.184204,5.6338,0.5319
2014,10,2014_10_CLE_CIN,CIN,CLE,3,24,outdoors,fieldturf,42.0,17.0,165.0,5.0,0.0,-0.293729,0.0,0.3171,368.0,0.0,3.0,0.004128,4.0,0.6522
2014,10,2014_10_TEN_BAL,BAL,TEN,21,7,outdoors,sportturf,57.0,7.0,312.0,0.0,3.0,0.028176,4.8387,0.5714,210.0,2.0,1.0,-0.161367,1.8519,0.5
2014,10,2014_10_KC_BUF,BUF,KC,13,17,outdoors,a_turf,42.0,10.0,364.0,2.0,1.0,-0.082058,1.4085,0.5918,278.0,2.0,2.0,-0.028192,3.3898,0.4857
2014,10,2014_10_MIA_DET,DET,MIA,20,16,dome,fieldturf,,,351.0,1.0,2.0,-0.143348,3.125,0.6,228.0,2.0,1.0,-0.177191,1.6667,0.6585
2014,10,2014_10_DAL_JAX,JAX,DAL,17,31,outdoors,grass,50.0,3.0,335.0,2.0,2.0,-0.053996,3.0303,0.5238,399.0,2.0,4.0,0.147085,6.7797,0.7241
2014,10,2014_10_SF_NO,NO,SF,24,27,dome,sportturf,,,423.0,3.0,3.0,-0.075198,3.75,0.5714,330.0,1.0,3.0,-0.009709,4.4118,0.3889
2014,10,2014_10_PIT_NYJ,NYJ,PIT,20,13,outdoors,fieldturf,58.0,8.0,275.0,1.0,2.0,-0.016312,3.4483,0.4545,362.0,3.0,1.0,-0.094228,1.6129,0.6667
2014,10,2014_10_ATL_TB,TB,ATL,17,27,outdoors,grass,64.0,5.0,373.0,3.0,2.0,-0.014325,2.8571,0.5745,324.0,0.0,2.0,0.16401,3.2787,0.6061
2014,10,2014_10_DEN_OAK,OAK,DEN,17,41,outdoors,grass,68.0,6.0,,,,,,,471.0,2.0,5.0,0.07299,6.5789,0.6735
2014,10,2014_10_STL_ARI,ARI,STL,31,14,closed,grass,,,335.0,1.0,2.0,-0.107201,3.0303,0.6364,,,,,,
2014,10,2014_10_NYG_SEA,SEA,NYG,38,17,outdoors,fieldturf,50.0,0.0,510.0,3.0,5.0,0.184258,7.8125,0.5263,324.0,2.0,2.0,-0.094189,3.1746,0.6304
2014,10,2014_10_CHI_GB,GB,CHI,55,14,outdoors,grass,34.0,5.0,451.0,1.0,6.0,0.220077,9.375,0.5938,311.0,3.0,3.0,-0.266782,4.4118,0.5227
2014,10,2014_10_CAR_PHI,PHI,CAR,45,21,outdoors,grass,52.0,5.0,365.0,0.0,4.0,-0.009094,6.4516,0.5128,317.0,5.0,5.0,-0.234584,6.1728,0.5102
2014,11,2014_11_BUF_MIA,MIA,BUF,22,9,outdoors,grass,74.0,4.0,330.0,2.0,2.0,0.001265,3.1746,0.6667,237.0,0.0,0.0,-0.155647,0.0,0.5366
2014,11,2014_11_ATL_CAR,CAR,ATL,17,19,outdoors,grass,48.0,3.0,391.0,2.0,2.0,-0.094,3.125,0.5897,346.0,1.0,1.0,-0.036376,1.3514,0.6596
2014,11,2014_11_MIN_CHI,CHI,MIN,21,13,outdoors,grass,31.0,12.0,468.0,2.0,3.0,0.036115,4.0541,0.7209,243.0,1.0,1.0,-0.053726,2.1739,0.6
2014,11,2014_11_HOU_CLE,CLE,HOU,7,23,outdoors,grass,34.0,9.0,375.0,2.0,1.0,-0.174557,1.3158,0.3774,424.0,1.0,2.0,0.027071,2.381,0.6667
2014,11,2014_11_SEA_KC,KC,SEA,24,20,outdoors,grass,21.0,8.0,298.0,2.0,3.0,0.074834,6.5217,0.6875,372.0,0.0,2.0,0.023796,2.8169,0.5882
2014,11,2014_11_CIN_NO,NO,CIN,10,27,dome,sportturf,,,330.0,1.0,1.0,0.004153,1.4925,0.8049,405.0,0.0,3.0,0.303013,5.0847,0.6957
2014,11,2014_11_SF_NYG,NYG,SF,10,16,outdoors,fieldturf,42.0,0.0,330.0,5.0,1.0,-0.224214,1.4706,0.4681,333.0,1.0,1.0,-0.095739,1.4706,0.4839
2014,11,2014_11_DEN_STL,STL,DEN,22,7,dome,astroplay,,,,,,,,,397.0,2.0,1.0,-0.222272,1.5152,0.6071
2014,11,2014_11_TB_WAS,WAS,TB,7,27,outdoors,grass,45.0,6.0,322.0,4.0,2.0,-0.190982,2.8986,0.6053,329.0,0.0,2.0,0.125231,4.3478,0.6
2014,11,2014_11_OAK_SD,SD,OAK,13,6,outdoors,grass,72.0,13.0,,,,,,,,,,,,
2014,11,2014_11_DET_ARI,ARI,DET,14,6,closed,grass,,,352.0,2.0,2.0,-0.061114,3.4483,0.6562,262.0,1.0,0.0,-0.175566,0.0,0.5294
2014,11,2014_11_PHI_GB,GB,PHI,53,20,outdoors,grass,28.0,13.0,475.0,0.0,4.0,0.109384,6.25,0.6154,429.0,4.0,5.0,-0.245839,6.4103,0.5532
2014,11,2014_11_NE_IND,IND,NE,20,42,closed,fieldturf,,,322.0,1.0,2.0,0.010058,3.5714,0.575,503.0,2.0,6.0,0.306605,8.1081,0.6333
2014,11,2014_11_PIT_TEN,TEN,PIT,24,27,outdoors,grass,25.0,9.0,312.0,1.0,4.0,0.081515,10.2564,0.625,386.0,1.0,2.0,0.129307,2.7397,0.5676
2014,12,2014_12_KC_OAK,OAK,KC,24,20,outdoors,grass,57.0,6.0,,,,,,,313.0,1.0,2.0,0.040603,3.2258,0.5263
2014,12,2014_12_CLE_ATL,ATL,CLE,24,26,dome,fieldturf,,,315.0,2.0,3.0,-0.021859,4.3478,0.587,475.0,3.0,2.0,0.053622,2.8169,0.5476
2014,12,2014_12_TB_CHI,CHI,TB,21,13,outdoors,grass,54.0,12.0,204.0,1.0,3.0,-0.204113,5.3571,0.5667,367.0,4.0,1.0,-0.244448,1.3333,0.4717
2014,12,2014_12_CIN_HOU,HOU,CIN,13,22,closed,grass,,,248.0,1.0,0.0,-0.14583,0.0,0.4565,372.0,1.0,3.0,-0.006527,3.8462,0.6857
2014,12,2014_12_JAX_IND,IND,JAX,23,3,closed,fieldturf,,,389.0,3.0,2.0,-0.056769,2.7778,0.5676,194.0,2.0,0.0,-0.365561,0.0,0.4839
2014,12,2014_12_GB_MIN,MIN,GB,21,24,outdoors,fieldturf,49.0,0.0,310.0,1.0,2.0,0.0907,3.0769,0.525,362.0,0.0,3.0,0.164109,4.8387,0.6333
2014,12,2014_12_DET_NE,NE,DET,34,9,outdoors,fieldturf,58.0,7.0,439.0,1.0,4.0,0.177762,5.4795,0.717,335.0,1.0,0.0,-0.06686,0.0,0.375
2014,12,2014_12_TEN_PHI,PHI,TEN,43,24,outdoors,grass,54.0,7.0,462.0,2.0,4.0,0.078759,4.8193,0.6667,351.0,3.0,3.0,-0.119105,4.7619,0.4545
2014,12,2014_12_STL_SD,SD,STL,27,24,outdoors,grass,72.0,5.0,,,,,,,,,,,,
2014,12,2014_12_ARI_SEA,SEA,ARI,19,3,outdoors,fieldturf,51.0,10.0,293.0,0.0,1.0,-0.087364,1.7241,0.5862,204.0,1.0,0.0,-0.335294,0.0,0.4828
2014,12,2014_12_MIA_DEN,DEN,MIA,39,36,outdoors,grass,39.0,6.0,452.0,0.0,5.0,0.258861,6.9444,0.7568,315.0,2.0,5.0,0.28916,8.4746,0.7027
2014,12,2014_12_WAS_SF,SF,WAS,17,13,outdoors,grass,62.0,9.0,312.0,3.0,2.0,-0.103875,3.3333,0.6452,213.0,1.0,1.0,-0.134779,1.9231,0.44
2014,12,2014_12_DAL_NYG,NYG,DAL,28,31,outdoors,fieldturf,51.0,2.0,417.0,1.0,4.0,0.097349,5.4054,0.6905,385.0,1.0,4.0,0.222314,7.5472,0.6429
2014,12,2014_12_NYJ_BUF,BUF,NYJ,38,3,dome,fieldturf,,,336.0,0.0,4.0,0.129397,6.4516,0.7273,218.0,1.0,1.0,-0.348858,1.7544,0.4474
2014,12,2014_12_BAL_NO,NO,BAL,27,34,dome,sportturf,,,525.0,1.0,4.0,0.092916,5.7143,0.7143,449.0,1.0,3.0,0.277571,5.2632,0.72
2014,13,2014_13_CHI_DET,DET,CHI,34,17,dome,fieldturf,,,474.0,1.0,4.0,0.107696,5.7143,0.7234,269.0,2.0,2.0,-0.080573,3.3898,0.6078
2014,13,2014_13_PHI_DAL,DAL,PHI,10,33,closed,matrixturf,,,267.0,3.0,1.0,-0.193303,1.7241,0.5455,464.0,1.0,3.0,0.154716,4.0,0.6667
2014,13,2014_13_SEA_SF,SF,SEA,3,19,outdoors,grass,68.0,0.0,164.0,2.0,0.0,-0.208602,0.0,0.4848,379.0,1.0,1.0,0.069301,1.6667,0.5769
2014,13,2014_13_SD_BAL,BAL,SD,33,34,outdoors,sportturf,54.0,8.0,350.0,0.0,3.0,0.236815,4.7619,0.6129,,,,,,
2014,13,2014_13_CLE_BUF,BUF,CLE,26,10,outdoors,a_turf,57.0,17.0,287.0,2.0,1.0,-0.12091,1.6129,0.5312,315.0,3.0,2.0,-0.315767,3.0303,0.575
2014,13,2014_13_TEN_HOU,HOU,TEN,45,21,closed,grass,,,457.0,1.0,7.0,0.088115,10.1449,0.7273,320.0,4.0,2.0,-0.209384,3.5714,0.5588
2014,13,2014_13_WAS_IND,IND,WAS,49,27,closed,fieldturf,,,487.0,3.0,6.0,0.212224,12.2449,0.6786,425.0,1.0,4.0,-0.053401,5.4054,0.5849
2014,13,2014_13_NYG_JAX,JAX,NYG,25,24,outdoors,grass,71.0,5.0,258.0,0.0,1.0,-0.141751,1.5152,0.4773,329.0,3.0,5.0,-0.118827,6.8493,0.6316
2014,13,2014_13_CAR_MIN,MIN,CAR,31,13,outdoors,fieldturf,12.0,17.0,210.0,0.0,2.0,-0.026598,4.1667,0.625,348.0,1.0,3.0,-0.196201,4.1667,0.4615
2014,13,2014_13_NO_PIT,PIT,NO,32,35,outdoors,grass,63.0,15.0,542.0,2.0,3.0,0.12669,3.5714,0.5246,393.0,0.0,5.0,0.249293,9.2593,0.6786
2014,13,2014_13_OAK_STL,STL,OAK,52,0,dome,astroplay,,,,,,,,,,,,,,
2014,13,2014_13_CIN_TB,TB,CIN,13,14,outdoors,grass,77.0,7.0,263.0,1.0,1.0,-0.120949,1.8182,0.5,288.0,3.0,2.0,-0.103948,3.4483,0.6667
2014,13,2014_13_ARI_ATL,ATL,ARI,29,18,dome,fieldturf,,,500.0,1.0,3.0,-0.00916,3.9474,0.7143,331.0,3.0,1.0,-0.175408,1.9608,0.6154
2014,13,2014_13_NE_GB,GB,NE,26,21,outdoors,grass,28.0,14.0,478.0,0.0,2.0,0.166966,2.8571,0.5854,320.0,0.0,3.0,0.131858,5.5556,0.6111
2014,13,2014_13_DEN_KC,KC,DEN,16,29,outdoors,grass,27.0,18.0,151.0,2.0,2.0,-0.251868,4.4444,0.5,388.0,2.0,2.0,0.022093,2.5,0.4857
2014,13,2014_13_MIA_NYJ,NYJ,MIA,13,16,outdoors,fieldturf,42.0,6.0,326.0,1.0,1.0,-0.096102,1.5625,0.4667,291.0,1.0,1.0,-0.027315,1.8182,0.6757
2014,14,2014_14_DAL_CHI,CHI,DAL,28,41,outdoors,grass,35.0,5.0,378.0,2.0,4.0,0.088375,6.4516,0.6957,397.0,0.0,5.0,0.307885,8.0645,0.7778
2014,14,2014_14_PIT_CIN,CIN,PIT,21,42,outdoors,fieldturf,39.0,8.0,408.0,2.0,3.0,-0.045028,5.0847,0.6579,545.0,0.0,5.0,0.231029,7.0423,0.625
2014,14,2014_14_IND_CLE,CLE,IND,24,25,outdoors,grass,37.0,10.0,248.0,2.0,1.0,-0.207802,1.5873,0.4194,362.0,4.0,5.0,-0.151908,6.4103,0.4138
2014,14,2014_14_TB_DET,DET,TB,34,17,dome,fieldturf,,,407.0,0.0,4.0,0.067085,5.7971,0.6842,233.0,4.0,2.0,-0.140622,3.3898,0.4444
2014,14,2014_14_HOU_JAX,JAX,HOU,13,27,outdoors,grass,61.0,15.0,262.0,1.0,1.0,-0.109061,1.5152,0.4545,304.0,0.0,3.0,0.09729,4.7619,0.65
2014,14,2014_14_BAL_MIA,MIA,BAL,13,28,outdoors,grass,76.0,10.0,249.0,0.0,1.0,-0.033202,1.8182,0.5897,447.0,1.0,4.0,0.188788,6.1538,0.7353
2014,14,2014_14_NYJ_MIN,MIN,NYJ,30,24,outdoors,fieldturf,32.0,17.0,411.0,2.0,3.0,0.077269,5.1724,0.6333,410.0,2.0,2.0,0.014879,2.7027,0.5625
2014,14,2014_14_CAR_NO,NO,CAR,10,41,dome,sportturf,,,310.0,2.0,1.0,-0.241368,1.4706,0.5686,497.0,0.0,5.0,0.196862,6.8493,0.6364
2014,14,2014_14_NYG_TEN,TEN,NYG,7,36,outdoors,grass,45.0,6.0,207.0,3.0,1.0,-0.428519,1.7544,0.5349,402.0,1.0,3.0,0.025156,4.1096,0.6047
2014,14,2014_14_STL_WAS,WAS,STL,0,24,outdoors,grass,45.0,8.0,206.0,2.0,1.0,-0.384829,1.8182,0.5349,,,,,,
2014,14,2014_14_KC_ARI,ARI,KC,17,14,closed,grass,,,368.0,0.0,1.0,-0.004523,1.5152,0.4545,390.0,2.0,2.0,-0.04327,3.2787,0.5909
2014,14,2014_14_BUF_DEN,DEN,BUF,24,17,outdoors,grass,63.0,3.0,306.0,3.0,3.0,0.002683,6.1224,0.7,415.0,3.0,2.0,-0.05607,2.5974,0.623
2014,14,2014_14_SF_OAK,OAK,SF,24,13,outdoors,grass,63.0,0.0,,,,,,,248.0,2.0,1.0,-0.090993,1.7857,0.4737
2014,14,2014_14_SEA_PHI,PHI,SEA,14,24,outdoors,grass,45.0,15.0,139.0,2.0,2.0,-0.248109,4.4444,0.4348,440.0,2.0,3.0,-0.021137,3.5294,0.5641
2014,14,2014_14_NE_SD,SD,NE,14,23,outdoors,grass,67.0,7.0,,,,,,,397.0,2.0,3.0,-0.037515,4.1096,0.6222
2014,14,2014_14_ATL_GB,GB,ATL,43,37,outdoors,grass,33.0,0.0,502.0,0.0,5.0,0.30436,7.4627,0.6486,465.0,1.0,5.0,0.266867,7.6923,0.6
2014,15,2014_15_ARI_STL,STL,ARI,6,12,dome,astroplay,,,,,,,,,274.0,0.0,0.0,-0.137815,0.0,0.5161
2014,15,2014_15_PIT_ATL,ATL,PIT,20,27,dome,fieldturf,,,407.0,1.0,3.0,0.001651,5.2632,0.7027,398.0,0.0,2.0,0.146213,3.4483,0.75
2014,15,2014_15_JAX_BAL,BAL,JAX,20,12,outdoors,sportturf,47.0,3.0,314.0,1.0,1.0,-0.1492,1.7857,0.6667,248.0,1.0,1.0,-0.199338,1.4493,0.4783
2014,15,2014_15_GB_BUF,BUF,GB,21,13,outdoors,a_turf,38.0,10.0,253.0,1.0,0.0,-0.109618,0.0,0.4667,333.0,2.0,2.0,-0.181414,2.9851,0.3953
2014,15,2014_15_TB_CAR,CAR,TB,19,17,outdoors,grass,60.0,0.0,392.0,1.0,1.0,-0.03381,1.3333,0.5814,287.0,3.0,2.0,-0.069666,3.7037,0.4194
2014,15,2014_15_CIN_CLE,CLE,CIN,0,30,outdoors,grass,43.0,7.0,107.0,2.0,0.0,-0.392267,0.0,0.4762,347.0,1.0,3.0,0.142454,4.2254,0.5385
2014,15,2014_15_HOU_IND,IND,HOU,17,10,closed,fieldturf,,,278.0,2.0,3.0,-0.163157,4.6875,0.5,289.0,2.0,0.0,-0.225778,0.0,0.5
2014,15,2014_15_OAK_KC,KC,OAK,31,13,outdoors,grass,58.0,16.0,388.0,1.0,3.0,-0.147321,5.0847,0.5625,,,,,,
2014,15,2014_15_MIA_NE,NE,MIA,41,13,outdoors,fieldturf,43.0,9.0,395.0,1.0,4.0,0.126974,6.25,0.6,384.0,2.0,2.0,-0.18817,2.7027,0.5686
2014,15,2014_15_WAS_NYG,NYG,WAS,24,13,outdoors,fieldturf,43.0,9.0,287.0,0.0,3.0,0.064876,5.2632,0.6571,372.0,2.0,1.0,-0.046099,1.4706,0.5366
2014,15,2014_15_DEN_SD,SD,DEN,10,22,outdoors,grass,64.0,6.0,,,,,,,337.0,0.0,1.0,0.044035,1.6393,0.6087
2014,15,2014_15_NYJ_TEN,TEN,NYJ,11,16,outdoors,grass,54.0,6.0,342.0,1.0,0.0,-0.128768,0.0,0.4444,277.0,0.0,2.0,-0.027261,3.2787,0.5
2014,15,2014_15_MIN_DET,DET,MIN,16,14,dome,fieldturf,,,233.0,0.0,1.0,-0.17257,2.0,0.6071,360.0,2.0,2.0,-0.144694,3.0303,0.6889
2014,15,2014_15_SF_SEA,SEA,SF,17,7,outdoors,fieldturf,46.0,4.0,290.0,1.0,2.0,0.039547,3.2787,0.4138,245.0,0.0,1.0,-0.099658,1.7544,0.44
2014,15,2014_15_DAL_PHI,PHI,DAL,27,38,outdoors,grass,41.0,9.0,294.0,3.0,3.0,-0.057557,5.6604,0.5312,364.0,1.0,5.0,0.103584,6.5789,0.6471
2014,15,2014_15_NO_CHI,CHI,NO,15,31,outdoors,grass,44.0,5.0,280.0,3.0,2.0,-0.162501,3.3898,0.4359,443.0,1.0,4.0,0.082352,6.25,0.7632
2014,16,2014_16_TEN_JAX,JAX,TEN,21,13,outdoors,grass,58.0,2.0,288.0,0.0,3.0,0.052596,5.3571,0.4516,357.0,0.0,1.0,-0.021861,1.4925,0.6154
2014,16,2014_16_PHI_WAS,WAS,PHI,27,24,outdoors,grass,37.0,0.0,305.0,2.0,3.0,0.066534,5.5556,0.64,495.0,2.0,3.0,0.04331,3.5714,0.6981
2014,16,2014_16_SD_SF,SF,SD,35,38,outdoors,grass,61.0,5.0,447.0,3.0,5.0,-0.002194,7.5758,0.5769,,,,,,
2014,16,2014_16_CLE_CAR,CAR,CLE,17,13,outdoors,grass,48.0,3.0,404.0,1.0,2.0,-0.007607,2.5974,0.5625,228.0,2.0,1.0,-0.050625,2.1739,0.4167
2014,16,2014_16_DET_CHI,CHI,DET,14,20,outdoors,grass,36.0,13.0,234.0,2.0,2.0,-0.020807,3.1746,0.561,367.0,2.0,2.0,0.101545,2.8986,0.5116
2014,16,2014_16_BAL_HOU,HOU,BAL,25,13,closed,grass,,,313.0,1.0,1.0,-0.160168,1.2346,0.4884,211.0,3.0,2.0,-0.339275,2.8986,0.3962
2014,16,2014_16_MIN_MIA,MIA,MIN,37,35,outdoors,grass,80.0,9.0,493.0,2.0,5.0,0.125371,6.4935,0.7292,359.0,1.0,4.0,0.169859,6.7797,0.6333
2014,16,2014_16_ATL_NO,NO,ATL,14,30,dome,sportturf,,,328.0,4.0,3.0,-0.149991,4.2857,0.5769,403.0,0.0,2.0,0.098622,3.2258,0.75
2014,16,2014_16_NE_NYJ,NYJ,NE,16,17,outdoors,fieldturf,34.0,9.0,307.0,1.0,1.0,-0.128109,1.6393,0.5862,231.0,1.0,2.0,-0.096422,3.1746,0.5897
2014,16,2014_16_KC_PIT,PIT,KC,20,12,outdoors,grass,36.0,1.0,282.0,0.0,2.0,0.157689,3.8462,0.6923,327.0,1.0,0.0,0.053296,0.0,0.6154
2014,16,2014_16_GB_TB,TB,GB,3,20,outdoors,grass,75.0,7.0,109.0,1.0,0.0,-0.332151,0.0,0.3636,431.0,1.0,2.0,-0.000425,2.7778,0.7561
2014,16,2014_16_NYG_STL,STL,NYG,27,37,dome,astroplay,,,,,,,,,514.0,0.0,4.0,0.161692,5.9701,0.7576
2014,16,2014_16_IND_DAL,DAL,IND,42,7,closed,matrixturf,,,377.0,1.0,6.0,0.188648,9.6774,0.8636,229.0,3.0,1.0,-0.310342,1.7857,0.6522
2014,16,2014_16_BUF_OAK,OAK,BUF,26,24,outdoors,grass,64.0,10.0,,,,,,,321.0,2.0,3.0,-0.07566,4.6875,0.6275
2014,16,2014_16_SEA_ARI,ARI,SEA,6,35,closed,grass,,,216.0,1.0,0.0,-0.251385,0.0,0.3673,596.0,0.0,5.0,0.124997,7.4627,0.6364
2014,16,2014_16_DEN_CIN,CIN,DEN,37,28,outdoors,fieldturf,47.0,8.0,353.0,2.0,4.0,-0.038466,6.4516,0.68,385.0,4.0,4.0,-0.130808,6.1538,0.6087
2014,17,2014_17_CLE_BAL,BAL,CLE,20,10,outdoors,sportturf,54.0,5.0,419.0,0.0,2.0,0.01658,3.0769,0.5946,259.0,2.0,1.0,-0.11028,1.6393,0.4375
2014,17,2014_17_JAX_HOU,HOU,JAX,23,17,closed,grass,,,358.0,2.0,4.0,-0.072131,5.1948,0.6579,233.0,0.0,1.0,-0.146073,1.8868,0.3846
2014,17,2014_17_SD_KC,KC,SD,19,7,outdoors,grass,31.0,7.0,251.0,0.0,1.0,-0.084584,1.7544,0.5161,,,,,,
2014,17,2014_17_NYJ_MIA,MIA,NYJ,24,37,outdoors,grass,80.0,12.0,387.0,1.0,3.0,-0.02174,4.5455,0.5,494.0,1.0,4.0,0.195447,6.4516,0.75
2014,17,2014_17_CHI_MIN,MIN,CHI,13,9,outdoors,fieldturf,15.0,0.0,311.0,1.0,1.0,-0.09171,1.6393,0.6071,264.0,0.0,0.0,-0.110476,0.0,0.6053
2014,17,2014_17_BUF_NE,NE,BUF,9,17,outdoors,fieldturf,49.0,9.0,260.0,0.0,0.0,-0.127228,0.0,0.4865,268.0,1.0,2.0,0.007525,3.4483,0.64
2014,17,2014_17_PHI_NYG,NYG,PHI,26,34,outdoors,fieldturf,48.0,8.0,505.0,1.0,3.0,-0.050031,3.8462,0.5283,426.0,1.0,3.0,0.051394,4.1667,0.575
2014,17,2014_17_NO_TB,TB,NO,20,23,outdoors,grass,79.0,6.0,280.0,1.0,2.0,-0.006583,3.0769,0.5385,338.0,3.0,3.0,0.044072,4.7619,0.6
2014,17,2014_17_IND_TEN,TEN,IND,10,27,outdoors,grass,40.0,6.0,192.0,1.0,1.0,-0.263021,1.6949,0.3714,378.0,0.0,3.0,0.012479,4.5455,0.6389
2014,17,2014_17_DAL_WAS,WAS,DAL,17,44,outdoors,grass,58.0,0.0,413.0,4.0,3.0,-0.196469,4.4118,0.6136,473.0,1.0,4.0,0.197463,6.5574,0.6471
2014,17,2014_17_CAR_ATL,ATL,CAR,3,34,dome,fieldturf,,,288.0,3.0,2.0,-0.367367,2.8986,0.5472,306.0,0.0,2.0,0.082793,3.8462,0.5882
2014,17,2014_17_OAK_DEN,DEN,OAK,47,14,outdoors,grass,40.0,7.0,451.0,1.0,5.0,0.140186,6.7568,0.575,,,,,,
2014,17,2014_17_DET_GB,GB,DET,30,20,outdoors,grass,27.0,5.0,377.0,2.0,3.0,0.00519,4.8387,0.75,313.0,1.0,4.0,-0.097975,5.9701,0.4651
2014,17,2014_17_STL_SEA,SEA,STL,20,6,outdoors,fieldturf,43.0,5.0,354.0,2.0,1.0,-0.153862,1.6129,0.6071,,,,,,
2014,17,2014_17_ARI_SF,SF,ARI,20,17,outdoors,grass,51.0,3.0,395.0,0.0,2.0,0.121793,3.3333,0.5556,397.0,3.0,2.0,0.091224,2.9851,0.5476
2014,17,2014_17_CIN_PIT,PIT,CIN,27,17,outdoors,grass,37.0,5.0,346.0,3.0,2.0,-0.08752,3.5088,0.6154,337.0,3.0,3.0,-0.178375,4.2857,0.6585
2014,18,2014_18_ARI_CAR,CAR,ARI,27,16,outdoors,grass,51.0,6.0,386.0,2.0,3.0,-0.173733,4.0541,0.5455,78.0,4.0,2.0,-0.404372,4.2553,0.5
2014,18,2014_18_BAL_PIT,PIT,BAL,17,30,outdoors,grass,48.0,10.0,387.0,3.0,1.0,-0.069047,1.3699,0.6111,299.0,1.0,3.0,0.176298,5.4545,0.6
2014,18,2014_18_CIN_IND,IND,CIN,26,10,closed,fieldturf,,,482.0,1.0,2.0,0.072514,2.8571,0.6889,254.0,1.0,1.0,-0.143685,1.6949,0.4737
2014,18,2014_18_DET_DAL,DAL,DET,24,20,closed,matrixturf,,,315.0,0.0,3.0,0.065108,5.1724,0.5135,397.0,3.0,2.0,0.026443,2.9851,0.6222
2014,19,2014_19_BAL_NE,NE,BAL,35,31,outdoors,fieldturf,20.0,12.0,422.0,1.0,5.0,0.191849,7.5758,0.6415,428.0,2.0,4.0,0.158001,5.4795,0.6222
2014,19,2014_19_CAR_SEA,SEA,CAR,31,17,outdoors,fieldturf,48.0,0.0,348.0,0.0,3.0,0.133862,5.7692,0.625,362.0,3.0,3.0,-0.054781,4.4118,0.6053
2014,19,2014_19_DAL_GB,GB,DAL,26,21,outdoors,grass,24.0,0.0,416.0,1.0,3.0,0.135009,4.4776,0.6316,315.0,1.0,3.0,0.107101,5.8824,0.6522
2014,19,2014_19_IND_DEN,DEN,IND,13,24,outdoors,grass,40.0,7.0,288.0,1.0,1.0,-0.142666,1.4706,0.5417,364.0,2.0,3.0,0.02455,4.2254,0.6279
2014,20,2014_20_GB_SEA,SEA,GB,28,22,outdoors,fieldturf,52.0,15.0,399.0,5.0,4.0,-0.126249,5.6338,0.4167,306.0,2.0,1.0,-0.145698,1.5385,0.5429
2014,20,2014_20_IND_NE,NE,IND,45,7,outdoors,fieldturf,51.0,15.0,397.0,2.0,6.0,0.2217,7.8947,0.6389,209.0,2.0,1.0,-0.256094,1.9231,0.3636
2014,21,2014_21_NE_SEA,SEA,NE,24,28,closed,grass,,,396.0,1.0,3.0,0.104683,5.6604,0.5,377.0,2.0,4.0,0.137347,5.5556,0.7255
2015,1,2015_01_PIT_NE,NE,PIT,28,21,outdoors,fieldturf,65.0,7.0,361.0,0.0,4.0,0.219979,6.8966,0.7353,466.0,1.0,2.0,0.114477,2.9851,0.619
2015,1,2015_01_IND_BUF,BUF,IND,27,14,outdoors,a_turf,56.0,15.0,342.0,1.0,3.0,0.118982,5.4545,0.7368,306.0,2.0,2.0,-0.039586,2.8571,0.4906
2015,1,2015_01_GB_CHI,CHI,GB,23,31,outdoors,grass,72.0,11.0,402.0,1.0,2.0,0.126161,2.8169,0.4737,322.0,0.0,4.0,0.307903,7.5472,0.7826
2015,1,2015_01_KC_HOU,HOU,KC,20,27,closed,grass,,,398.0,2.0,2.0,-0.165757,2.7027,0.4906,330.0,0.0,3.0,-0.049293,4.4776,0.6286
2015,1,2015_01_CAR_JAX,JAX,CAR,9,20,outdoors,grass,77.0,7.0,265.0,3.0,2.0,-0.320469,3.0303,0.4889,263.0,1.0,1.0,-0.146873,1.4706,0.5455
2015,1,2015_01_CLE_NYJ,NYJ,CLE,31,10,outdoors,fieldturf,77.0,8.0,333.0,2.0,4.0,0.059811,6.6667,0.625,321.0,4.0,1.0,-0.194484,1.5873,0.5143
2015,1,2015_01_SEA_STL,STL,SEA,34,31,dome,astroplay,,,,,,,,,345.0,1.0,2.0,-0.090417,2.5,0.6809
2015,1,2015_01_MIA_WAS,WAS,MIA,10,17,outdoors,grass,69.0,10.0,349.0,2.0,2.0,-0.173369,2.8986,0.6562,256.0,1.0,1.0,-0.091389,1.8182,0.5946
2015,1,2015_01_NO_ARI,ARI,NO,31,19,closed,grass,,,427.0,1.0,4.0,0.144519,7.0175,0.5938,408.0,1.0,1.0,0.012392,1.4286,0.6
2015,1,2015_01_DET_SD,SD,DET,33,28,outdoors,grass,84.0,10.0,,,,,,,302.0,2.0,3.0,0.00564,6.383,0.6129
2015,1,2015_01_BAL_DEN,DEN,BAL,19,13,outdoors,grass,88.0,13.0,219.0,1.0,1.0,-0.104663,1.4493,0.5455,173.0,2.0,1.0,-0.188214,1.7544,0.5294
2015,1,2015_01_CIN_OAK,OAK,CIN,13,33,outdoors,grass,73.0,9.0,,,,,,,396.0,0.0,4.0,0.137171,6.1538,0.7353
2015,1,2015_01_TEN_TB,TB,TEN,14,42,outdoors,grass,84.0,8.0,273.0,2.0,3.0,-0.213132,4.7619,0.4324,309.0,1.0,5.0,0.187739,10.2041,0.7647
2015,1,2015_01_NYG_DAL,DAL,NYG,27,26,closed,matrixturf,,,436.0,3.0,4.0,0.014711,5.8824,0.8,285.0,0.0,1.0,0.046655,1.6393,0.5405
2015,1,2015_01_PHI_ATL,ATL,PHI,26,24,dome,fieldturf,,,395.0,2.0,2.0,-0.066922,2.8571,0.6571,399.0,2.0,3.0,-0.067711,4.4118,0.6923
2015,1,2015_01_MIN_SF,SF,MIN,20,3,outdoors,grass,70.0,5.0,395.0,0.0,2.0,0.013216,3.0303,0.6296,248.0,2.0,0.0,-0.241454,0.0,0.6216
2015,2,2015_02_DEN_KC,KC,DEN,24,31,outdoors,grass,87.0,13.0,314.0,4.0,3.0,-0.111948,5.1724,0.5333,299.0,2.0,4.0,-0.013721,5.7143,0.5417
2015,2,2015_02_NE_BUF,BUF,NE,32,40,outdoors,a_turf,62.0,7.0,349.0,3.0,5.0,-0.036189,7.4627,0.5897,507.0,2.0,4.0,0.094865,5.2632,0.623
2015,2,2015_02_HOU_CAR,CAR,HOU,24,17,outdoors,grass,88.0,6.0,350.0,1.0,3.0,-0.024639,4.1667,0.4615,300.0,1.0,2.0,-0.07641,2.439,0.4576
2015,2,2015_02_ARI_CHI,CHI,ARI,23,48,outdoors,grass,70.0,6.0,335.0,3.0,3.0,-0.074909,4.8387,0.6471,300.0,1.0,6.0,0.313891,11.5385,0.7083
2015,2,2015_02_SD_CIN,CIN,SD,24,19,outdoors,fieldturf,69.0,6.0,389.0,3.0,3.0,0.016377,4.8387,0.6154,,,,,,
2015,2,2015_02_TEN_CLE,CLE,TEN,28,14,outdoors,grass,64.0,12.0,274.0,0.0,3.0,0.008707,6.383,0.4706,385.0,3.0,3.0,-0.142354,4.0541,0.4773
2015,2,2015_02_DET_MIN,MIN,DET,26,16,outdoors,fieldturf,67.0,0.0,350.0,1.0,3.0,0.047069,4.918,0.7368,323.0,3.0,2.0,-0.074524,2.8169,0.5926
2015,2,2015_02_TB_NO,NO,TB,19,26,dome,sportturf,,,323.0,3.0,3.0,-0.181609,4.2857,0.5581,333.0,2.0,2.0,-0.069329,3.3898,0.5833
2015,2,2015_02_ATL_NYG,NYG,ATL,20,24,outdoors,fieldturf,73.0,9.0,388.0,1.0,2.0,0.082653,3.0769,0.6429,402.0,0.0,3.0,0.153369,4.2857,0.625
2015,2,2015_02_SF_PIT,PIT,SF,43,18,outdoors,grass,66.0,10.0,457.0,0.0,6.0,0.412027,11.1111,0.7241,411.0,1.0,2.0,0.02361,2.4096,0.6346
2015,2,2015_02_STL_WAS,WAS,STL,24,10,outdoors,grass,72.0,9.0,373.0,1.0,3.0,0.023006,4.5455,0.7931,,,,,,
2015,2,2015_02_MIA_JAX,JAX,MIA,23,20,outdoors,grass,87.0,5.0,396.0,0.0,2.0,0.035857,3.0303,0.5455,386.0,0.0,2.0,0.014717,3.2258,0.6522
2015,2,2015_02_BAL_OAK,OAK,BAL,37,33,outdoors,grass,80.0,8.0,,,,,,,493.0,2.0,3.0,0.202731,4.2857,0.7111
2015,2,2015_02_DAL_PHI,PHI,DAL,10,20,outdoors,grass,77.0,15.0,226.0,3.0,2.0,-0.273561,3.6364,0.6053,359.0,2.0,1.0,-0.084929,1.4286,0.6757
2015,2,2015_02_SEA_GB,GB,SEA,27,17,outdoors,grass,62.0,9.0,363.0,1.0,2.0,0.084527,3.0769,0.6944,324.0,2.0,2.0,-0.021263,3.5088,0.5938
2015,2,2015_02_NYJ_IND,IND,NYJ,7,20,closed,fieldturf,,,343.0,5.0,1.0,-0.245441,1.6393,0.5676,344.0,1.0,2.0,-0.025739,3.2258,0.6286
2015,3,2015_03_WAS_NYG,NYG,WAS,32,21,outdoors,fieldturf,71.0,4.0,363.0,0.0,3.0,0.165915,4.7619,0.7188,395.0,3.0,2.0,0.05334,2.8169,0.5882
2015,3,2015_03_CIN_BAL,BAL,CIN,24,28,outdoors,sportturf,70.0,12.0,398.0,1.0,2.0,-0.071597,2.9851,0.6531,458.0,2.0,5.0,-0.003872,7.6923,0.5882
2015,3,2015_03_NO_CAR,CAR,NO,27,22,outdoors,grass,69.0,9.0,431.0,0.0,4.0,0.135784,6.4516,0.625,380.0,2.0,2.0,0.093471,3.0769,0.775
2015,3,2015_03_OAK_CLE,CLE,OAK,20,27,outdoors,grass,75.0,16.0,355.0,1.0,2.0,0.088023,2.9412,0.5185,,,,,,
2015,3,2015_03_ATL_DAL,DAL,ATL,28,39,closed,matrixturf,,,347.0,1.0,4.0,0.087826,8.1633,0.7857,440.0,0.0,5.0,0.232215,7.1429,0.6316
2015,3,2015_03_TB_HOU,HOU,TB,19,9,closed,fieldturf,,,413.0,1.0,2.0,-0.062144,2.3256,0.6,318.0,1.0,1.0,-0.21117,1.7857,0.4722
2015,3,2015_03_SD_MIN,MIN,SD,31,14,outdoors,fieldturf,75.0,12.0,284.0,1.0,3.0,0.074508,5.4545,0.5417,,,,,,
2015,3,2015_03_JAX_NE,NE,JAX,51,17,outdoors,fieldturf,68.0,6.0,471.0,0.0,6.0,0.367383,7.8947,0.75,293.0,1.0,2.0,0.005261,3.6364,0.4857
2015,3,2015_03_PHI_NYJ,NYJ,PHI,17,24,outdoors,fieldturf,66.0,7.0,323.0,4.0,3.0,-0.218124,4.0,0.5932,231.0,1.0,2.0,-0.119199,2.9851,0.4828
2015,3,2015_03_PIT_STL,STL,PIT,6,12,dome,astroplay,,,,,,,,,259.0,1.0,1.0,-0.065796,1.7241,0.6944
2015,3,2015_03_IND_TEN,TEN,IND,33,35,outdoors,grass,74.0,3.0,433.0,2.0,5.0,-0.029456,6.6667,0.5745,378.0,2.0,4.0,0.020514,7.1429,0.5455
2015,3,2015_03_SF_ARI,ARI,SF,47,7,closed,grass,,,446.0,1.0,4.0,0.135122,5.7143,0.6061,156.0,4.0,3.0,-0.433222,6.0,0.4286
2015,3,2015_03_BUF_MIA,MIA,BUF,14,41,outdoors,grass,87.0,6.0,393.0,3.0,3.0,-0.132125,4.1667,0.5,428.0,0.0,4.0,0.248539,6.3492,0.7241
2015,3,2015_03_CHI_SEA,SEA,CHI,26,0,outdoors,fieldturf,60.0,5.0,371.0,0.0,2.0,0.135034,3.1746,0.5882,146.0,0.0,0.0,-0.256508,0.0,0.4737
2015,3,2015_03_DEN_DET,DET,DEN,12,24,dome,fieldturf,,,290.0,3.0,2.0,-0.171515,2.8986,0.6327,354.0,2.0,3.0,-0.005366,4.8387,0.7209
2015,3,2015_03_KC_GB,GB,KC,38,28,outdoors,grass,67.0,5.0,448.0,0.0,5.0,0.169254,7.3529,0.6667,328.0,1.0,4.0,0.074551,5.9701,0.4898
2015,4,2015_04_BAL_PIT,PIT,BAL,20,23,outdoors,grass,63.0,8.0,263.0,0.0,2.0,-0.249537,3.1746,0.6333,356.0,2.0,2.0,-0.156929,2.5641,0.5385
2015,4,2015_04_NYJ_MIA,MIA,NYJ,14,27,outdoors,grass,59.0,5.0,226.0,2.0,2.0,-0.14187,3.4483,0.4043,425.0,1.0,3.0,0.022454,4.1667,0.5517
2015,4,2015_04_HOU_ATL,ATL,HOU,48,21,dome,fieldturf,,,378.0,0.0,5.0,0.083969,7.6923,0.6552,428.0,4.0,5.0,-0.201176,6.6667,0.5
2015,4,2015_04_NYG_BUF,BUF,NYG,10,24,outdoors,a_turf,60.0,8.0,313.0,2.0,1.0,-0.191048,1.4706,0.6364,305.0,1.0,3.0,-0.003026,4.6154,0.5556
2015,4,2015_04_OAK_CHI,CHI,OAK,22,20,outdoors,grass,55.0,12.0,371.0,3.0,2.0,-0.040854,2.6667,0.6087,,,,,,
2015,4,2015_04_KC_CIN,CIN,KC,36,21,outdoors,fieldturf,68.0,5.0,447.0,0.0,5.0,0.290004,9.8039,0.7083,461.0,1.0,0.0,0.104391,0.0,0.62
2015,4,2015_04_JAX_IND,IND,JAX,16,13,open,fieldturf,,,326.0,2.0,1.0,-0.076308,1.3514,0.6,431.0,0.0,1.0,-0.096881,1.2658,0.549
2015,4,2015_04_CAR_TB,TB,CAR,23,37,outdoors,grass,74.0,5.0,411.0,5.0,4.0,-0.186153,5.3333,0.5778,244.0,1.0,3.0,0.022281,5.2632,0.4583
2015,4,2015_04_PHI_WAS,WAS,PHI,23,20,outdoors,grass,58.0,13.0,417.0,1.0,2.0,-0.000649,2.5316,0.6596,320.0,2.0,3.0,-0.014867,5.8824,0.4545
2015,4,2015_04_CLE_SD,SD,CLE,30,27,outdoors,grass,68.0,11.0,,,,,,,434.0,1.0,2.0,0.142203,2.9851,0.6957
2015,4,2015_04_STL_ARI,ARI,STL,22,24,closed,grass,,,447.0,3.0,1.0,-0.031705,1.4085,0.58,,,,,,
2015,4,2015_04_MIN_DEN,DEN,MIN,23,20,outdoors,grass,61.0,9.0,344.0,2.0,2.0,0.027129,3.7736,0.5862,325.0,1.0,2.0,-0.002307,2.8986,0.5625
2015,4,2015_04_GB_SF,SF,GB,3,17,outdoors,grass,74.0,5.0,196.0,1.0,0.0,-0.237676,0.0,0.4194,362.0,0.0,2.0,0.021984,2.9412,0.6286
2015,4,2015_04_DAL_NO,NO,DAL,26,20,dome,sportturf,,,438.0,0.0,3.0,0.112809,4.3478,0.75,335.0,0.0,2.0,0.093995,3.5088,0.5517
2015,4,2015_04_DET_SEA,SEA,DET,13,10,outdoors,fieldturf,74.0,8.0,345.0,2.0,2.0,-0.092189,3.1746,0.625,256.0,2.0,0.0,-0.126769,0.0,0.6857
2015,5,2015_05_IND_HOU,HOU,IND,20,27,closed,fieldturf,,,444.0,2.0,2.0,0.050394,2.8571,0.7381,323.0,0.0,3.0,0.201642,5.0847,0.6207
2015,5,2015_05_WAS_ATL,ATL,WAS,25,19,dome,fieldturf,,,418.0,3.0,2.0,-0.070757,2.5641,0.5217,270.0,2.0,3.0,-0.163186,5.1724,0.6176
2015,5,2015_05_CLE_BAL,BAL,CLE,30,33,outdoors,sportturf,65.0,2.0,377.0,0.0,4.0,0.11369,5.8824,0.5135,507.0,0.0,3.0,0.155988,3.6585,0.6316
2015,5,2015_05_SEA_CIN,CIN,SEA,27,24,outdoors,fieldturf,66.0,3.0,419.0,2.0,4.0,0.002847,5.0633,0.625,397.0,1.0,2.0,-0.015992,3.5088,0.5556
2015,5,2015_05_STL_GB,GB,STL,24,10,outdoors,grass,67.0,14.0,322.0,3.0,2.0,-0.210649,3.3898,0.5938,,,,,,
2015,5,2015_05_CHI_KC,KC,CHI,17,18,outdoors,grass,72.0,10.0,287.0,0.0,1.0,-0.073994,1.7241,0.4848,328.0,1.0,3.0,-0.023722,4.0,0.5306
2015,5,2015_05_NO_PHI,PHI,NO,39,17,outdoors,grass,67.0,6.0,519.0,2.0,4.0,0.100569,5.0633,0.7111,388.0,4.0,2.0,-0.14415,2.8986,0.5417
2015,5,2015_05_JAX_TB,TB,JAX,38,31,outdoors,grass,84.0,9.0,371.0,0.0,3.0,0.127413,4.8387,0.5909,325.0,2.0,5.0,0.051154,8.9286,0.5897
2015,5,2015_05_BUF_TEN,TEN,BUF,13,14,outdoors,grass,67.0,5.0,276.0,2.0,1.0,-0.027222,1.6129,0.6176,209.0,0.0,2.0,-0.010189,4.0,0.5
2015,5,2015_05_ARI_DET,DET,ARI,17,42,dome,fieldturf,,,435.0,6.0,2.0,-0.176362,2.2472,0.5775,345.0,0.0,6.0,0.169879,13.3333,0.6
2015,5,2015_05_NE_DAL,DAL,NE,6,30,closed,matrixturf,,,265.0,2.0,0.0,-0.224925,0.0,0.619,356.0,0.0,3.0,0.117143,5.4545,0.625
2015,5,2015_05_DEN_OAK,OAK,DEN,10,16,outdoors,grass,72.0,10.0,,,,,,,297.0,3.0,0.0,-0.120799,0.0,0.5946
2015,5,2015_05_SF_NYG,NYG,SF,30,27,outdoors,fieldturf,61.0,4.0,525.0,1.0,3.0,0.200519,4.0,0.7593,380.0,0.0,3.0,0.221093,4.6875,0.6216
2015,5,2015_05_PIT_SD,SD,PIT,20,24,outdoors,grass,93.0,10.0,,,,,,,349.0,1.0,2.0,0.036566,3.5714,0.4483
2015,6,2015_06_ATL_NO,NO,ATL,31,21,dome,sportturf,,,385.0,0.0,3.0,0.005807,4.1667,0.75,413.0,3.0,4.0,-0.095701,5.7143,0.6122
2015,6,2015_06_CIN_BUF,BUF,CIN,21,34,outdoors,a_turf,40.0,4.0,368.0,1.0,3.0,-0.002933,4.4776,0.6364,355.0,0.0,4.0,0.224599,6.5574,0.6667
2015,6,2015_06_DEN_CLE,CLE,DEN,23,26,outdoors,grass,47.0,20.0,298.0,3.0,3.0,-0.23891,3.8961,0.4545,442.0,3.0,2.0,-0.179191,2.4691,0.5417
2015,6,2015_06_CHI_DET,DET,CHI,37,34,dome,fieldturf,,,546.0,1.0,4.0,0.132262,5.2632,0.6136,446.0,3.0,3.0,0.158418,4.0541,0.6047
2015,6,2015_06_HOU_JAX,JAX,HOU,20,31,outdoors,grass,73.0,18.0,394.0,3.0,4.0,-0.023903,5.1948,0.5357,382.0,0.0,3.0,0.148651,4.4118,0.6486
2015,6,2015_06_KC_MIN,MIN,KC,16,10,outdoors,fieldturf,54.0,10.0,321.0,2.0,1.0,-0.0427,1.4706,0.5152,328.0,1.0,1.0,-0.118692,1.7544,0.5641
2015,6,2015_06_WAS_NYJ,NYJ,WAS,34,20,outdoors,fieldturf,49.0,16.0,474.0,3.0,5.0,-0.007103,7.4627,0.7308,225.0,2.0,1.0,-0.170641,1.6129,0.5556
2015,6,2015_06_ARI_PIT,PIT,ARI,25,13,outdoors,grass,45.0,12.0,310.0,0.0,2.0,0.058868,3.7037,0.5,469.0,3.0,1.0,-0.093488,1.5152,0.6304
2015,6,2015_06_MIA_TEN,TEN,MIA,10,38,outdoors,grass,56.0,8.0,299.0,4.0,2.0,-0.25588,3.0769,0.5532,434.0,2.0,4.0,0.149769,6.3492,0.7097
2015,6,2015_06_CAR_SEA,SEA,CAR,23,27,outdoors,fieldturf,61.0,5.0,334.0,0.0,2.0,-0.020207,3.3333,0.5294,383.0,2.0,4.0,0.041556,5.5556,0.5128
2015,6,2015_06_SD_GB,GB,SD,27,20,outdoors,grass,54.0,12.0,370.0,0.0,3.0,0.222366,6.1224,0.5,,,,,,
2015,6,2015_06_BAL_SF,SF,BAL,25,20,outdoors,grass,69.0,7.0,391.0,0.0,2.0,0.075954,3.5714,0.5161,420.0,2.0,2.0,0.013477,2.6667,0.6226
2015,6,2015_06_NE_IND,IND,NE,27,34,closed,fieldturf,,,409.0,0.0,3.0,0.008133,4.0,0.566,417.0,1.0,5.0,0.134821,7.8125,0.5897
2015,6,2015_06_NYG_PHI,PHI,NYG,27,7,outdoors,grass,44.0,6.0,428.0,4.0,2.0,-0.04702,2.6316,0.6154,247.0,3.0,2.0,-0.282164,3.125,0.5854
2015,7,2015_07_SEA_SF,SF,SEA,3,20,outdoors,grass,75.0,8.0,142.0,0.0,0.0,-0.212048,0.0,0.4333,388.0,2.0,2.0,0.091088,2.8571,0.6207
2015,7,2015_07_BUF_JAX,JAX,BUF,34,31,outdoors,grass,48.0,2.0,295.0,1.0,4.0,-0.069902,6.3492,0.4194,377.0,4.0,4.0,-0.101614,5.3333,0.5217
2015,7,2015_07_MIN_DET,DET,MIN,19,28,dome,fieldturf,,,274.0,0.0,2.0,-0.071486,4.0,0.5455,425.0,1.0,2.0,0.118103,2.7027,0.641
2015,7,2015_07_NO_IND,IND,NO,21,27,open,fieldturf,,,376.0,3.0,3.0,-0.127998,4.918,0.4792,449.0,1.0,4.0,-0.009943,4.8193,0.617
2015,7,2015_07_PIT_KC,KC,PIT,23,13,outdoors,grass,58.0,7.0,377.0,0.0,2.0,0.073153,3.1746,0.6176,339.0,3.0,1.0,-0.047189,1.8182,0.5161
2015,7,2015_07_HOU_MIA,MIA,HOU,44,26,outdoors,grass,84.0,13.0,503.0,1.0,5.0,0.168858,8.4746,0.7917,322.0,1.0,5.0,-0.028744,6.3291,0.4259
2015,7,2015_07_NYJ_NE,NE,NYJ,30,23,outdoors,fieldturf,58.0,9.0,353.0,0.0,3.0,0.157004,4.5455,0.5965,372.0,1.0,2.0,0.077266,2.8571,0.5366
2015,7,2015_07_CLE_STL,STL,CLE,24,6,dome,astroplay,,,,,,,,,364.0,4.0,1.0,-0.263779,1.5385,0.7317
2015,7,2015_07_ATL_TEN,TEN,ATL,7,10,outdoors,grass,59.0,8.0,256.0,2.0,1.0,-0.233675,1.9231,0.6111,378.0,2.0,1.0,-0.126507,1.4493,0.5789
2015,7,2015_07_TB_WAS,WAS,TB,31,30,outdoors,grass,64.0,5.0,355.0,1.0,5.0,0.085671,8.3333,0.8049,479.0,1.0,2.0,0.128637,3.3333,0.7
2015,7,2015_07_OAK_SD,SD,OAK,29,37,outdoors,grass,77.0,4.0,,,,,,,,,,,,
2015,7,2015_07_DAL_NYG,NYG,DAL,27,20,outdoors,fieldturf,71.0,14.0,289.0,1.0,2.0,0.13384,3.9216,0.5,460.0,3.0,3.0,0.046506,4.3478,0.6071
2015,7,2015_07_PHI_CAR,CAR,PHI,27,16,outdoors,grass,71.0,0.0,394.0,3.0,3.0,0.017491,5.1724,0.56,349.0,1.0,1.0,-0.081013,1.2346,0.5098
2015,7,2015_07_BAL_ARI,ARI,BAL,26,18,closed,grass,,,414.0,1.0,3.0,0.088209,5.0847,0.6452,278.0,1.0,2.0,-0.008787,3.3333,0.5909
2015,8,2015_08_MIA_NE,NE,MIA,36,7,outdoors,fieldturf,58.0,10.0,437.0,0.0,4.0,0.14907,6.0606,0.65,270.0,2.0,1.0,-0.191999,1.6129,0.5714
2015,8,2015_08_DET_KC,KC,DET,45,10,outdoors,grass,50.0,2.0,340.0,0.0,6.0,0.33609,9.5238,0.6452,276.0,2.0,1.0,-0.1341,1.7241,0.5227
2015,8,2015_08_TB_ATL,ATL,TB,20,23,dome,fieldturf,,,496.0,4.0,2.0,-0.029247,2.7397,0.8043,290.0,0.0,2.0,0.038231,3.1746,0.5161
2015,8,2015_08_SD_BAL,BAL,SD,29,26,outdoors,sportturf,63.0,10.0,365.0,0.0,2.0,0.207439,3.0769,0.625,,,,,,
2015,8,2015_08_MIN_CHI,CHI,MIN,20,23,outdoors,grass,62.0,11.0,305.0,0.0,3.0,-0.051997,5.0847,0.6471,327.0,1.0,1.0,0.017971,1.7857,0.5484
2015,8,2015_08_ARI_CLE,CLE,ARI,20,34,outdoors,grass,58.0,21.0,254.0,2.0,3.0,-0.109386,4.918,0.5122,491.0,4.0,4.0,0.094211,5.1948,0.5897
2015,8,2015_08_TEN_HOU,HOU,TEN,20,6,closed,fieldturf,,,270.0,0.0,2.0,-0.153352,3.2787,0.6053,211.0,3.0,0.0,-0.353739,0.0,0.5789
2015,8,2015_08_NYG_NO,NO,NYG,52,49,dome,sportturf,,,608.0,2.0,8.0,0.231809,10.5263,0.78,416.0,1.0,6.0,0.262808,9.2308,0.6818
2015,8,2015_08_CIN_PIT,PIT,CIN,10,16,outdoors,grass,62.0,11.0,356.0,3.0,1.0,-0.196404,1.4925,0.5833,296.0,2.0,1.0,-0.09969,1.5625,0.561
2015,8,2015_08_SF_STL,STL,SF,27,6,dome,astroplay,,,,,,,,,189.0,0.0,0.0,-0.277476,0.0,0.4545
2015,8,2015_08_NYJ_OAK,OAK,NYJ,34,20,outdoors,grass,68.0,8.0,,,,,,,366.0,1.0,2.0,0.065718,2.8169,0.62
2015,8,2015_08_SEA_DAL,DAL,SEA,12,13,closed,matrixturf,,,220.0,0.0,0.0,-0.06702,0.0,0.4815,323.0,1.0,1.0,-0.043894,1.6393,0.6333
2015,8,2015_08_GB_DEN,DEN,GB,29,10,outdoors,grass,61.0,9.0,500.0,1.0,3.0,0.199162,4.7619,0.7241,140.0,0.0,1.0,-0.024982,2.1739,0.56
2015,8,2015_08_IND_CAR,CAR,IND,29,26,outdoors,grass,60.0,7.0,379.0,3.0,3.0,-0.113733,4.1096,0.4324,359.0,4.0,2.0,-0.115975,2.381,0.4694
2015,9,2015_09_CLE_CIN,CIN,CLE,31,10,outdoors,fieldturf,71.0,4.0,371.0,0.0,4.0,0.182305,6.0606,0.7241,213.0,0.0,1.0,-0.107912,1.8868,0.4167
2015,9,2015_09_MIA_BUF,BUF,MIA,33,17,outdoors,a_turf,49.0,7.0,420.0,0.0,4.0,0.288996,7.8431,0.7333,397.0,1.0,2.0,0.067497,3.2258,0.7105
2015,9,2015_09_GB_CAR,CAR,GB,37,29,outdoors,grass,57.0,10.0,427.0,1.0,4.0,0.056113,6.0606,0.5,404.0,2.0,4.0,-0.019276,5.4795,0.463
2015,9,2015_09_STL_MIN,MIN,STL,21,18,outdoors,fieldturf,51.0,14.0,295.0,1.0,2.0,-0.04921,3.125,0.5357,,,,,,
2015,9,2015_09_WAS_NE,NE,WAS,27,10,outdoors,fieldturf,54.0,12.0,460.0,2.0,3.0,0.057647,3.9474,0.6667,250.0,2.0,1.0,-0.184672,1.7857,0.5366
2015,9,2015_09_TEN_NO,NO,TEN,28,34,dome,sportturf,,,416.0,1.0,4.0,0.10116,5.7143,0.6512,485.0,2.0,4.0,0.230929,5.8824,0.7
2015,9,2015_09_JAX_NYJ,NYJ,JAX,28,23,outdoors,fieldturf,56.0,10.0,290.0,1.0,4.0,0.018672,6.25,0.5833,436.0,3.0,2.0,-0.007175,3.0769,0.5217
2015,9,2015_09_OAK_PIT,PIT,OAK,38,35,outdoors,grass,54.0,5.0,599.0,1.0,4.0,0.082207,4.878,0.5385,,,,,,
2015,9,2015_09_ATL_SF,SF,ATL,17,16,outdoors,grass,58.0,0.0,318.0,2.0,2.0,0.003177,3.125,0.5769,302.0,0.0,1.0,0.006731,1.6393,0.6383
2015,9,2015_09_NYG_TB,TB,NYG,18,32,outdoors,grass,80.0,3.0,383.0,3.0,2.0,-0.178109,3.3333,0.5135,327.0,2.0,2.0,0.042038,2.7027,0.65
2015,9,2015_09_DEN_IND,IND,DEN,27,24,open,fieldturf,,,365.0,0.0,4.0,0.033956,5.1948,0.5676,309.0,2.0,2.0,0.011407,3.9216,0.5676
2015,9,2015_09_PHI_DAL,DAL,PHI,27,33,closed,matrixturf,,,411.0,1.0,4.0,0.095097,5.6338,0.5952,459.0,0.0,3.0,0.197675,4.1667,0.6757
2015,9,2015_09_CHI_SD,SD,CHI,19,22,outdoors,grass,63.0,9.0,,,,,,,448.0,2.0,4.0,-0.018102,5.6338,0.6585
2015,10,2015_10_BUF_NYJ,NYJ,BUF,17,22,outdoors,fieldturf,60.0,16.0,318.0,4.0,3.0,-0.273112,5.0847,0.4286,280.0,0.0,1.0,-0.158357,1.5625,0.5484
2015,10,2015_10_JAX_BAL,BAL,JAX,20,22,outdoors,sportturf,60.0,10.0,397.0,3.0,3.0,-0.064052,4.4118,0.7234,258.0,2.0,2.0,-0.00737,2.8169,0.449
2015,10,2015_10_DET_GB,GB,DET,16,18,outdoors,grass,55.0,7.0,372.0,0.0,2.0,-0.022243,2.4096,0.5385,287.0,1.0,2.0,0.017838,3.125,0.6316
2015,10,2015_10_MIA_PHI,PHI,MIA,19,20,outdoors,grass,59.0,13.0,436.0,1.0,2.0,-0.060189,2.2989,0.6346,289.0,0.0,2.0,-0.020608,3.0303,0.525
2015,10,2015_10_CLE_PIT,PIT,CLE,30,9,outdoors,grass,61.0,12.0,461.0,2.0,3.0,0.138698,5.0,0.641,342.0,3.0,1.0,-0.116984,1.5385,0.6471
2015,10,2015_10_CHI_STL,STL,CHI,13,37,dome,astroplay,,,,,,,,,397.0,1.0,4.0,0.062836,6.3492,0.7308
2015,10,2015_10_DAL_TB,TB,DAL,10,6,outdoors,grass,79.0,13.0,330.0,2.0,1.0,-0.049316,1.4925,0.5366,216.0,1.0,0.0,-0.095363,0.0,0.5938
2015,10,2015_10_CAR_TEN,TEN,CAR,10,27,outdoors,grass,57.0,2.0,242.0,2.0,1.0,-0.130904,2.1739,0.64,303.0,0.0,3.0,0.164047,4.6875,0.7
2015,10,2015_10_NO_WAS,WAS,NO,47,14,outdoors,grass,61.0,5.0,510.0,0.0,4.0,0.279649,6.7797,0.7143,350.0,2.0,3.0,-0.164175,5.4545,0.6333
2015,10,2015_10_MIN_OAK,OAK,MIN,14,30,outdoors,grass,62.0,31.0,,,,,,,385.0,0.0,3.0,0.200521,5.0847,0.5385
2015,10,2015_10_KC_DEN,DEN,KC,13,29,outdoors,grass,64.0,5.0,221.0,5.0,2.0,-0.217751,3.0303,0.3878,303.0,0.0,2.0,0.019075,3.0769,0.5152
2015,10,2015_10_NE_NYG,NYG,NE,26,27,outdoors,fieldturf,60.0,8.0,422.0,1.0,2.0,0.03628,2.8571,0.5106,406.0,2.0,3.0,0.074505,4.4118,0.5778
2015,10,2015_10_ARI_SEA,SEA,ARI,32,39,outdoors,fieldturf,49.0,0.0,343.0,1.0,3.0,-0.057154,5.5556,0.3889,451.0,3.0,5.0,0.046299,6.0241,0.58
2015,10,2015_10_HOU_CIN,CIN,HOU,6,10,outdoors,fieldturf,53.0,4.0,256.0,2.0,0.0,-0.142553,0.0,0.5238,256.0,1.0,1.0,-0.08318,1.6393,0.4722
2015,11,2015_11_TEN_JAX,JAX,TEN,19,13,outdoors,grass,75.0,5.0,308.0,2.0,1.0,-0.083474,1.7241,0.6,316.0,1.0,1.0,-0.123124,1.5385,0.5641
2015,11,2015_11_IND_ATL,ATL,IND,21,24,dome,fieldturf,,,375.0,4.0,4.0,-0.135104,5.6338,0.5319,276.0,3.0,2.0,-0.078778,3.2787,0.6765
2015,11,2015_11_STL_BAL,BAL,STL,16,13,outdoors,sportturf,47.0,14.0,388.0,3.0,1.0,-0.186828,1.3699,0.6,,,,,,
2015,11,2015_11_WAS_CAR,CAR,WAS,44,16,outdoors,grass,50.0,8.0,368.0,0.0,5.0,0.161219,6.6667,0.5833,186.0,5.0,2.0,-0.197619,4.2553,0.6286
2015,11,2015_11_DEN_CHI,CHI,DEN,15,17,outdoors,grass,29.0,9.0,347.0,2.0,1.0,-0.044662,1.6667,0.5294,389.0,0.0,2.0,-0.002059,2.9412,0.625
2015,11,2015_11_OAK_DET,DET,OAK,18,13,dome,fieldturf,,,375.0,0.0,1.0,-0.032905,1.4286,0.5641,,,,,,
2015,11,2015_11_NYJ_HOU,HOU,NYJ,24,17,closed,fieldturf,,,364.0,1.0,3.0,-0.053388,4.1096,0.4722,267.0,2.0,2.0,-0.123295,3.1746,0.4524
2015,11,2015_11_DAL_MIA,MIA,DAL,14,24,outdoors,grass,74.0,10.0,210.0,1.0,3.0,-0.169264,7.3171,0.4815,386.0,2.0,2.0,0.034599,2.9412,0.6
2015,11,2015_11_TB_PHI,PHI,TB,17,45,outdoors,grass,48.0,15.0,383.0,4.0,3.0,-0.068204,4.1667,0.5909,521.0,0.0,5.0,0.282047,6.9444,0.6333
2015,11,2015_11_KC_SD,SD,KC,3,33,outdoors,grass,87.0,4.0,,,,,,,385.0,1.0,3.0,0.22411,5.0847,0.7143
2015,11,2015_11_GB_MIN,MIN,GB,13,30,outdoors,fieldturf,30.0,8.0,342.0,1.0,2.0,-0.104165,3.2258,0.5682,322.0,0.0,2.0,0.152826,2.8169,0.4324
2015,11,2015_11_SF_SEA,SEA,SF,29,13,outdoors,fieldturf,46.0,6.0,508.0,0.0,4.0,0.141627,5.3333,0.7742,306.0,0.0,1.0,-0.029576,1.9231,0.6111
2015,11,2015_11_CIN_ARI,ARI,CIN,34,31,closed,grass,,,383.0,2.0,4.0,0.133718,6.8966,0.6061,377.0,1.0,4.0,0.100203,5.6338,0.5116
2015,11,2015_11_BUF_NE,NE,BUF,20,13,outdoors,fieldturf,29.0,8.0,356.0,2.0,2.0,-0.001044,3.2258,0.5,319.0,0.0,1.0,-0.058021,1.4706,0.5263
2015,12,2015_12_PHI_DET,DET,PHI,45,14,dome,fieldturf,,,430.0,0.0,6.0,0.22423,8.5714,0.675,227.0,1.0,2.0,-0.163068,3.4483,0.5758
2015,12,2015_12_CAR_DAL,DAL,CAR,14,33,closed,matrixturf,,,212.0,3.0,3.0,-0.265241,5.2632,0.5581,294.0,0.0,1.0,0.052173,1.5385,0.5714
2015,12,2015_12_CHI_GB,GB,CHI,13,17,outdoors,grass,39.0,19.0,365.0,2.0,1.0,-0.10091,1.3699,0.4889,290.0,0.0,2.0,-0.041596,3.1746,0.5938
2015,12,2015_12_MIN_ATL,ATL,MIN,10,20,dome,fieldturf,,,326.0,3.0,1.0,-0.074946,1.7544,0.6667,365.0,1.0,2.0,0.104969,2.9851,0.7143
2015,12,2015_12_STL_CIN,CIN,STL,31,7,outdoors,fieldturf,41.0,8.0,376.0,1.0,3.0,0.080804,5.0847,0.75,,,,,,
2015,12,2015_12_NO_HOU,HOU,NO,24,6,closed,fieldturf,,,362.0,1.0,3.0,-0.005832,4.5455,0.75,268.0,1.0,0.0,-0.253031,0.0,0.5435
2015,12,2015_12_TB_IND,IND,TB,25,12,closed,fieldturf,,,336.0,0.0,2.0,0.075939,2.8169,0.5778,344.0,1.0,1.0,-0.072375,1.6129,0.4878
2015,12,2015_12_SD_JAX,JAX,SD,25,31,outdoors,grass,75.0,8.0,420.0,1.0,2.0,-0.015564,2.8571,0.5882,,,,,,
2015,12,2015_12_BUF_KC,KC,BUF,30,22,outdoors,grass,35.0,7.0,413.0,0.0,3.0,0.15708,5.1724,0.6129,415.0,2.0,3.0,0.065531,4.4118,0.525
2015,12,2015_12_MIA_NYJ,NYJ,MIA,38,20,outdoors,fieldturf,45.0,5.0,411.0,0.0,5.0,0.062995,6.9444,0.5789,333.0,2.0,3.0,-0.139369,4.2857,0.541
2015,12,2015_12_OAK_TEN,TEN,OAK,21,24,outdoors,grass,56.0,4.0,251.0,2.0,3.0,-0.029162,5.1724,0.425,,,,,,
2015,12,2015_12_NYG_WAS,WAS,NYG,20,14,outdoors,grass,46.0,5.0,407.0,0.0,2.0,-0.042554,3.0303,0.6897,332.0,3.0,2.0,-0.119099,2.9851,0.4815
2015,12,2015_12_ARI_SF,SF,ARI,13,19,outdoors,grass,54.0,4.0,368.0,1.0,1.0,-0.014642,1.8182,0.6579,337.0,1.0,2.0,0.0907,2.8571,0.5854
2015,12,2015_12_PIT_SEA,SEA,PIT,39,30,outdoors,fieldturf,38.0,2.0,436.0,0.0,6.0,0.206663,9.8361,0.6364,540.0,4.0,3.0,0.107784,3.8961,0.5873
2015,12,2015_12_NE_DEN,DEN,NE,30,24,outdoors,grass,23.0,3.0,433.0,2.0,4.0,0.015993,5.1948,0.5111,301.0,0.0,3.0,-0.053614,4.918,0.5111
2015,12,2015_12_BAL_CLE,CLE,BAL,27,33,outdoors,grass,45.0,9.0,338.0,0.0,4.0,-0.107741,5.8824,0.56,336.0,2.0,3.0,0.003063,5.1724,0.5882
2015,13,2015_13_GB_DET,DET,GB,23,27,dome,fieldturf,,,306.0,1.0,2.0,-0.081178,3.1746,0.6053,310.0,1.0,4.0,-0.018465,6.25,0.6154
2015,13,2015_13_HOU_BUF,BUF,HOU,30,21,outdoors,a_turf,47.0,8.0,390.0,0.0,4.0,0.078999,6.8966,0.5,403.0,1.0,3.0,-0.019447,4.1667,0.5778
2015,13,2015_13_SF_CHI,CHI,SF,20,26,outdoors,grass,50.0,5.0,364.0,1.0,3.0,-0.112455,4.0541,0.5625,291.0,0.0,3.0,-0.031752,5.0847,0.5
2015,13,2015_13_CIN_CLE,CLE,CIN,3,37,outdoors,grass,45.0,12.0,273.0,2.0,0.0,-0.295118,0.0,0.6098,377.0,0.0,4.0,0.263131,7.1429,0.6957
2015,13,2015_13_BAL_MIA,MIA,BAL,15,13,outdoors,grass,80.0,21.0,221.0,1.0,1.0,-0.187308,2.1277,0.45,375.0,2.0,2.0,-0.138345,2.6667,0.6531
2015,13,2015_13_SEA_MIN,MIN,SEA,7,38,outdoors,fieldturf,37.0,3.0,125.0,1.0,1.0,-0.194012,2.0833,0.5312,433.0,1.0,5.0,0.289066,7.5758,0.7
2015,13,2015_13_NYJ_NYG,NYG,NYJ,20,23,outdoors,fieldturf,51.0,8.0,355.0,1.0,1.0,-0.038972,1.6393,0.4865,463.0,1.0,3.0,0.014589,3.8961,0.6792
2015,13,2015_13_ARI_STL,STL,ARI,3,27,dome,astroplay,,,,,,,,,524.0,0.0,3.0,0.117239,3.7975,0.6279
2015,13,2015_13_ATL_TB,TB,ATL,23,19,outdoors,grass,79.0,18.0,388.0,2.0,3.0,0.030392,4.5455,0.6207,319.0,1.0,1.0,0.011304,1.5152,0.625
2015,13,2015_13_JAX_TEN,TEN,JAX,42,39,outdoors,grass,56.0,1.0,467.0,2.0,5.0,0.102244,7.3529,0.6061,383.0,1.0,7.0,0.126038,11.6667,0.6154
2015,13,2015_13_KC_OAK,OAK,KC,20,34,outdoors,grass,57.0,3.0,,,,,,,234.0,2.0,4.0,-0.105513,8.0,0.5714
2015,13,2015_13_DEN_SD,SD,DEN,3,17,outdoors,grass,78.0,4.0,,,,,,,293.0,1.0,1.0,-0.12756,1.5152,0.5926
2015,13,2015_13_PHI_NE,NE,PHI,28,35,outdoors,fieldturf,52.0,5.0,427.0,2.0,7.0,-0.146978,8.1395,0.4918,248.0,1.0,2.0,-0.085571,3.4483,0.56
2015,13,2015_13_CAR_NO,NO,CAR,38,41,dome,sportturf,,,336.0,1.0,4.0,0.008767,6.7797,0.5455,497.0,3.0,7.0,0.0834,9.2105,0.6667
2015,13,2015_13_IND_PIT,PIT,IND,45,10,outdoors,grass,37.0,2.0,524.0,2.0,4.0,0.157531,5.5556,0.6,240.0,3.0,2.0,-0.28799,3.5088,0.5128
2015,13,2015_13_DAL_WAS,WAS,DAL,16,19,outdoors,grass,41.0,0.0,266.0,0.0,1.0,-0.092243,1.6667,0.6471,318.0,4.0,1.0,-0.025864,1.8519,0.5333
2015,14,2015_14_MIN_ARI,ARI,MIN,23,20,open,grass,,,393.0,0.0,2.0,0.140827,3.0303,0.6757,389.0,3.0,2.0,0.117327,3.1746,0.641
2015,14,2015_14_SEA_BAL,BAL,SEA,6,35,outdoors,sportturf,65.0,2.0,302.0,2.0,0.0,-0.169867,0.0,0.561,424.0,1.0,5.0,0.250741,7.2464,0.7273
2015,14,2015_14_ATL_CAR,CAR,ATL,38,0,outdoors,grass,63.0,6.0,424.0,0.0,5.0,0.217998,8.1967,0.6552,230.0,4.0,0.0,-0.286064,0.0,0.5435
2015,14,2015_14_WAS_CHI,CHI,WAS,21,24,outdoors,grass,62.0,12.0,377.0,1.0,3.0,0.02621,5.3571,0.5588,374.0,1.0,3.0,0.107788,4.4776,0.7059
2015,14,2015_14_PIT_CIN,CIN,PIT,20,33,outdoors,fieldturf,63.0,8.0,385.0,3.0,3.0,-0.049401,5.3571,0.625,354.0,1.0,2.0,0.157414,2.8986,0.7317
2015,14,2015_14_SF_CLE,CLE,SF,24,10,outdoors,grass,63.0,11.0,481.0,2.0,3.0,0.022222,4.0541,0.6364,221.0,0.0,1.0,-0.169897,1.8519,0.4865
2015,14,2015_14_IND_JAX,JAX,IND,51,16,outdoors,grass,79.0,5.0,380.0,2.0,6.0,0.028365,9.6774,0.4848,322.0,2.0,2.0,-0.357018,2.8986,0.4348
2015,14,2015_14_SD_KC,KC,SD,10,3,outdoors,grass,61.0,14.0,329.0,1.0,1.0,0.000448,2.0,0.6,,,,,,
2015,14,2015_14_TEN_NYJ,NYJ,TEN,30,8,outdoors,fieldturf,67.0,5.0,439.0,0.0,3.0,0.127551,4.2254,0.5676,294.0,1.0,1.0,-0.169824,1.6949,0.4783
2015,14,2015_14_BUF_PHI,PHI,BUF,23,20,outdoors,grass,66.0,3.0,348.0,2.0,2.0,0.018713,2.7397,0.5897,412.0,1.0,2.0,0.01697,2.8986,0.5135
2015,14,2015_14_DET_STL,STL,DET,21,14,dome,astroplay,,,,,,,,,331.0,1.0,3.0,-0.145014,4.2857,0.6
2015,14,2015_14_NO_TB,TB,NO,17,24,outdoors,grass,81.0,15.0,291.0,0.0,2.0,0.033197,3.8462,0.5455,388.0,0.0,3.0,0.122418,3.8462,0.7209
2015,14,2015_14_OAK_DEN,DEN,OAK,12,15,outdoors,grass,45.0,2.0,310.0,1.0,0.0,-0.220584,0.0,0.625,,,,,,
2015,14,2015_14_DAL_GB,GB,DAL,28,7,outdoors,grass,53.0,10.0,435.0,0.0,4.0,0.090506,4.9383,0.5946,270.0,1.0,1.0,-0.191447,1.9608,0.4194
2015,14,2015_14_NE_HOU,HOU,NE,6,27,closed,fieldturf,,,189.0,2.0,0.0,-0.321277,0.0,0.4,313.0,0.0,3.0,0.031103,4.6875,0.6667
2015,14,2015_14_NYG_MIA,MIA,NYG,24,31,outdoors,grass,77.0,6.0,363.0,1.0,3.0,0.006173,4.6875,0.5952,429.0,1.0,4.0,0.128424,6.4516,0.871
2015,15,2015_15_TB_STL,STL,TB,31,23,dome,astroplay,,,,,,,,,509.0,2.0,2.0,0.049746,2.5974,0.58
2015,15,2015_15_NYJ_DAL,DAL,NYJ,16,19,closed,matrixturf,,,309.0,4.0,1.0,-0.174552,1.7857,0.5143,372.0,1.0,2.0,-0.0861,2.9851,0.6341
2015,15,2015_15_KC_BAL,BAL,KC,14,34,outdoors,sportturf,41.0,5.0,366.0,3.0,4.0,-0.248852,5.9701,0.5532,277.0,0.0,2.0,0.052013,3.5714,0.75
2015,15,2015_15_HOU_IND,IND,HOU,10,16,closed,fieldturf,,,190.0,2.0,1.0,-0.246729,1.8519,0.5143,305.0,2.0,1.0,-0.101978,1.4706,0.5484
2015,15,2015_15_ATL_JAX,JAX,ATL,17,23,outdoors,grass,65.0,8.0,370.0,1.0,2.0,-0.084392,3.3333,0.575,328.0,1.0,2.0,0.029779,2.8986,0.6111
2015,15,2015_15_CHI_MIN,MIN,CHI,38,17,outdoors,fieldturf,36.0,3.0,350.0,0.0,5.0,0.221887,8.7719,0.8095,293.0,2.0,2.0,-0.047354,3.2258,0.619
2015,15,2015_15_TEN_NE,NE,TEN,33,16,outdoors,fieldturf,40.0,12.0,346.0,0.0,2.0,0.069884,3.1746,0.6216,282.0,4.0,3.0,-0.137439,5.0,0.5897
2015,15,2015_15_CAR_NYG,NYG,CAR,35,38,outdoors,fieldturf,41.0,8.0,406.0,2.0,5.0,0.024644,6.8493,0.6304,480.0,1.0,5.0,0.077581,6.4935,0.5208
2015,15,2015_15_BUF_WAS,WAS,BUF,35,25,outdoors,grass,43.0,3.0,431.0,0.0,5.0,0.285124,8.9286,0.7586,454.0,1.0,3.0,0.156177,4.6875,0.5
2015,15,2015_15_GB_OAK,OAK,GB,20,30,outdoors,grass,54.0,18.0,,,,,,,293.0,2.0,2.0,-0.028955,2.8986,0.5366
2015,15,2015_15_CLE_SEA,SEA,CLE,30,13,outdoors,fieldturf,47.0,10.0,423.0,0.0,3.0,0.264168,4.4118,0.6562,230.0,1.0,1.0,0.086439,1.9231,0.5429
2015,15,2015_15_DEN_PIT,PIT,DEN,34,27,outdoors,grass,41.0,8.0,377.0,2.0,4.0,-0.007826,5.3333,0.6897,385.0,2.0,4.0,-0.063063,5.6338,0.4565
2015,15,2015_15_MIA_SD,SD,MIA,30,14,outdoors,grass,61.0,11.0,,,,,,,231.0,0.0,2.0,-0.074754,3.5714,0.5405
2015,15,2015_15_CIN_SF,SF,CIN,14,24,outdoors,grass,52.0,14.0,318.0,4.0,2.0,-0.268467,2.8169,0.5556,242.0,1.0,3.0,-0.16385,4.918,0.6
2015,15,2015_15_ARI_PHI,PHI,ARI,17,40,outdoors,grass,37.0,4.0,424.0,4.0,3.0,-0.153499,4.7619,0.6512,493.0,0.0,4.0,0.172243,5.4054,0.5714
2015,15,2015_15_DET_NO,NO,DET,27,35,dome,sportturf,,,399.0,0.0,3.0,0.041047,4.2254,0.6415,396.0,1.0,5.0,0.213667,9.8039,0.7857
2015,16,2015_16_SD_OAK,OAK,SD,23,20,outdoors,grass,47.0,25.0,,,,,,,,,,,,
2015,16,2015_16_WAS_PHI,PHI,WAS,24,38,outdoors,grass,52.0,6.0,398.0,2.0,4.0,-0.056483,5.1948,0.6066,420.0,0.0,4.0,0.126645,5.3333,0.6327
2015,16,2015_16_CAR_ATL,ATL,CAR,20,13,dome,fieldturf,,,373.0,1.0,2.0,0.032991,3.2258,0.7188,268.0,1.0,1.0,-0.04189,1.9231,0.5312
2015,16,2015_16_PIT_BAL,BAL,PIT,20,17,outdoors,sportturf,64.0,9.0,386.0,0.0,2.0,0.027411,2.7397,0.6667,308.0,3.0,2.0,0.017773,3.5088,0.6486
2015,16,2015_16_DAL_BUF,BUF,DAL,16,6,outdoors,a_turf,39.0,11.0,408.0,2.0,2.0,-0.069464,3.2787,0.619,307.0,2.0,0.0,-0.198512,0.0,0.4194
2015,16,2015_16_SF_DET,DET,SF,32,17,dome,fieldturf,,,371.0,0.0,3.0,0.098662,4.4118,0.725,322.0,1.0,2.0,-0.0847,3.3898,0.6111
2015,16,2015_16_CLE_KC,KC,CLE,17,13,outdoors,grass,36.0,16.0,258.0,1.0,2.0,-0.083535,4.0,0.6522,368.0,1.0,1.0,-0.086465,1.4706,0.4062
2015,16,2015_16_IND_MIA,MIA,IND,12,18,outdoors,grass,82.0,15.0,361.0,1.0,1.0,-0.010021,1.4286,0.5778,268.0,0.0,2.0,0.088113,3.7037,0.5484
2015,16,2015_16_NE_NYJ,NYJ,NE,26,20,outdoors,fieldturf,57.0,11.0,428.0,1.0,4.0,0.061915,5.7971,0.619,284.0,1.0,1.0,0.03023,1.8182,0.6667
2015,16,2015_16_CHI_TB,TB,CHI,21,26,outdoors,grass,83.0,13.0,389.0,3.0,3.0,-0.083693,5.4545,0.5,327.0,0.0,2.0,0.032446,2.9851,0.7143
2015,16,2015_16_HOU_TEN,TEN,HOU,6,34,outdoors,grass,73.0,15.0,257.0,3.0,2.0,-0.297062,3.125,0.5094,330.0,2.0,3.0,0.101171,4.3478,0.5926
2015,16,2015_16_JAX_NO,NO,JAX,38,27,dome,sportturf,,,537.0,0.0,5.0,0.21514,6.9444,0.6757,414.0,2.0,4.0,0.151926,7.2727,0.675
2015,16,2015_16_GB_ARI,ARI,GB,38,8,closed,grass,,,381.0,2.0,3.0,0.017111,5.3571,0.6333,180.0,4.0,3.0,-0.34068,4.6154,0.4103
2015,16,2015_16_STL_SEA,SEA,STL,17,23,outdoors,fieldturf,37.0,0.0,312.0,3.0,3.0,-0.119249,4.4776,0.5556,,,,,,
2015,16,2015_16_NYG_MIN,MIN,NYG,49,17,outdoors,fieldturf,13.0,8.0,368.0,0.0,4.0,0.135339,5.8824,0.5357,363.0,3.0,3.0,-0.250421,5.1724,0.5263
2015,16,2015_16_CIN_DEN,DEN,CIN,20,17,outdoors,grass,16.0,6.0,390.0,1.0,2.0,0.025557,3.1746,0.6429,294.0,1.0,2.0,0.02193,2.8571,0.5946
2015,17,2015_17_NO_ATL,ATL,NO,17,20,dome,fieldturf,,,414.0,2.0,2.0,0.062045,3.1746,0.6486,390.0,1.0,2.0,0.144986,3.0769,0.7442
2015,17,2015_17_NYJ_BUF,BUF,NYJ,22,17,outdoors,a_turf,35.0,21.0,295.0,1.0,2.0,-0.048223,2.7397,0.6,300.0,3.0,2.0,-0.118484,3.6364,0.4211
2015,17,2015_17_DET_CHI,CHI,DET,20,24,outdoors,grass,31.0,15.0,342.0,3.0,2.0,0.061159,3.8462,0.6071,349.0,0.0,3.0,0.125501,4.6875,0.6512
2015,17,2015_17_BAL_CIN,CIN,BAL,24,16,outdoors,fieldturf,35.0,7.0,292.0,0.0,3.0,0.004508,5.2632,0.5667,341.0,2.0,1.0,-0.068887,1.2821,0.5263
2015,17,2015_17_PIT_CLE,CLE,PIT,12,28,outdoors,grass,34.0,18.0,263.0,4.0,0.0,-0.286152,0.0,0.4528,381.0,3.0,3.0,-0.1133,5.3571,0.6486
2015,17,2015_17_WAS_DAL,DAL,WAS,23,34,closed,matrixturf,,,512.0,4.0,3.0,-0.009041,4.4118,0.6346,437.0,0.0,4.0,0.210977,6.3492,0.7037
2015,17,2015_17_JAX_HOU,HOU,JAX,30,6,closed,fieldturf,,,402.0,1.0,2.0,-0.066745,2.7027,0.5814,215.0,4.0,1.0,-0.435224,1.8519,0.425
2015,17,2015_17_TEN_IND,IND,TEN,30,24,closed,fieldturf,,,327.0,1.0,2.0,-0.0046,2.8169,0.5385,231.0,1.0,4.0,-0.060625,6.8966,0.4839
2015,17,2015_17_NE_MIA,MIA,NE,20,10,outdoors,grass,80.0,7.0,438.0,0.0,2.0,-0.021735,2.7397,0.641,196.0,0.0,1.0,-0.140685,1.8519,0.4815
2015,17,2015_17_PHI_NYG,NYG,PHI,30,35,outdoors,fieldturf,45.0,17.0,502.0,1.0,4.0,0.052947,4.9383,0.5333,435.0,2.0,4.0,0.159182,6.1538,0.7692
2015,17,2015_17_SEA_ARI,ARI,SEA,6,36,closed,grass,,,232.0,3.0,1.0,-0.315213,1.7241,0.4444,354.0,0.0,4.0,0.143812,5.7971,0.6667
2015,17,2015_17_TB_CAR,CAR,TB,38,10,outdoors,grass,54.0,4.0,366.0,3.0,5.0,0.250113,8.0645,0.7,386.0,2.0,1.0,-0.111496,1.4085,0.5918
2015,17,2015_17_SD_DEN,DEN,SD,27,20,outdoors,grass,50.0,5.0,503.0,5.0,3.0,-0.063028,4.6154,0.5758,,,,,,
2015,17,2015_17_OAK_KC,KC,OAK,23,17,outdoors,grass,37.0,9.0,339.0,2.0,4.0,-0.009442,6.1538,0.5769,,,,,,
2015,17,2015_17_STL_SF,SF,STL,19,16,outdoors,grass,53.0,6.0,458.0,1.0,1.0,-0.06386,1.2821,0.6222,,,,,,
2015,17,2015_17_MIN_GB,GB,MIN,13,20,outdoors,grass,24.0,11.0,350.0,2.0,2.0,-0.132244,2.6667,0.5714,242.0,2.0,1.0,-0.041047,2.0408,0.4545
2015,18,2015_18_KC_HOU,HOU,KC,0,30,closed,fieldturf,,,226.0,5.0,0.0,-0.353264,0.0,0.4054,314.0,1.0,3.0,0.134938,4.8387,0.68
2015,18,2015_18_PIT_CIN,CIN,PIT,16,18,outdoors,fieldturf,51.0,5.0,279.0,4.0,2.0,-0.170057,2.8986,0.5227,369.0,2.0,1.0,-0.120036,1.4286,0.4878
2015,18,2015_18_SEA_MIN,MIN,SEA,9,10,outdoors,fieldturf,-6.0,12.0,183.0,1.0,0.0,-0.243604,0.0,0.6296,226.0,1.0,1.0,-0.201177,1.7857,0.4643
2015,18,2015_18_GB_WAS,WAS,GB,18,35,outdoors,grass,61.0,14.0,354.0,1.0,2.0,-0.09506,2.8571,0.5577,348.0,1.0,4.0,0.158067,5.7143,0.5526
2015,19,2015_19_KC_NE,NE,KC,27,20,outdoors,fieldturf,38.0,6.0,340.0,0.0,3.0,0.119811,5.3571,0.6667,378.0,1.0,2.0,0.027655,2.4096,0.5686
2015,19,2015_19_GB_ARI,ARI,GB,26,20,closed,grass,,,368.0,2.0,3.0,0.07258,4.7619,0.5682,386.0,1.0,2.0,0.009386,2.9851,0.5333
2015,19,2015_19_SEA_CAR,CAR,SEA,31,24,outdoors,grass,43.0,7.0,295.0,0.0,3.0,0.095606,4.6875,0.6957,403.0,2.0,4.0,0.027112,6.1538,0.5849
2015,19,2015_19_PIT_DEN,DEN,PIT,23,16,outdoors,grass,43.0,9.0,326.0,0.0,1.0,-0.056638,1.3889,0.5385,396.0,1.0,1.0,-0.12821,1.6949,0.6
2015,20,2015_20_NE_DEN,DEN,NE,20,18,outdoors,grass,46.0,6.0,244.0,1.0,2.0,-0.154106,3.0769,0.4857,336.0,2.0,2.0,-0.138179,2.5641,0.4426
2015,20,2015_20_ARI_CAR,CAR,ARI,49,15,outdoors,grass,39.0,4.0,478.0,2.0,5.0,0.20734,7.4627,0.6333,289.0,6.0,3.0,-0.230156,4.918,0.5227
2015,21,2015_21_CAR_DEN,DEN,CAR,24,10,outdoors,grass,76.0,16.0,196.0,2.0,1.0,-0.161804,1.7544,0.4483,315.0,4.0,2.0,-0.285911,2.6667,0.375
2016,1,2016_01_CAR_DEN,DEN,CAR,21,20,outdoors,grass,85.0,10.0,307.0,3.0,3.0,0.025932,5.2632,0.6429,333.0,1.0,2.0,0.030906,2.9412,0.5
2016,1,2016_01_TB_ATL,ATL,TB,24,31,dome,fieldturf,,,376.0,0.0,2.0,-0.019724,3.0769,0.6279,371.0,1.0,4.0,0.107609,6.6667,0.7188
2016,1,2016_01_BUF_BAL,BAL,BUF,13,7,outdoors,grass,84.0,8.0,308.0,1.0,1.0,-0.087363,1.5385,0.5946,160.0,0.0,1.0,-0.213469,2.0833,0.625
2016,1,2016_01_CHI_HOU,HOU,CHI,23,14,closed,fieldturf,,,344.0,1.0,2.0,-0.037242,2.7778,0.5946,258.0,1.0,2.0,-0.20921,3.7037,0.4706
2016,1,2016_01_GB_JAX,JAX,GB,23,27,outdoors,grass,90.0,3.0,348.0,1.0,2.0,0.067668,2.9412,0.5714,294.0,0.0,3.0,0.098446,5.0,0.5714
2016,1,2016_01_SD_KC,KC,SD,33,27,outdoors,grass,74.0,9.0,413.0,1.0,4.0,0.09825,5.7143,0.6667,,,,,,
2016,1,2016_01_OAK_NO,NO,OAK,34,35,dome,sportturf,,,507.0,1.0,4.0,0.129298,6.1538,0.6512,,,,,,
2016,1,2016_01_CIN_NYJ,NYJ,CIN,22,23,outdoors,fieldturf,79.0,17.0,340.0,1.0,2.0,0.01925,3.0303,0.5278,381.0,1.0,2.0,0.047047,3.5714,0.6216
2016,1,2016_01_CLE_PHI,PHI,CLE,29,10,outdoors,grass,85.0,14.0,403.0,0.0,3.0,-3.1e-05,4.1096,0.5641,288.0,1.0,1.0,-0.258638,2.0,0.4138
2016,1,2016_01_MIN_TEN,TEN,MIN,16,25,outdoors,grass,76.0,5.0,316.0,3.0,4.0,-0.240143,6.0606,0.5682,301.0,0.0,0.0,-0.04427,0.0,0.5455
2016,1,2016_01_MIA_SEA,SEA,MIA,12,10,outdoors,fieldturf,61.0,2.0,352.0,2.0,1.0,-0.136745,1.2821,0.587,214.0,0.0,1.0,-0.193639,1.8519,0.4706
2016,1,2016_01_NYG_DAL,DAL,NYG,19,20,closed,matrixturf,,,328.0,0.0,1.0,0.021355,1.3333,0.5556,316.0,1.0,3.0,0.030173,5.5556,0.6333
2016,1,2016_01_DET_IND,IND,DET,35,39,open,fieldturf,,,452.0,0.0,4.0,0.208359,5.7971,0.62,448.0,0.0,5.0,0.302492,7.8125,0.775
2016,1,2016_01_NE_ARI,ARI,NE,21,23,closed,grass,,,344.0,0.0,3.0,0.015899,5.0847,0.6,363.0,2.0,2.0,0.094369,3.0303,0.6857
2016,1,2016_01_PIT_WAS,WAS,PIT,16,38,outdoors,grass,79.0,4.0,384.0,2.0,1.0,-0.046835,1.8182,0.6977,437.0,1.0,5.0,0.277181,7.3529,0.7105
2016,1,2016_01_LA_SF,SF,LA,28,0,outdoors,grass,66.0,17.0,320.0,1.0,4.0,0.025398,5.1948,0.6286,185.0,2.0,0.0,-0.375769,0.0,0.4595
2016,2,2016_02_NYJ_BUF,BUF,NYJ,31,37,outdoors,a_turf,60.0,11.0,393.0,1.0,3.0,0.105661,6.0,0.6129,493.0,1.0,5.0,0.199893,7.0423,0.6857
2016,2,2016_02_TB_ARI,ARI,TB,40,7,closed,grass,,,416.0,0.0,4.0,0.098151,6.1538,0.5143,306.0,5.0,2.0,-0.298977,2.6316,0.4909
2016,2,2016_02_SF_CAR,CAR,SF,46,27,outdoors,grass,82.0,4.0,529.0,4.0,4.0,0.010631,5.1282,0.5854,302.0,3.0,4.0,-0.190715,6.25,0.4474
2016,2,2016_02_BAL_CLE,CLE,BAL,20,25,outdoors,grass,74.0,7.0,387.0,2.0,3.0,-0.056063,5.0847,0.5556,382.0,2.0,2.0,0.039697,2.8169,0.5556
2016,2,2016_02_TEN_DET,DET,TEN,15,16,dome,fieldturf,,,375.0,1.0,1.0,-0.026401,1.4925,0.5,363.0,1.0,2.0,0.040667,3.2787,0.6757
2016,2,2016_02_KC_HOU,HOU,KC,19,12,closed,fieldturf,,,351.0,2.0,1.0,-0.168502,1.4493,0.5429,291.0,3.0,0.0,-0.247071,0.0,0.4878
2016,2,2016_02_MIA_NE,NE,MIA,31,24,outdoors,fieldturf,79.0,10.0,463.0,1.0,4.0,0.085781,5.3333,0.6486,457.0,4.0,3.0,0.021211,4.918,0.7111
2016,2,2016_02_NO_NYG,NYG,NO,16,13,outdoors,fieldturf,80.0,5.0,417.0,3.0,0.0,-0.11974,0.0,0.7442,288.0,0.0,2.0,-0.16127,3.3898,0.6304
2016,2,2016_02_CIN_PIT,PIT,CIN,24,16,outdoors,grass,72.0,4.0,374.0,2.0,3.0,0.010159,4.0541,0.5,412.0,2.0,1.0,-0.066213,1.3699,0.5636
2016,2,2016_02_DAL_WAS,WAS,DAL,23,27,outdoors,grass,81.0,6.0,432.0,1.0,2.0,0.054209,3.0769,0.5833,380.0,1.0,3.0,0.141182,4.6875,0.6471
2016,2,2016_02_SEA_LA,LA,SEA,9,3,outdoors,grass,88.0,3.0,283.0,0.0,0.0,-0.016084,0.0,0.5455,306.0,1.0,0.0,-0.088433,0.0,0.5946
2016,2,2016_02_IND_DEN,DEN,IND,34,20,outdoors,grass,85.0,4.0,402.0,1.0,1.0,0.047089,1.5152,0.6286,253.0,2.0,4.0,-0.100304,6.0606,0.4667
2016,2,2016_02_ATL_OAK,OAK,ATL,28,35,outdoors,grass,79.0,7.0,,,,,,,530.0,1.0,4.0,0.264908,6.1538,0.7429
2016,2,2016_02_JAX_SD,SD,JAX,38,14,outdoors,grass,82.0,7.0,,,,,,,388.0,3.0,2.0,-0.146785,3.1746,0.5962
2016,2,2016_02_GB_MIN,MIN,GB,17,14,dome,sportturf,,,284.0,0.0,2.0,-0.091033,3.5088,0.6286,263.0,3.0,2.0,-0.100065,3.125,0.4878
2016,2,2016_02_PHI_CHI,CHI,PHI,14,29,outdoors,grass,84.0,5.0,284.0,3.0,1.0,-0.356301,2.0,0.6562,280.0,0.0,4.0,-0.043625,5.8824,0.5833
2016,3,2016_03_HOU_NE,NE,HOU,27,0,outdoors,fieldturf,68.0,4.0,282.0,0.0,3.0,-0.010891,5.0847,0.55,284.0,3.0,0.0,-0.362486,0.0,0.5581
2016,3,2016_03_ARI_BUF,BUF,ARI,33,18,outdoors,a_turf,64.0,8.0,297.0,1.0,3.0,-0.096675,4.918,0.4828,348.0,5.0,3.0,-0.233725,3.8462,0.4643
2016,3,2016_03_MIN_CAR,CAR,MIN,10,22,outdoors,grass,80.0,0.0,306.0,3.0,2.0,-0.253943,2.7778,0.5,213.0,0.0,1.0,-0.107678,1.8182,0.6
2016,3,2016_03_DEN_CIN,CIN,DEN,17,29,outdoors,fieldturf,81.0,3.0,332.0,1.0,2.0,-0.039543,3.125,0.6,355.0,2.0,4.0,0.148549,6.5574,0.6216
2016,3,2016_03_DET_GB,GB,DET,34,27,outdoors,grass,72.0,17.0,324.0,0.0,4.0,0.243039,8.0,0.5769,418.0,1.0,3.0,0.132002,4.4776,0.6364
2016,3,2016_03_BAL_JAX,JAX,BAL,17,19,outdoors,grass,88.0,8.0,216.0,4.0,2.0,-0.169999,3.1746,0.5714,283.0,2.0,1.0,-0.13772,1.5625,0.6905
2016,3,2016_03_CLE_MIA,MIA,CLE,30,24,outdoors,grass,86.0,16.0,426.0,3.0,5.0,-0.049041,7.6923,0.625,432.0,1.0,1.0,-0.069246,1.3333,0.5581
2016,3,2016_03_WAS_NYG,NYG,WAS,27,29,outdoors,fieldturf,67.0,2.0,457.0,4.0,3.0,0.054698,4.918,0.625,403.0,0.0,2.0,0.130637,2.9412,0.5789
2016,3,2016_03_OAK_TEN,TEN,OAK,10,17,outdoors,grass,89.0,2.0,393.0,3.0,1.0,-0.114929,1.5873,0.5,,,,,,
2016,3,2016_03_SF_SEA,SEA,SF,37,18,outdoors,fieldturf,66.0,6.0,418.0,2.0,4.0,0.071041,6.1538,0.6471,256.0,1.0,2.0,-0.19937,3.5088,0.56
2016,3,2016_03_LA_TB,TB,LA,32,37,outdoors,grass,91.0,4.0,472.0,2.0,5.0,-0.054937,5.9524,0.5806,320.0,2.0,5.0,0.016602,8.1967,0.5185
2016,3,2016_03_SD_IND,IND,SD,26,22,closed,fieldturf,,,410.0,2.0,4.0,-0.02904,6.0606,0.6,,,,,,
2016,3,2016_03_NYJ_KC,KC,NYJ,24,3,outdoors,grass,65.0,9.0,293.0,1.0,1.0,-0.105658,1.6129,0.7143,305.0,8.0,2.0,-0.399366,3.0303,0.4545
2016,3,2016_03_PIT_PHI,PHI,PIT,34,3,outdoors,grass,73.0,7.0,426.0,0.0,4.0,0.213445,6.5574,0.7419,251.0,2.0,0.0,-0.222017,0.0,0.5
2016,3,2016_03_CHI_DAL,DAL,CHI,31,17,closed,matrixturf,,,447.0,1.0,4.0,0.106533,6.1538,0.7917,390.0,2.0,2.0,-0.056253,3.125,0.6
2016,3,2016_03_ATL_NO,NO,ATL,32,45,dome,sportturf,,,476.0,1.0,5.0,0.107081,6.25,0.6429,442.0,1.0,5.0,0.384401,7.9365,0.625
2016,4,2016_04_MIA_CIN,CIN,MIA,22,7,outdoors,fieldturf,62.0,2.0,362.0,0.0,1.0,0.031881,1.4493,0.6875,222.0,2.0,1.0,-0.23883,2.3256,0.5
2016,4,2016_04_IND_JAX,JAX,IND,30,27,outdoors,grass,59.0,7.0,331.0,0.0,3.0,0.160706,4.6154,0.5278,284.0,1.0,3.0,0.124672,4.1096,0.5625
2016,4,2016_04_CAR_ATL,ATL,CAR,48,33,dome,fieldturf,,,571.0,1.0,6.0,0.2255,9.2308,0.7,382.0,2.0,4.0,0.045021,6.0606,0.62
2016,4,2016_04_OAK_BAL,BAL,OAK,27,28,outdoors,grass,65.0,2.0,414.0,1.0,3.0,-0.078574,3.6585,0.5714,,,,,,
2016,4,2016_04_DET_CHI,CHI,DET,17,14,outdoors,grass,62.0,6.0,408.0,0.0,3.0,-0.061601,4.4776,0.7368,265.0,2.0,0.0,-0.088097,0.0,0.5897
2016,4,2016_04_TEN_HOU,HOU,TEN,27,20,closed,fieldturf,,,359.0,2.0,2.0,-0.058546,3.2258,0.6579,320.0,1.0,3.0,-0.107921,4.8387,0.4333
2016,4,2016_04_BUF_NE,NE,BUF,0,16,outdoors,fieldturf,56.0,7.0,277.0,1.0,0.0,-0.242663,0.0,0.5667,378.0,0.0,1.0,0.055407,1.3699,0.6585
2016,4,2016_04_SEA_NYJ,NYJ,SEA,17,27,outdoors,fieldturf,61.0,0.0,305.0,3.0,2.0,-0.015012,3.0769,0.5111,354.0,0.0,3.0,0.178671,5.0,0.6765
2016,4,2016_04_CLE_WAS,WAS,CLE,31,20,outdoors,grass,67.0,1.0,301.0,1.0,4.0,0.151204,7.1429,0.7,380.0,3.0,2.0,0.013852,2.8986,0.6829
2016,4,2016_04_DEN_TB,TB,DEN,7,27,outdoors,grass,88.0,7.0,215.0,3.0,1.0,-0.26443,1.5152,0.425,307.0,0.0,3.0,0.022527,4.4776,0.5429
2016,4,2016_04_LA_ARI,ARI,LA,13,17,closed,grass,,,420.0,5.0,1.0,-0.162729,1.3333,0.54,288.0,1.0,2.0,-0.112123,3.6364,0.5625
2016,4,2016_04_NO_SD,SD,NO,34,35,outdoors,grass,74.0,8.0,,,,,,,275.0,2.0,5.0,0.006247,6.9444,0.6053
2016,4,2016_04_DAL_SF,SF,DAL,17,24,outdoors,grass,68.0,10.0,295.0,1.0,2.0,-0.007982,3.7736,0.6667,428.0,0.0,3.0,0.092727,4.1096,0.6765
2016,4,2016_04_KC_PIT,PIT,KC,43,14,outdoors,grass,59.0,6.0,438.0,0.0,6.0,0.271857,10.7143,0.7333,357.0,2.0,2.0,-0.116166,2.7778,0.5556
2016,4,2016_04_NYG_MIN,MIN,NYG,24,10,dome,sportturf,,,366.0,1.0,3.0,0.020257,4.3478,0.7222,339.0,1.0,1.0,-0.166593,1.5873,0.5556
2016,5,2016_05_ARI_SF,SF,ARI,21,33,outdoors,grass,75.0,16.0,286.0,3.0,3.0,-0.119704,4.0541,0.4737,288.0,0.0,4.0,0.049029,6.0606,0.3793
2016,5,2016_05_WAS_BAL,BAL,WAS,10,16,outdoors,grass,62.0,16.0,306.0,0.0,2.0,-0.187138,2.8986,0.6,310.0,3.0,1.0,-0.088413,1.6129,0.6905
2016,5,2016_05_NE_CLE,CLE,NE,13,33,outdoors,grass,58.0,13.0,262.0,1.0,2.0,-0.136306,3.3333,0.5263,501.0,0.0,4.0,0.158462,5.1948,0.6667
2016,5,2016_05_PHI_DET,DET,PHI,24,23,dome,fieldturf,,,244.0,1.0,3.0,0.021382,5.3571,0.6552,346.0,2.0,2.0,0.055187,3.5088,0.6944
2016,5,2016_05_CHI_IND,IND,CHI,29,23,open,fieldturf,,,396.0,0.0,2.0,0.11759,3.0769,0.6364,522.0,1.0,2.0,0.078328,3.2258,0.7674
2016,5,2016_05_TEN_MIA,MIA,TEN,17,30,outdoors,grass,88.0,15.0,200.0,2.0,1.0,-0.197336,2.439,0.5,398.0,0.0,5.0,0.056645,7.1429,0.6897
2016,5,2016_05_HOU_MIN,MIN,HOU,31,13,dome,sportturf,,,351.0,0.0,3.0,-0.008556,4.3478,0.6875,214.0,1.0,2.0,-0.253569,3.3333,0.413
2016,5,2016_05_NYJ_PIT,PIT,NYJ,31,13,outdoors,grass,57.0,9.0,436.0,1.0,4.0,0.133277,5.5556,0.7083,316.0,0.0,1.0,-0.066469,1.7241,0.6098
2016,5,2016_05_ATL_DEN,DEN,ATL,16,23,outdoors,grass,72.0,5.0,267.0,1.0,1.0,-0.052121,1.5385,0.561,372.0,1.0,2.0,0.085187,3.2258,0.5
2016,5,2016_05_CIN_DAL,DAL,CIN,28,14,closed,matrixturf,,,402.0,1.0,4.0,0.221528,7.4074,0.72,345.0,0.0,2.0,0.007476,3.125,0.6444
2016,5,2016_05_BUF_LA,LA,BUF,19,30,outdoors,grass,91.0,5.0,345.0,3.0,2.0,-0.133987,3.125,0.6,305.0,0.0,3.0,0.021144,5.7692,0.48
2016,5,2016_05_SD_OAK,OAK,SD,34,31,outdoors,grass,75.0,7.0,,,,,,,,,,,,
2016,5,2016_05_NYG_GB,GB,NYG,23,16,outdoors,grass,49.0,7.0,406.0,2.0,2.0,-0.021678,2.5974,0.5111,221.0,1.0,1.0,-0.097957,1.8519,0.4615
2016,5,2016_05_TB_CAR,CAR,TB,14,17,outdoors,grass,66.0,7.0,414.0,3.0,2.0,-0.05999,3.7736,0.6429,317.0,1.0,1.0,0.015389,1.4286,0.5455
2016,6,2016_06_DEN_SD,SD,DEN,21,13,outdoors,grass,70.0,9.0,,,,,,,304.0,3.0,1.0,-0.165171,1.4706,0.5769
2016,6,2016_06_SF_BUF,BUF,SF,45,16,outdoors,a_turf,72.0,22.0,492.0,2.0,6.0,0.168223,8.1081,0.5333,300.0,1.0,1.0,-0.162967,1.6667,0.4062
2016,6,2016_06_JAX_CHI,CHI,JAX,16,17,outdoors,grass,69.0,7.0,389.0,0.0,1.0,-0.009626,1.2987,0.6,317.0,2.0,2.0,0.013766,3.6364,0.5714
2016,6,2016_06_LA_DET,DET,LA,31,28,dome,fieldturf,,,348.0,0.0,4.0,0.22165,6.8966,0.7188,387.0,1.0,4.0,0.227322,7.2727,0.8182
2016,6,2016_06_PIT_MIA,MIA,PIT,30,15,outdoors,grass,81.0,15.0,474.0,0.0,3.0,0.100854,4.4118,0.75,299.0,2.0,2.0,-0.112527,3.7037,0.5
2016,6,2016_06_CIN_NE,NE,CIN,35,17,outdoors,fieldturf,66.0,14.0,437.0,0.0,4.0,0.239196,6.5574,0.7632,357.0,0.0,2.0,0.03409,3.0769,0.6364
2016,6,2016_06_CAR_NO,NO,CAR,41,38,dome,sportturf,,,523.0,1.0,5.0,0.116272,7.0423,0.68,408.0,2.0,5.0,0.120147,6.4935,0.54
2016,6,2016_06_BAL_NYG,NYG,BAL,27,23,outdoors,fieldturf,66.0,6.0,435.0,3.0,3.0,0.072008,4.6875,0.6809,391.0,0.0,2.0,0.048932,2.6316,0.52
2016,6,2016_06_CLE_TEN,TEN,CLE,28,26,outdoors,grass,75.0,10.0,407.0,1.0,4.0,0.088006,7.0175,0.6538,341.0,0.0,3.0,0.073005,4.6875,0.551
2016,6,2016_06_PHI_WAS,WAS,PHI,27,20,outdoors,grass,69.0,13.0,493.0,1.0,4.0,0.065305,5.9701,0.5294,239.0,0.0,1.0,0.011342,2.0833,0.4074
2016,6,2016_06_KC_OAK,OAK,KC,10,26,outdoors,grass,61.0,6.0,,,,,,,406.0,0.0,3.0,0.114754,4.6875,0.7917
2016,6,2016_06_DAL_GB,GB,DAL,16,30,outdoors,grass,69.0,8.0,372.0,4.0,1.0,-0.100762,1.4925,0.7209,424.0,2.0,3.0,0.125366,4.8387,0.6207
2016,6,2016_06_ATL_SEA,SEA,ATL,26,24,outdoors,fieldturf,54.0,10.0,333.0,0.0,3.0,0.018179,4.6154,0.6579,362.0,2.0,3.0,0.022016,4.6875,0.587
2016,6,2016_06_IND_HOU,HOU,IND,26,23,closed,fieldturf,,,414.0,1.0,3.0,0.01275,4.4118,0.625,392.0,1.0,2.0,0.018739,2.9851,0.6
2016,6,2016_06_NYJ_ARI,ARI,NYJ,28,3,closed,grass,,,396.0,0.0,4.0,0.131629,5.7143,0.6857,230.0,2.0,0.0,-0.204571,0.0,0.5263
2016,7,2016_07_CHI_GB,GB,CHI,26,10,outdoors,grass,47.0,10.0,406.0,1.0,4.0,0.069511,4.9383,0.6724,189.0,2.0,0.0,-0.136474,0.0,0.3704
2016,7,2016_07_NYG_LA,LA,NYG,10,17,outdoors,grass,55.0,12.0,345.0,4.0,2.0,-0.124457,2.6316,0.5714,232.0,1.0,1.0,-0.050912,1.7544,0.6486
2016,7,2016_07_CLE_CIN,CIN,CLE,31,17,outdoors,fieldturf,65.0,5.0,559.0,0.0,4.0,0.237871,6.5574,0.6129,352.0,3.0,2.0,0.064961,3.1746,0.5676
2016,7,2016_07_WAS_DET,DET,WAS,20,17,dome,fieldturf,,,344.0,0.0,2.0,0.060455,3.9216,0.5625,413.0,2.0,2.0,0.014933,2.8571,0.7317
2016,7,2016_07_OAK_JAX,JAX,OAK,16,33,outdoors,grass,70.0,6.0,344.0,2.0,1.0,-0.066051,1.6667,0.5227,,,,,,
2016,7,2016_07_NO_KC,KC,NO,27,21,outdoors,grass,68.0,9.0,326.0,0.0,2.0,0.151556,3.8462,0.7083,463.0,2.0,4.0,0.062324,5.6338,0.7551
2016,7,2016_07_BUF_MIA,MIA,BUF,28,25,outdoors,grass,81.0,11.0,456.0,0.0,3.0,0.068807,4.4118,0.5556,269.0,0.0,3.0,0.052956,5.4545,0.4242
2016,7,2016_07_BAL_NYJ,NYJ,BAL,24,16,outdoors,fieldturf,58.0,36.0,344.0,2.0,4.0,-0.132395,6.0606,0.4815,245.0,2.0,0.0,-0.2337,0.0,0.5435
2016,7,2016_07_MIN_PHI,PHI,MIN,21,10,outdoors,grass,62.0,20.0,241.0,5.0,2.0,-0.133856,3.6364,0.5714,282.0,3.0,1.0,-0.233143,1.3514,0.5106
2016,7,2016_07_IND_TEN,TEN,IND,26,34,outdoors,grass,68.0,5.0,331.0,1.0,4.0,0.039359,5.7971,0.5366,422.0,0.0,3.0,0.18635,4.6154,0.6585
2016,7,2016_07_SD_ATL,ATL,SD,30,33,dome,fieldturf,,,386.0,1.0,2.0,-0.038257,3.1746,0.5946,,,,,,
2016,7,2016_07_TB_SF,SF,TB,17,34,outdoors,grass,68.0,5.0,273.0,2.0,2.0,-0.101218,3.0303,0.4211,513.0,2.0,4.0,0.147996,5.4795,0.6562
2016,7,2016_07_NE_PIT,PIT,NE,16,27,outdoors,grass,63.0,13.0,375.0,2.0,1.0,-0.074678,1.4493,0.617,362.0,1.0,4.0,0.101931,7.2727,0.7308
2016,7,2016_07_SEA_ARI,ARI,SEA,6,6,closed,grass,,,443.0,0.0,0.0,-0.203292,0.0,0.5472,257.0,0.0,0.0,-0.266572,0.0,0.6316
2016,7,2016_07_HOU_DEN,DEN,HOU,27,9,outdoors,grass,71.0,5.0,347.0,0.0,3.0,0.003112,5.0,0.56,271.0,2.0,0.0,-0.209706,0.0,0.5238
2016,8,2016_08_JAX_TEN,TEN,JAX,36,22,outdoors,grass,71.0,3.0,494.0,1.0,4.0,0.238375,6.0606,0.8261,372.0,0.0,3.0,0.056061,4.4118,0.5893
2016,8,2016_08_WAS_CIN,CIN,WAS,27,27,outdoors,grass,54.0,2.0,415.0,2.0,4.0,0.104734,4.9383,0.6,546.0,1.0,3.0,0.099343,3.4091,0.6667
2016,8,2016_08_NE_BUF,BUF,NE,25,41,outdoors,a_turf,49.0,9.0,378.0,0.0,3.0,0.036664,4.3478,0.4651,357.0,0.0,5.0,0.311336,8.1967,0.5789
2016,8,2016_08_ARI_CAR,CAR,ARI,30,20,outdoors,grass,85.0,5.0,349.0,1.0,2.0,0.023853,3.125,0.5,340.0,2.0,4.0,-0.110615,6.1538,0.6364
2016,8,2016_08_NYJ_CLE,CLE,NYJ,28,31,outdoors,grass,53.0,15.0,409.0,2.0,3.0,0.056326,4.2254,0.5094,393.0,0.0,4.0,0.140808,5.6338,0.4444
2016,8,2016_08_DET_HOU,HOU,DET,20,13,closed,fieldturf,,,269.0,1.0,2.0,0.00701,3.1746,0.625,289.0,0.0,1.0,-0.092817,1.7857,0.6429
2016,8,2016_08_KC_IND,IND,KC,14,30,closed,fieldturf,,,277.0,2.0,2.0,-0.18139,3.2258,0.4634,422.0,0.0,3.0,0.077406,4.2254,0.5682
2016,8,2016_08_SEA_NO,NO,SEA,25,20,dome,sportturf,,,375.0,1.0,3.0,-0.004039,4.1096,0.7105,359.0,1.0,1.0,-0.043633,1.8519,0.6216
2016,8,2016_08_OAK_TB,TB,OAK,24,30,outdoors,grass,86.0,15.0,272.0,0.0,3.0,0.019952,4.8387,0.4571,,,,,,
2016,8,2016_08_SD_DEN,DEN,SD,27,19,outdoors,grass,76.0,6.0,324.0,3.0,3.0,-0.214255,4.6875,0.5128,,,,,,
2016,8,2016_08_GB_ATL,ATL,GB,33,32,dome,fieldturf,,,367.0,0.0,4.0,0.188434,7.0175,0.7568,333.0,0.0,4.0,0.183585,6.5574,0.6829
2016,8,2016_08_PHI_DAL,DAL,PHI,29,23,closed,matrixturf,,,460.0,1.0,3.0,0.031318,3.9474,0.4524,291.0,1.0,2.0,-0.011865,2.8169,0.6809
2016,8,2016_08_MIN_CHI,CHI,MIN,20,10,outdoors,grass,58.0,12.0,403.0,0.0,2.0,0.08713,3.2787,0.625,258.0,0.0,1.0,-0.06238,1.6667,0.5476
2016,9,2016_09_ATL_TB,TB,ATL,28,43,outdoors,grass,76.0,2.0,398.0,2.0,4.0,0.041711,5.5556,0.6471,461.0,1.0,5.0,0.295762,7.0423,0.6757
2016,9,2016_09_PIT_BAL,BAL,PIT,21,14,outdoors,grass,65.0,15.0,276.0,1.0,1.0,-0.126681,1.5625,0.5429,277.0,1.0,3.0,-0.19681,4.6154,0.4894
2016,9,2016_09_DAL_CLE,CLE,DAL,10,35,outdoors,grass,58.0,4.0,222.0,0.0,1.0,-0.125816,2.2727,0.6129,423.0,0.0,5.0,0.279695,7.1429,0.7857
2016,9,2016_09_JAX_KC,KC,JAX,19,14,outdoors,grass,62.0,7.0,231.0,1.0,1.0,-0.104048,1.7544,0.5714,449.0,3.0,2.0,-0.168199,2.6667,0.5116
2016,9,2016_09_NYJ_MIA,MIA,NYJ,27,23,outdoors,grass,80.0,14.0,274.0,0.0,3.0,0.038603,4.8387,0.5667,331.0,2.0,2.0,0.025081,3.7736,0.5625
2016,9,2016_09_DET_MIN,MIN,DET,16,22,dome,sportturf,,,337.0,0.0,2.0,-0.082108,2.9851,0.7381,311.0,1.0,2.0,0.01319,3.2258,0.6216
2016,9,2016_09_PHI_NYG,NYG,PHI,28,23,outdoors,fieldturf,56.0,9.0,302.0,2.0,4.0,-0.135756,6.5574,0.5946,443.0,2.0,2.0,-0.134614,2.7027,0.551
2016,9,2016_09_CAR_LA,LA,CAR,10,13,outdoors,grass,75.0,2.0,339.0,1.0,1.0,-0.13222,1.4925,0.54,244.0,0.0,1.0,-0.063875,1.6129,0.5405
2016,9,2016_09_NO_SF,SF,NO,23,41,outdoors,grass,70.0,0.0,486.0,4.0,2.0,-0.038818,3.5088,0.6,571.0,0.0,5.0,0.185722,6.0976,0.7
2016,9,2016_09_IND_GB,GB,IND,26,31,outdoors,grass,68.0,7.0,405.0,1.0,3.0,0.066701,4.5455,0.5532,355.0,2.0,4.0,0.144471,6.0606,0.6053
2016,9,2016_09_TEN_SD,SD,TEN,43,35,outdoors,grass,76.0,6.0,,,,,,,393.0,3.0,7.0,0.033103,11.2903,0.6279
2016,9,2016_09_DEN_OAK,OAK,DEN,30,20,outdoors,grass,65.0,6.0,,,,,,,299.0,2.0,2.0,-0.057246,3.9216,0.4615
2016,9,2016_09_BUF_SEA,SEA,BUF,31,25,outdoors,fieldturf,61.0,4.0,278.0,0.0,4.0,0.128738,9.5238,0.6667,427.0,1.0,3.0,0.047069,3.6145,0.6136
2016,10,2016_10_CLE_BAL,BAL,CLE,28,7,outdoors,grass,54.0,3.0,398.0,2.0,3.0,0.024877,3.8462,0.6818,144.0,3.0,1.0,-0.306684,2.0833,0.4857
2016,10,2016_10_KC_CAR,CAR,KC,17,20,outdoors,grass,45.0,6.0,341.0,2.0,3.0,-0.073185,4.3478,0.575,258.0,1.0,0.0,-0.021293,0.0,0.5952
2016,10,2016_10_HOU_JAX,JAX,HOU,21,24,outdoors,grass,69.0,10.0,329.0,2.0,3.0,-0.09542,4.0541,0.6154,273.0,0.0,2.0,-0.071627,3.2787,0.5
2016,10,2016_10_DEN_NO,NO,DEN,23,25,dome,sportturf,,,373.0,4.0,3.0,-0.205413,5.8824,0.7,337.0,2.0,2.0,-0.061141,2.4096,0.5435
2016,10,2016_10_LA_NYJ,NYJ,LA,6,9,outdoors,fieldturf,62.0,7.0,296.0,1.0,1.0,-0.132222,1.7241,0.5758,280.0,0.0,0.0,-0.041069,0.0,0.5152
2016,10,2016_10_ATL_PHI,PHI,ATL,24,15,outdoors,grass,58.0,10.0,431.0,1.0,2.0,0.005264,2.5974,0.6579,303.0,1.0,1.0,-0.0999,2.0833,0.5143
2016,10,2016_10_CHI_TB,TB,CHI,36,10,outdoors,grass,81.0,4.0,360.0,1.0,3.0,0.043084,4.4118,0.6216,283.0,4.0,2.0,-0.316846,3.7037,0.4706
2016,10,2016_10_GB_TEN,TEN,GB,47,25,outdoors,grass,56.0,3.0,446.0,1.0,6.0,0.303938,10.0,0.6897,402.0,2.0,3.0,0.032106,4.0541,0.5333
2016,10,2016_10_MIN_WAS,WAS,MIN,26,20,outdoors,grass,58.0,7.0,388.0,1.0,2.0,0.116024,3.2258,0.6471,331.0,1.0,3.0,0.00826,4.6875,0.7209
2016,10,2016_10_MIA_SD,SD,MIA,24,31,outdoors,grass,85.0,11.0,,,,,,,337.0,0.0,3.0,0.182854,6.0,0.68
2016,10,2016_10_SF_ARI,ARI,SF,23,20,closed,grass,,,443.0,5.0,2.0,-0.021503,2.7027,0.5882,281.0,0.0,2.0,-0.026592,3.2787,0.5152
2016,10,2016_10_DAL_PIT,PIT,DAL,30,35,outdoors,grass,56.0,7.0,448.0,0.0,4.0,0.099246,5.7143,0.7255,422.0,1.0,4.0,0.216705,6.5574,0.6111
2016,10,2016_10_SEA_NE,NE,SEA,24,31,outdoors,fieldturf,43.0,3.0,385.0,2.0,3.0,0.10232,4.8387,0.6765,420.0,0.0,3.0,0.25178,4.4776,0.6098
2016,10,2016_10_CIN_NYG,NYG,CIN,21,20,outdoors,fieldturf,56.0,2.0,351.0,2.0,3.0,-0.094611,4.1667,0.6222,264.0,1.0,2.0,-0.072739,3.6364,0.5
2016,11,2016_11_NO_CAR,CAR,NO,23,20,outdoors,grass,63.0,6.0,223.0,0.0,2.0,-0.034373,3.2258,0.4,371.0,2.0,2.0,-0.04241,2.7778,0.7447
2016,11,2016_11_BUF_CIN,CIN,BUF,12,16,outdoors,fieldturf,36.0,8.0,300.0,2.0,2.0,-0.110485,2.8169,0.5455,342.0,1.0,1.0,-0.013545,1.5873,0.6552
2016,11,2016_11_PIT_CLE,CLE,PIT,9,24,outdoors,grass,36.0,27.0,209.0,2.0,2.0,-0.121289,3.2258,0.4286,315.0,0.0,1.0,0.104671,1.5385,0.6216
2016,11,2016_11_BAL_DAL,DAL,BAL,27,17,closed,matrixturf,,,417.0,0.0,3.0,0.153977,4.4776,0.7297,368.0,0.0,2.0,0.068221,3.8462,0.6389
2016,11,2016_11_JAX_DET,DET,JAX,26,19,dome,fieldturf,,,277.0,1.0,1.0,-0.129563,1.7544,0.6667,285.0,4.0,4.0,-0.157265,6.4516,0.6286
2016,11,2016_11_TEN_IND,IND,TEN,24,17,closed,fieldturf,,,327.0,1.0,3.0,0.052389,5.1724,0.5,351.0,0.0,2.0,-0.032634,2.8571,0.5814
2016,11,2016_11_TB_KC,KC,TB,17,19,outdoors,grass,46.0,9.0,343.0,2.0,2.0,0.063271,3.8462,0.7742,442.0,1.0,1.0,0.106337,1.3514,0.6
2016,11,2016_11_ARI_MIN,MIN,ARI,30,24,dome,sportturf,,,217.0,1.0,3.0,-0.103483,5.5556,0.6667,290.0,2.0,4.0,-0.131828,5.7143,0.4762
2016,11,2016_11_CHI_NYG,NYG,CHI,22,16,outdoors,fieldturf,41.0,10.0,329.0,0.0,3.0,0.071225,4.6154,0.5833,315.0,1.0,2.0,0.023033,3.3898,0.5
2016,11,2016_11_MIA_LA,LA,MIA,10,14,outdoors,grass,63.0,3.0,227.0,1.0,1.0,-0.173736,1.6667,0.5312,240.0,1.0,2.0,-0.122954,3.5088,0.6316
2016,11,2016_11_PHI_SEA,SEA,PHI,26,15,outdoors,fieldturf,54.0,5.0,439.0,0.0,3.0,0.033046,4.7619,0.5758,310.0,2.0,2.0,-0.097125,2.7027,0.4792
2016,11,2016_11_NE_SF,SF,NE,17,30,outdoors,grass,64.0,6.0,299.0,0.0,2.0,-0.076072,3.2258,0.4571,444.0,0.0,4.0,0.128143,5.6338,0.5854
2016,11,2016_11_GB_WAS,WAS,GB,42,24,outdoors,grass,38.0,23.0,515.0,0.0,6.0,0.270304,9.375,0.6562,424.0,2.0,3.0,0.047986,4.6154,0.587
2016,11,2016_11_HOU_OAK,OAK,HOU,27,20,outdoors,grass,63.0,6.0,,,,,,,354.0,2.0,2.0,0.025205,2.7027,0.6341
2016,12,2016_12_MIN_DET,DET,MIN,16,13,dome,fieldturf,,,308.0,0.0,1.0,-0.051702,1.6393,0.5476,306.0,1.0,1.0,-0.052155,1.8868,0.8378
2016,12,2016_12_WAS_DAL,DAL,WAS,31,26,closed,matrixturf,,,353.0,0.0,4.0,0.281002,7.2727,0.68,505.0,0.0,3.0,0.167822,4.1096,0.7593
2016,12,2016_12_PIT_IND,IND,PIT,7,28,closed,fieldturf,,,310.0,2.0,1.0,-0.15072,1.5873,0.575,369.0,0.0,4.0,0.226362,8.0,0.6667
2016,12,2016_12_ARI_ATL,ATL,ARI,38,19,dome,fieldturf,,,360.0,1.0,5.0,0.202349,7.4627,0.7027,332.0,1.0,2.0,-0.039876,3.2258,0.5208
2016,12,2016_12_CIN_BAL,BAL,CIN,19,14,outdoors,grass,50.0,12.0,311.0,1.0,1.0,-0.060803,1.4706,0.6579,325.0,2.0,1.0,-0.100735,1.4085,0.5098
2016,12,2016_12_JAX_BUF,BUF,JAX,28,21,outdoors,a_turf,42.0,13.0,306.0,0.0,4.0,0.088716,7.5472,0.5217,301.0,0.0,3.0,0.003671,4.6154,0.4643
2016,12,2016_12_TEN_CHI,CHI,TEN,21,27,outdoors,grass,40.0,11.0,411.0,2.0,3.0,-0.01173,3.9474,0.5185,375.0,0.0,3.0,0.120168,5.7692,0.6522
2016,12,2016_12_NYG_CLE,CLE,NYG,13,27,outdoors,grass,48.0,10.0,343.0,4.0,2.0,-0.197681,2.7778,0.4902,296.0,0.0,3.0,-0.017954,5.4545,0.5357
2016,12,2016_12_SD_HOU,HOU,SD,13,21,closed,fieldturf,,,353.0,4.0,1.0,-0.133767,1.5385,0.5789,,,,,,
2016,12,2016_12_SF_MIA,MIA,SF,31,24,outdoors,grass,79.0,13.0,358.0,0.0,4.0,0.135146,6.8966,0.625,475.0,2.0,3.0,0.057199,4.1096,0.6042
2016,12,2016_12_LA_NO,NO,LA,49,21,dome,sportturf,,,555.0,1.0,7.0,0.205829,9.8592,0.7436,247.0,2.0,3.0,-0.15952,5.7692,0.5714
2016,12,2016_12_SEA_TB,TB,SEA,14,5,outdoors,grass,81.0,6.0,338.0,2.0,2.0,-0.122435,3.1746,0.75,245.0,3.0,0.0,-0.248513,0.0,0.4359
2016,12,2016_12_NE_NYJ,NYJ,NE,17,22,outdoors,fieldturf,47.0,10.0,333.0,2.0,2.0,-0.059135,3.5714,0.6667,377.0,0.0,2.0,0.052967,2.7778,0.5882
2016,12,2016_12_CAR_OAK,OAK,CAR,35,32,outdoors,grass,59.0,12.0,,,,,,,358.0,2.0,6.0,-0.007498,10.3448,0.4242
2016,12,2016_12_KC_DEN,DEN,KC,27,30,outdoors,grass,44.0,21.0,464.0,0.0,3.0,0.078329,3.8961,0.5128,275.0,1.0,3.0,0.094656,3.8961,0.5098
2016,12,2016_12_GB_PHI,PHI,GB,13,27,outdoors,grass,47.0,7.0,292.0,1.0,1.0,0.03836,1.7241,0.6,387.0,0.0,3.0,0.259463,4.4776,0.7692
2016,13,2016_13_DAL_MIN,MIN,DAL,15,17,dome,sportturf,,,318.0,0.0,1.0,-0.119741,1.4286,0.6471,264.0,3.0,2.0,-0.112191,4.0816,0.5714
2016,13,2016_13_KC_ATL,ATL,KC,28,29,dome,fieldturf,,,418.0,1.0,4.0,0.064333,5.8824,0.5789,389.0,1.0,3.0,0.127113,6.25,0.8077
2016,13,2016_13_MIA_BAL,BAL,MIA,38,6,outdoors,grass,47.0,3.0,496.0,2.0,5.0,0.136599,7.1429,0.74,277.0,3.0,1.0,-0.285904,1.6949,0.6744
2016,13,2016_13_SF_CHI,CHI,SF,26,6,outdoors,grass,33.0,5.0,326.0,1.0,3.0,-0.036007,5.0847,0.5789,147.0,0.0,0.0,-0.295312,0.0,0.2381
2016,13,2016_13_PHI_CIN,CIN,PHI,32,14,outdoors,fieldturf,42.0,10.0,412.0,2.0,3.0,0.145719,4.6875,0.7419,359.0,3.0,2.0,-0.085624,2.5,0.5902
2016,13,2016_13_HOU_GB,GB,HOU,21,13,outdoors,grass,32.0,8.0,309.0,1.0,3.0,0.000519,5.2632,0.6452,310.0,1.0,2.0,-0.09874,3.125,0.5946
2016,13,2016_13_DEN_JAX,JAX,DEN,10,20,outdoors,grass,70.0,10.0,333.0,3.0,2.0,-0.258249,2.4691,0.4419,206.0,0.0,1.0,-0.19068,1.8519,0.4615
2016,13,2016_13_LA_NE,NE,LA,26,10,outdoors,fieldturf,39.0,8.0,402.0,0.0,2.0,0.01778,2.6667,0.7174,162.0,2.0,1.0,-0.216658,2.0408,0.3889
2016,13,2016_13_DET_NO,NO,DET,13,28,dome,sportturf,,,369.0,3.0,1.0,-0.152711,1.7544,0.6889,422.0,0.0,2.0,0.146656,2.9412,0.6667
2016,13,2016_13_BUF_OAK,OAK,BUF,38,24,outdoors,grass,59.0,4.0,,,,,,,382.0,2.0,3.0,0.018051,4.3478,0.4615
2016,13,2016_13_WAS_ARI,ARI,WAS,31,23,closed,grass,,,369.0,0.0,4.0,0.089958,5.5556,0.625,333.0,2.0,2.0,0.054216,3.5088,0.5385
2016,13,2016_13_NYG_PIT,PIT,NYG,24,14,outdoors,grass,43.0,71.0,389.0,2.0,2.0,-0.031481,2.8571,0.6,234.0,2.0,2.0,-0.167497,3.6364,0.5854
2016,13,2016_13_TB_SD,SD,TB,21,28,outdoors,grass,72.0,7.0,,,,,,,351.0,1.0,2.0,0.073451,3.2258,0.625
2016,13,2016_13_CAR_SEA,SEA,CAR,40,7,outdoors,fieldturf,37.0,4.0,534.0,1.0,4.0,0.215293,5.6338,0.6667,271.0,2.0,1.0,-0.245424,1.8519,0.4242
2016,13,2016_13_IND_NYJ,NYJ,IND,10,41,outdoors,fieldturf,45.0,6.0,250.0,3.0,1.0,-0.314732,1.9231,0.4211,421.0,1.0,5.0,0.200743,7.1429,0.7667
2016,14,2016_14_OAK_KC,KC,OAK,21,13,outdoors,grass,21.0,7.0,323.0,2.0,2.0,-0.147424,3.7037,0.6296,,,,,,
2016,14,2016_14_PIT_BUF,BUF,PIT,20,27,outdoors,a_turf,27.0,9.0,275.0,1.0,3.0,-0.060703,6.25,0.5,460.0,3.0,3.0,0.061067,4.1096,0.5484
2016,14,2016_14_SD_CAR,CAR,SD,28,16,outdoors,grass,37.0,6.0,272.0,1.0,2.0,-0.046485,2.9851,0.3448,,,,,,
2016,14,2016_14_CIN_CLE,CLE,CIN,10,23,outdoors,grass,28.0,15.0,254.0,1.0,1.0,-0.170084,1.8868,0.3871,360.0,0.0,3.0,0.062609,4.2857,0.625
2016,14,2016_14_CHI_DET,DET,CHI,20,17,dome,fieldturf,,,323.0,2.0,3.0,0.0216,4.5455,0.5526,296.0,0.0,1.0,0.02116,2.0,0.6061
2016,14,2016_14_HOU_IND,IND,HOU,17,22,closed,fieldturf,,,348.0,3.0,2.0,-0.109591,3.2787,0.5217,316.0,1.0,1.0,0.008429,1.4925,0.5385
2016,14,2016_14_MIN_JAX,JAX,MIN,16,25,outdoors,grass,71.0,5.0,315.0,0.0,1.0,-0.043078,1.5385,0.561,377.0,1.0,2.0,0.13918,3.1746,0.7059
2016,14,2016_14_ARI_MIA,MIA,ARI,26,23,outdoors,grass,77.0,18.0,314.0,2.0,3.0,-0.161911,5.2632,0.6923,302.0,5.0,3.0,-0.152076,4.6875,0.4865
2016,14,2016_14_WAS_PHI,PHI,WAS,22,27,outdoors,grass,35.0,3.0,383.0,2.0,1.0,0.005137,1.2987,0.6275,334.0,1.0,5.0,0.107319,10.6383,0.5833
2016,14,2016_14_DEN_TEN,TEN,DEN,13,10,outdoors,grass,50.0,5.0,253.0,0.0,1.0,-0.107923,1.5385,0.2609,348.0,2.0,1.0,-0.145841,1.5625,0.6545
2016,14,2016_14_NYJ_SF,SF,NYJ,17,23,outdoors,grass,54.0,8.0,364.0,0.0,2.0,-0.1181,3.6364,0.5357,406.0,1.0,2.0,0.018117,2.439,0.561
2016,14,2016_14_SEA_GB,GB,SEA,38,10,outdoors,grass,26.0,5.0,330.0,0.0,5.0,0.104074,8.9286,0.6923,354.0,6.0,1.0,-0.257959,1.4706,0.5238
2016,14,2016_14_ATL_LA,LA,ATL,14,42,outdoors,grass,65.0,1.0,312.0,5.0,4.0,-0.3237,5.9701,0.5455,286.0,0.0,4.0,0.083965,7.0175,0.5625
2016,14,2016_14_NO_TB,TB,NO,16,11,outdoors,grass,79.0,9.0,270.0,0.0,1.0,-0.025836,1.5873,0.5714,294.0,3.0,0.0,-0.102623,0.0,0.5952
2016,14,2016_14_DAL_NYG,NYG,DAL,10,7,outdoors,fieldturf,32.0,0.0,260.0,3.0,1.0,-0.321199,1.5625,0.5484,260.0,3.0,1.0,-0.34928,1.5385,0.425
2016,14,2016_14_BAL_NE,NE,BAL,30,23,outdoors,fieldturf,31.0,3.0,496.0,2.0,4.0,0.07256,6.1538,0.641,348.0,2.0,2.0,0.030406,2.9412,0.6852
2016,15,2016_15_LA_SEA,SEA,LA,24,3,outdoors,fieldturf,36.0,5.0,299.0,1.0,3.0,0.068608,5.1724,0.6786,183.0,0.0,0.0,-0.247751,0.0,0.4615
2016,15,2016_15_MIA_NYJ,NYJ,MIA,13,34,outdoors,fieldturf,35.0,5.0,360.0,4.0,2.0,-0.272256,2.7778,0.5102,303.0,1.0,4.0,0.025393,8.6957,0.6316
2016,15,2016_15_PHI_BAL,BAL,PHI,27,26,outdoors,grass,62.0,9.0,340.0,2.0,3.0,-0.010362,5.2632,0.4848,330.0,1.0,2.0,0.016589,2.4096,0.5
2016,15,2016_15_CLE_BUF,BUF,CLE,33,13,outdoors,a_turf,26.0,15.0,451.0,0.0,4.0,0.167595,6.0606,0.6538,269.0,0.0,1.0,-0.081531,1.8519,0.5152
2016,15,2016_15_GB_CHI,CHI,GB,27,30,outdoors,grass,11.0,12.0,449.0,4.0,3.0,0.068232,4.7619,0.6818,451.0,0.0,3.0,0.142223,5.1724,0.5429
2016,15,2016_15_PIT_CIN,CIN,PIT,20,24,outdoors,fieldturf,24.0,8.0,222.0,1.0,2.0,0.055886,3.5714,0.5714,382.0,0.0,1.0,0.147311,1.4925,0.5526
2016,15,2016_15_JAX_HOU,HOU,JAX,21,20,closed,fieldturf,,,387.0,2.0,1.0,-0.124821,1.2821,0.617,150.0,1.0,2.0,-0.130756,4.0,0.4
2016,15,2016_15_TEN_KC,KC,TEN,17,19,outdoors,grass,1.0,5.0,316.0,1.0,2.0,-0.089075,3.5088,0.5172,389.0,3.0,2.0,-0.02217,3.125,0.5429
2016,15,2016_15_IND_MIN,MIN,IND,6,34,dome,sportturf,,,282.0,3.0,0.0,-0.260089,0.0,0.6809,411.0,0.0,4.0,0.182573,5.8824,0.75
2016,15,2016_15_DET_NYG,NYG,DET,17,6,outdoors,fieldturf,55.0,1.0,300.0,0.0,2.0,0.014567,3.2258,0.6667,324.0,2.0,0.0,-0.120651,0.0,0.6
2016,15,2016_15_NO_ARI,ARI,NO,41,48,closed,grass,,,425.0,2.0,5.0,0.117913,8.9286,0.6829,488.0,1.0,7.0,0.20409,8.4337,0.7255
2016,15,2016_15_SF_ATL,ATL,SF,41,13,dome,fieldturf,,,550.0,1.0,5.0,0.282516,7.5758,0.72,272.0,1.0,2.0,-0.117229,3.6364,0.5714
2016,15,2016_15_NE_DEN,DEN,NE,3,16,outdoors,grass,18.0,9.0,309.0,2.0,0.0,-0.220871,0.0,0.5682,313.0,1.0,1.0,0.013072,1.3699,0.4706
2016,15,2016_15_OAK_SD,SD,OAK,16,19,outdoors,grass,62.0,5.0,,,,,,,,,,,,
2016,15,2016_15_TB_DAL,DAL,TB,26,20,closed,matrixturf,,,449.0,1.0,2.0,-0.024859,2.8169,0.8205,276.0,4.0,2.0,-0.108987,3.3898,0.4359
2016,15,2016_15_CAR_WAS,WAS,CAR,15,26,outdoors,grass,32.0,8.0,335.0,3.0,1.0,-0.235451,1.6393,0.6667,438.0,0.0,2.0,-0.031323,2.7778,0.5385
2016,16,2016_16_NYG_PHI,PHI,NYG,24,19,outdoors,grass,40.0,10.0,286.0,1.0,2.0,-0.019848,3.6364,0.56,470.0,3.0,2.0,-0.035692,2.2727,0.6032
2016,16,2016_16_MIA_BUF,BUF,MIA,31,34,outdoors,a_turf,38.0,13.0,589.0,0.0,4.0,0.069922,4.4444,0.6341,494.0,1.0,4.0,0.150971,5.8824,0.5333
2016,16,2016_16_ATL_CAR,CAR,ATL,16,33,outdoors,grass,56.0,5.0,302.0,2.0,1.0,-0.1084,1.4706,0.4,408.0,0.0,3.0,0.164273,4.918,0.7297
2016,16,2016_16_WAS_CHI,CHI,WAS,21,41,outdoors,grass,37.0,1.0,458.0,5.0,3.0,-0.041369,4.4776,0.5854,478.0,0.0,5.0,0.293463,7.8125,0.6207
2016,16,2016_16_SD_CLE,CLE,SD,20,17,outdoors,grass,38.0,13.0,251.0,0.0,2.0,0.019996,3.0303,0.5135,,,,,,
2016,16,2016_16_MIN_GB,GB,MIN,38,25,outdoors,grass,37.0,8.0,348.0,0.0,5.0,0.078683,8.6207,0.6512,446.0,2.0,3.0,-0.05504,4.0,0.6296
2016,16,2016_16_TEN_JAX,JAX,TEN,38,17,outdoors,grass,67.0,5.0,415.0,1.0,3.0,0.120953,4.3478,0.6585,263.0,1.0,3.0,-0.148039,4.4776,0.4468
2016,16,2016_16_NYJ_NE,NE,NYJ,41,3,outdoors,fieldturf,40.0,6.0,325.0,0.0,5.0,0.161775,7.1429,0.6,239.0,4.0,0.0,-0.372878,0.0,0.3077
2016,16,2016_16_IND_OAK,OAK,IND,33,25,outdoors,grass,50.0,9.0,,,,,,,392.0,3.0,3.0,0.068149,5.5556,0.6333
2016,16,2016_16_SF_LA,LA,SF,21,22,outdoors,grass,59.0,6.0,177.0,2.0,3.0,-0.112015,5.2632,0.3929,325.0,2.0,3.0,-0.059251,4.2254,0.6829
2016,16,2016_16_TB_NO,NO,TB,31,24,dome,sportturf,,,419.0,0.0,3.0,0.111711,4.4118,0.6389,349.0,2.0,3.0,0.065034,5.1724,0.6216
2016,16,2016_16_ARI_SEA,SEA,ARI,31,34,outdoors,fieldturf,39.0,2.0,393.0,1.0,4.0,-0.041815,5.0633,0.5577,370.0,1.0,4.0,0.031554,7.0175,0.5714
2016,16,2016_16_CIN_HOU,HOU,CIN,12,10,closed,fieldturf,,,250.0,0.0,1.0,-0.109478,1.7544,0.5455,294.0,1.0,1.0,-0.146033,1.5873,0.6364
2016,16,2016_16_BAL_PIT,PIT,BAL,31,27,outdoors,grass,41.0,9.0,406.0,2.0,4.0,0.124362,7.2727,0.7273,370.0,1.0,2.0,0.093638,2.7397,0.6383
2016,16,2016_16_DEN_KC,KC,DEN,33,10,outdoors,grass,53.0,9.0,484.0,1.0,4.0,0.072321,5.4054,0.7027,246.0,3.0,1.0,-0.21878,1.7544,0.3953
2016,16,2016_16_DET_DAL,DAL,DET,42,21,closed,matrixturf,,,375.0,0.0,6.0,0.270496,11.5385,0.7273,319.0,2.0,3.0,-0.004528,4.2857,0.52
2016,17,2016_17_BAL_CIN,CIN,BAL,27,10,outdoors,fieldturf,40.0,6.0,371.0,0.0,3.0,0.089978,4.4776,0.6207,335.0,2.0,1.0,-0.110328,1.4286,0.6111
2016,17,2016_17_JAX_IND,IND,JAX,24,20,closed,fieldturf,,,384.0,2.0,3.0,-0.040253,4.4776,0.5333,470.0,2.0,2.0,-0.048893,2.8169,0.6098
2016,17,2016_17_NE_MIA,MIA,NE,14,35,outdoors,grass,80.0,15.0,280.0,2.0,2.0,-0.136651,3.5088,0.7059,398.0,0.0,4.0,0.218871,6.25,0.7143
2016,17,2016_17_CHI_MIN,MIN,CHI,38,10,dome,sportturf,,,374.0,2.0,4.0,0.162476,6.4516,0.7353,323.0,4.0,2.0,-0.258213,3.3898,0.5909
2016,17,2016_17_BUF_NYJ,NYJ,BUF,30,10,outdoors,fieldturf,42.0,11.0,329.0,0.0,2.0,-0.134619,3.2787,0.6452,230.0,3.0,2.0,-0.42267,3.2258,0.4412
2016,17,2016_17_DAL_PHI,PHI,DAL,27,13,outdoors,grass,50.0,10.0,346.0,0.0,3.0,0.001283,4.0,0.6,195.0,2.0,1.0,-0.168099,1.8868,0.5
2016,17,2016_17_CLE_PIT,PIT,CLE,27,24,outdoors,grass,41.0,1.0,312.0,2.0,4.0,0.021049,5.7971,0.5854,437.0,3.0,3.0,0.010259,3.8961,0.6591
2016,17,2016_17_CAR_TB,TB,CAR,17,16,outdoors,grass,81.0,6.0,300.0,2.0,1.0,-0.196374,1.5873,0.5263,335.0,3.0,3.0,-0.188819,4.4118,0.5
2016,17,2016_17_HOU_TEN,TEN,HOU,24,17,outdoors,grass,52.0,7.0,236.0,1.0,2.0,-0.054198,3.3898,0.5333,289.0,1.0,3.0,-0.107398,4.0541,0.5
2016,17,2016_17_NO_ATL,ATL,NO,38,32,dome,fieldturf,,,465.0,0.0,5.0,0.180173,8.4746,0.7297,473.0,1.0,4.0,0.127586,5.1948,0.5472
2016,17,2016_17_OAK_DEN,DEN,OAK,24,6,outdoors,grass,45.0,9.0,349.0,1.0,3.0,-0.089905,4.4776,0.6296,,,,,,
2016,17,2016_17_ARI_LA,LA,ARI,6,44,outdoors,grass,59.0,0.0,123.0,3.0,1.0,-0.552629,1.7544,0.4857,344.0,2.0,4.0,0.03039,5.9701,0.5116
2016,17,2016_17_KC_SD,SD,KC,27,37,outdoors,grass,59.0,10.0,,,,,,,365.0,1.0,4.0,0.178521,6.6667,0.7241
2016,17,2016_17_SEA_SF,SF,SEA,23,25,outdoors,grass,54.0,5.0,253.0,2.0,3.0,-0.086661,5.1724,0.6296,376.0,0.0,2.0,0.019861,3.0769,0.575
2016,17,2016_17_NYG_WAS,WAS,NYG,10,19,outdoors,grass,53.0,1.0,284.0,3.0,2.0,-0.29447,3.7037,0.5641,332.0,0.0,1.0,-0.098644,1.4493,0.6071
2016,17,2016_17_GB_DET,DET,GB,24,31,dome,fieldturf,,,408.0,1.0,3.0,0.079076,4.6875,0.6047,450.0,0.0,4.0,0.194644,5.5556,0.6585
2016,18,2016_18_OAK_HOU,HOU,OAK,27,14,closed,fieldturf,,,291.0,0.0,3.0,-0.118731,4.3478,0.56,,,,,,
2016,18,2016_18_DET_SEA,SEA,DET,26,6,outdoors,fieldturf,38.0,7.0,387.0,0.0,3.0,0.167377,4.2254,0.697,231.0,0.0,0.0,-0.120727,0.0,0.5143
2016,18,2016_18_MIA_PIT,PIT,MIA,30,12,outdoors,grass,17.0,16.0,367.0,2.0,4.0,0.130498,7.4074,0.6842,305.0,3.0,1.0,-0.111392,1.5873,0.6905
2016,18,2016_18_NYG_GB,GB,NYG,38,13,outdoors,grass,14.0,7.0,406.0,0.0,5.0,0.121765,7.1429,0.5556,365.0,2.0,1.0,-0.174733,1.5873,0.5
2016,19,2016_19_SEA_ATL,ATL,SEA,36,20,dome,fieldturf,,,422.0,0.0,4.0,0.159123,5.7971,0.65,309.0,2.0,2.0,0.016329,3.7037,0.5152
2016,19,2016_19_HOU_NE,NE,HOU,34,16,outdoors,fieldturf,28.0,6.0,377.0,3.0,4.0,-0.087549,5.9701,0.45,285.0,3.0,1.0,-0.260814,1.5152,0.5349
2016,19,2016_19_GB_DAL,DAL,GB,31,34,closed,matrixturf,,,431.0,1.0,3.0,0.175613,4.6154,0.6,413.0,1.0,4.0,0.246213,6.3492,0.6087
2016,19,2016_19_PIT_KC,KC,PIT,16,18,outdoors,grass,33.0,9.0,227.0,2.0,2.0,-0.045803,4.0,0.5556,389.0,1.0,0.0,0.048668,0.0,0.625
2016,20,2016_20_GB_ATL,ATL,GB,44,21,dome,fieldturf,,,493.0,0.0,6.0,0.338645,8.8235,0.7105,369.0,2.0,3.0,0.029408,4.5455,0.5745
2016,20,2016_20_PIT_NE,NE,PIT,36,17,outdoors,fieldturf,41.0,10.0,431.0,0.0,4.0,0.191821,5.6338,0.7273,370.0,2.0,2.0,-0.044727,2.9412,0.6458
2016,21,2016_21_NE_ATL,ATL,NE,28,34,closed,fieldturf,,,344.0,1.0,3.0,0.110071,6.5217,0.6071,550.0,2.0,5.0,0.116446,5.2632,0.6232
2017,1,2017_01_KC_NE,NE,KC,27,42,outdoors,fieldturf,63.0,8.0,371.0,0.0,3.0,0.005217,4.0541,0.4103,537.0,1.0,6.0,0.202094,9.2308,0.7368
2017,1,2017_01_NYJ_BUF,BUF,NYJ,21,12,outdoors,a_turf,65.0,6.0,408.0,1.0,3.0,-0.024726,4.1667,0.5333,214.0,2.0,1.0,-0.126099,1.7857,0.6341
2017,1,2017_01_ATL_CHI,CHI,ATL,17,23,outdoors,grass,64.0,10.0,301.0,0.0,2.0,0.037828,3.1746,0.5909,372.0,0.0,2.0,0.192672,3.6364,0.6562
2017,1,2017_01_BAL_CIN,CIN,BAL,0,20,outdoors,fieldturf,68.0,9.0,221.0,5.0,0.0,-0.456534,0.0,0.4444,268.0,1.0,2.0,-0.078383,3.3333,0.5
2017,1,2017_01_PIT_CLE,CLE,PIT,18,21,outdoors,grass,63.0,11.0,239.0,1.0,3.0,-0.106055,4.7619,0.5405,290.0,1.0,2.0,-0.044587,3.7037,0.6486
2017,1,2017_01_ARI_DET,DET,ARI,35,23,dome,fieldturf,,,367.0,1.0,5.0,-0.176459,6.9444,0.6591,308.0,4.0,3.0,-0.2767,4.4118,0.54
2017,1,2017_01_JAX_HOU,HOU,JAX,7,29,open,astroturf,,,203.0,4.0,2.0,-0.359852,2.8986,0.413,280.0,0.0,2.0,-0.05959,3.3333,0.5238
2017,1,2017_01_OAK_TEN,TEN,OAK,16,26,outdoors,grass,72.0,7.0,350.0,0.0,1.0,0.063864,1.5873,0.5952,,,,,,
2017,1,2017_01_PHI_WAS,WAS,PHI,17,30,outdoors,grass,67.0,5.0,264.0,3.0,2.0,-0.218853,3.2787,0.5227,358.0,3.0,3.0,0.005769,4.5455,0.619
2017,1,2017_01_IND_LA,LA,IND,46,9,outdoors,grass,90.0,2.0,373.0,0.0,3.0,0.123172,4.6875,0.7097,225.0,4.0,3.0,-0.402455,6.1224,0.44
2017,1,2017_01_SEA_GB,GB,SEA,17,9,outdoors,grass,71.0,11.0,370.0,1.0,2.0,-0.016028,2.7027,0.6087,225.0,1.0,0.0,-0.137847,0.0,0.4667
2017,1,2017_01_CAR_SF,SF,CAR,3,23,outdoors,grass,87.0,8.0,217.0,2.0,0.0,-0.341723,0.0,0.6154,287.0,2.0,2.0,0.008913,3.1746,0.56
2017,1,2017_01_NYG_DAL,DAL,NYG,19,3,closed,matrixturf,,,392.0,0.0,1.0,0.052904,1.4085,0.6,233.0,1.0,0.0,-0.180203,0.0,0.7073
2017,1,2017_01_NO_MIN,MIN,NO,29,19,dome,sportturf,,,470.0,0.0,3.0,0.184676,4.7619,0.8182,344.0,0.0,1.0,0.106296,1.6949,0.7105
2017,1,2017_01_LAC_DEN,DEN,LAC,24,21,outdoors,grass,73.0,12.0,321.0,2.0,3.0,-0.032186,4.4118,0.5312,249.0,1.0,3.0,-0.052963,5.3571,0.6471
2017,2,2017_02_HOU_CIN,CIN,HOU,9,13,outdoors,fieldturf,69.0,2.0,295.0,1.0,0.0,-0.198855,0.0,0.5263,266.0,0.0,1.0,-0.118115,1.6129,0.5556
2017,2,2017_02_CLE_BAL,BAL,CLE,24,10,outdoors,grass,80.0,2.0,337.0,2.0,3.0,-0.016889,4.4118,0.6944,386.0,5.0,1.0,-0.16684,1.5152,0.4444
2017,2,2017_02_BUF_CAR,CAR,BUF,9,3,outdoors,grass,83.0,5.0,255.0,0.0,0.0,-0.088531,0.0,0.5263,176.0,0.0,0.0,-0.207602,0.0,0.6071
2017,2,2017_02_ARI_IND,IND,ARI,13,16,closed,fieldturf,,,266.0,1.0,1.0,-0.125914,1.4286,0.4878,389.0,1.0,1.0,-0.074415,1.5385,0.475
2017,2,2017_02_TEN_JAX,JAX,TEN,16,37,outdoors,grass,84.0,10.0,310.0,3.0,2.0,-0.181149,3.2258,0.5405,390.0,1.0,4.0,0.153072,6.25,0.5357
2017,2,2017_02_PHI_KC,KC,PHI,27,20,outdoors,grass,68.0,7.0,344.0,1.0,3.0,0.138871,5.8824,0.6562,406.0,1.0,2.0,0.044257,2.8986,0.4808
2017,2,2017_02_NE_NO,NO,NE,20,36,dome,sportturf,,,429.0,0.0,2.0,-0.001643,3.1746,0.587,555.0,0.0,4.0,0.23703,5.5556,0.7317
2017,2,2017_02_MIN_PIT,PIT,MIN,26,9,outdoors,grass,78.0,1.0,335.0,0.0,2.0,0.035528,2.8986,0.6216,237.0,1.0,1.0,-0.175725,1.6667,0.5
2017,2,2017_02_CHI_TB,TB,CHI,29,7,outdoors,grass,88.0,7.0,311.0,2.0,2.0,0.078671,2.9851,0.5455,310.0,3.0,2.0,-0.236058,3.2258,0.6739
2017,2,2017_02_MIA_LAC,LAC,MIA,17,19,outdoors,grass,71.0,7.0,367.0,0.0,2.0,0.013974,3.7037,0.775,336.0,0.0,1.0,0.093909,1.4706,0.6667
2017,2,2017_02_NYJ_OAK,OAK,NYJ,45,20,outdoors,grass,70.0,6.0,,,,,,,271.0,1.0,2.0,0.084511,3.7736,0.5714
2017,2,2017_02_DAL_DEN,DEN,DAL,42,17,outdoors,grass,72.0,5.0,380.0,2.0,5.0,0.04263,6.8493,0.6471,268.0,2.0,3.0,-0.235456,4.5455,0.5769
2017,2,2017_02_WAS_LA,LA,WAS,20,27,outdoors,grass,74.0,3.0,332.0,2.0,2.0,-0.032416,4.0816,0.5556,385.0,0.0,3.0,0.082245,4.4118,0.6207
2017,2,2017_02_SF_SEA,SEA,SF,12,9,outdoors,fieldturf,65.0,12.0,312.0,0.0,1.0,-0.06378,1.2658,0.5476,248.0,1.0,0.0,-0.123928,0.0,0.5172
2017,2,2017_02_GB_ATL,ATL,GB,34,23,open,fieldturf,,,364.0,0.0,3.0,0.163981,5.1724,0.6129,367.0,2.0,4.0,0.03337,5.7971,0.6111
2017,2,2017_02_DET_NYG,NYG,DET,10,24,outdoors,fieldturf,72.0,5.0,270.0,1.0,2.0,-0.314996,3.6364,0.5946,257.0,1.0,2.0,-0.056858,3.5714,0.625
2017,3,2017_03_LA_SF,SF,LA,39,41,outdoors,grass,68.0,13.0,421.0,3.0,5.0,0.088606,6.6667,0.5476,418.0,1.0,5.0,0.173786,8.3333,0.7857
2017,3,2017_03_DEN_BUF,BUF,DEN,26,16,outdoors,a_turf,83.0,5.0,272.0,0.0,2.0,0.003364,3.1746,0.6667,366.0,2.0,1.0,-0.110328,1.5152,0.5581
2017,3,2017_03_NO_CAR,CAR,NO,13,34,outdoors,grass,82.0,6.0,288.0,3.0,1.0,-0.165851,1.6949,0.5135,362.0,0.0,4.0,0.190205,7.0175,0.7333
2017,3,2017_03_PIT_CHI,CHI,PIT,23,17,outdoors,grass,89.0,5.0,306.0,3.0,3.0,-0.075221,4.8387,0.625,282.0,1.0,2.0,-0.114991,3.3898,0.5238
2017,3,2017_03_ATL_DET,DET,ATL,26,30,dome,fieldturf,,,324.0,0.0,1.0,-0.080476,1.5152,0.5319,428.0,3.0,4.0,0.006636,6.1538,0.6486
2017,3,2017_03_CLE_IND,IND,CLE,31,28,closed,fieldturf,,,335.0,1.0,4.0,0.039248,6.3492,0.6296,346.0,3.0,4.0,-0.000543,5.7971,0.4583
2017,3,2017_03_TB_MIN,MIN,TB,34,17,dome,sportturf,,,494.0,0.0,4.0,0.158449,5.7143,0.7576,342.0,3.0,2.0,-0.036846,3.9216,0.6667
2017,3,2017_03_HOU_NE,NE,HOU,36,33,outdoors,fieldturf,84.0,4.0,398.0,1.0,6.0,0.066281,9.8361,0.6098,417.0,2.0,2.0,0.100823,2.9851,0.6286
2017,3,2017_03_MIA_NYJ,NYJ,MIA,20,6,outdoors,fieldturf,88.0,5.0,336.0,1.0,2.0,-0.052333,3.3898,0.72,225.0,2.0,1.0,-0.259953,1.5873,0.5417
2017,3,2017_03_NYG_PHI,PHI,NYG,27,24,outdoors,grass,89.0,6.0,354.0,1.0,3.0,0.034198,4.1096,0.6176,415.0,2.0,3.0,0.035233,4.6875,0.7447
2017,3,2017_03_SEA_TEN,TEN,SEA,33,27,outdoors,grass,88.0,4.0,420.0,0.0,3.0,0.110011,4.4776,0.625,433.0,0.0,4.0,0.048638,5.4795,0.5686
2017,3,2017_03_CIN_GB,GB,CIN,27,24,outdoors,grass,89.0,8.0,344.0,2.0,4.0,6e-06,6.1538,0.5833,301.0,0.0,2.0,-0.001116,3.3333,0.7
2017,3,2017_03_KC_LAC,LAC,KC,10,24,outdoors,grass,84.0,5.0,330.0,3.0,1.0,-0.14973,1.4706,0.4762,311.0,0.0,3.0,0.079781,5.8824,0.6154
2017,3,2017_03_OAK_WAS,WAS,OAK,27,10,outdoors,grass,76.0,0.0,472.0,1.0,3.0,0.00663,4.6154,0.8065,,,,,,
2017,3,2017_03_BAL_JAX,JAX,BAL,44,7,outdoors,grass,70.0,10.0,410.0,0.0,5.0,0.236261,7.3529,0.6061,186.0,3.0,1.0,-0.266716,1.8519,0.4828
2017,3,2017_03_DAL_ARI,ARI,DAL,17,28,closed,grass,,,332.0,0.0,2.0,-0.065662,2.6667,0.537,273.0,0.0,4.0,0.107875,8.8889,0.6842
2017,4,2017_04_CHI_GB,GB,CHI,35,14,outdoors,grass,65.0,5.0,260.0,0.0,5.0,0.16909,9.434,0.6552,308.0,4.0,2.0,-0.13177,3.125,0.6176
2017,4,2017_04_BUF_ATL,ATL,BUF,17,23,closed,fieldturf,,,389.0,3.0,3.0,-0.063707,4.1667,0.5581,281.0,0.0,1.0,0.068897,1.6949,0.5217
2017,4,2017_04_PIT_BAL,BAL,PIT,9,26,outdoors,grass,64.0,6.0,288.0,3.0,1.0,-0.237037,1.4493,0.5849,381.0,1.0,3.0,0.014723,4.0541,0.5625
2017,4,2017_04_CIN_CLE,CLE,CIN,7,31,outdoors,grass,63.0,6.0,215.0,1.0,1.0,-0.226029,1.6393,0.4773,350.0,1.0,4.0,0.146676,6.3492,0.7576
2017,4,2017_04_LA_DAL,DAL,LA,30,35,closed,matrixturf,,,440.0,1.0,4.0,0.13535,6.0606,0.5128,412.0,1.0,2.0,0.259691,2.9412,0.5676
2017,4,2017_04_TEN_HOU,HOU,TEN,57,14,open,astroturf,,,445.0,1.0,6.0,0.259001,7.6923,0.6944,195.0,5.0,3.0,-0.384502,7.3171,0.4545
2017,4,2017_04_DET_MIN,MIN,DET,7,14,dome,sportturf,,,284.0,3.0,1.0,-0.307581,1.8519,0.5,253.0,0.0,1.0,-0.104885,1.4493,0.5
2017,4,2017_04_CAR_NE,NE,CAR,30,33,outdoors,fieldturf,61.0,6.0,373.0,0.0,3.0,0.167831,4.4776,0.6667,444.0,2.0,4.0,0.259408,6.6667,0.7097
2017,4,2017_04_JAX_NYJ,NYJ,JAX,23,20,outdoors,fieldturf,64.0,5.0,471.0,2.0,3.0,-0.119938,4.3478,0.6216,311.0,1.0,1.0,-0.133697,1.3333,0.4167
2017,4,2017_04_SF_ARI,ARI,SF,18,15,closed,grass,,,368.0,1.0,1.0,-0.043614,1.2658,0.5789,305.0,1.0,0.0,-0.055014,0.0,0.4615
2017,4,2017_04_PHI_LAC,LAC,PHI,24,26,outdoors,grass,72.0,6.0,400.0,1.0,3.0,0.158923,5.6604,0.55,454.0,0.0,2.0,0.219403,2.7027,0.5312
2017,4,2017_04_NYG_TB,TB,NYG,25,23,outdoors,grass,91.0,8.0,434.0,0.0,3.0,-0.022529,4.7619,0.55,379.0,0.0,3.0,-0.012136,3.8462,0.6
2017,4,2017_04_OAK_DEN,DEN,OAK,16,10,outdoors,grass,72.0,7.0,298.0,0.0,1.0,-0.07321,1.6129,0.5333,,,,,,
2017,4,2017_04_IND_SEA,SEA,IND,46,18,outdoors,fieldturf,61.0,8.0,479.0,2.0,4.0,0.17803,6.3492,0.7,237.0,2.0,4.0,-0.20699,6.8966,0.4848
2017,4,2017_04_NO_MIA,MIA,NO,0,20,outdoors,grass,63.0,13.0,186.0,1.0,0.0,-0.247558,0.0,0.625,347.0,0.0,2.0,0.080796,2.8571,0.6905
2017,4,2017_04_WAS_KC,KC,WAS,29,20,outdoors,grass,82.0,14.0,429.0,0.0,2.0,0.10885,2.7397,0.6585,331.0,1.0,3.0,0.052889,6.0,0.5833
2017,5,2017_05_NE_TB,TB,NE,14,19,outdoors,grass,76.0,9.0,409.0,0.0,2.0,-0.069782,2.9412,0.5417,402.0,2.0,1.0,0.023041,1.5152,0.6977
2017,5,2017_05_BUF_CIN,CIN,BUF,20,16,outdoors,fieldturf,63.0,10.0,388.0,3.0,2.0,-0.0844,3.125,0.5946,221.0,1.0,1.0,-0.103614,1.4925,0.4651
2017,5,2017_05_NYJ_CLE,CLE,NYJ,14,17,outdoors,grass,67.0,8.0,419.0,3.0,2.0,-0.106334,2.8571,0.6486,212.0,1.0,2.0,-0.063147,3.9216,0.697
2017,5,2017_05_CAR_DET,DET,CAR,24,27,dome,fieldturf,,,242.0,1.0,3.0,-0.132692,5.3571,0.561,362.0,0.0,3.0,-0.033935,4.6875,0.7222
2017,5,2017_05_SF_IND,IND,SF,26,23,closed,fieldturf,,,447.0,1.0,2.0,0.063112,2.7397,0.5789,402.0,0.0,2.0,0.064819,2.8571,0.6042
2017,5,2017_05_TEN_MIA,MIA,TEN,16,10,outdoors,grass,89.0,9.0,178.0,2.0,1.0,-0.257741,1.6949,0.4286,188.0,2.0,2.0,-0.303844,3.4483,0.5526
2017,5,2017_05_LAC_NYG,NYG,LAC,22,27,outdoors,fieldturf,76.0,7.0,335.0,2.0,3.0,-0.107033,4.4776,0.5,382.0,1.0,3.0,0.001044,4.1096,0.4773
2017,5,2017_05_ARI_PHI,PHI,ARI,34,7,outdoors,grass,77.0,10.0,419.0,1.0,4.0,0.176851,6.25,0.6774,307.0,1.0,1.0,-0.193299,1.6667,0.6087
2017,5,2017_05_JAX_PIT,PIT,JAX,9,30,outdoors,grass,73.0,9.0,371.0,5.0,2.0,-0.243318,2.5974,0.5789,313.0,1.0,2.0,0.060205,3.7736,0.5
2017,5,2017_05_SEA_LA,LA,SEA,10,16,outdoors,grass,78.0,0.0,375.0,4.0,1.0,-0.191634,1.4085,0.449,241.0,3.0,1.0,-0.106608,1.5152,0.5854
2017,5,2017_05_BAL_OAK,OAK,BAL,17,30,outdoors,grass,72.0,8.0,,,,,,,365.0,0.0,2.0,0.106924,3.0769,0.7308
2017,5,2017_05_GB_DAL,DAL,GB,31,35,closed,matrixturf,,,408.0,2.0,5.0,0.150094,6.9444,0.6757,342.0,0.0,4.0,0.260169,6.7797,0.5588
2017,5,2017_05_KC_HOU,HOU,KC,34,42,closed,astroturf,,,394.0,1.0,6.0,0.064709,10.0,0.4444,450.0,0.0,3.0,0.225684,4.0541,0.7436
2017,5,2017_05_MIN_CHI,CHI,MIN,17,20,outdoors,grass,70.0,10.0,276.0,2.0,2.0,-0.123065,3.5088,0.4815,300.0,0.0,2.0,-0.034926,2.9851,0.6111
2017,6,2017_06_PHI_CAR,CAR,PHI,23,28,outdoors,grass,72.0,6.0,305.0,3.0,2.0,-0.071302,2.5316,0.5185,312.0,1.0,3.0,0.014355,4.918,0.4848
2017,6,2017_06_MIA_ATL,ATL,MIA,17,20,closed,fieldturf,,,339.0,1.0,2.0,-0.034406,3.5714,0.6486,289.0,1.0,2.0,0.051958,3.125,0.5758
2017,6,2017_06_CHI_BAL,BAL,CHI,24,27,outdoors,grass,69.0,7.0,293.0,3.0,2.0,-0.213145,2.8169,0.5333,342.0,2.0,3.0,-0.146362,4.0,0.4286
2017,6,2017_06_CLE_HOU,HOU,CLE,33,17,closed,astroturf,,,342.0,1.0,4.0,-0.067384,6.25,0.5484,247.0,3.0,2.0,-0.240657,3.1746,0.4878
2017,6,2017_06_GB_MIN,MIN,GB,23,10,dome,sportturf,,,351.0,2.0,2.0,-0.111268,2.8571,0.6316,227.0,3.0,1.0,-0.306666,1.5385,0.4878
2017,6,2017_06_DET_NO,NO,DET,52,38,dome,sportturf,,,379.0,3.0,6.0,-0.175305,8.9552,0.6667,347.0,5.0,6.0,-0.273554,7.8947,0.4386
2017,6,2017_06_NE_NYJ,NYJ,NE,17,24,outdoors,fieldturf,73.0,13.0,408.0,3.0,2.0,-0.029669,2.6667,0.6078,375.0,2.0,3.0,0.076899,4.7619,0.5263
2017,6,2017_06_SF_WAS,WAS,SF,26,24,outdoors,grass,68.0,4.0,419.0,2.0,3.0,0.023046,4.2254,0.6579,335.0,1.0,3.0,0.005335,4.2857,0.46
2017,6,2017_06_TB_ARI,ARI,TB,38,33,closed,grass,,,432.0,2.0,6.0,0.06219,10.1695,0.75,416.0,2.0,4.0,0.016632,5.8824,0.587
2017,6,2017_06_LA_JAX,JAX,LA,17,27,outdoors,grass,88.0,10.0,389.0,1.0,3.0,-0.18167,4.5455,0.575,249.0,1.0,2.0,-0.019563,3.5714,0.4583
2017,6,2017_06_PIT_KC,KC,PIT,13,19,outdoors,grass,60.0,14.0,251.0,0.0,1.0,-0.073488,1.9231,0.5135,439.0,1.0,2.0,0.02516,3.1746,0.6538
2017,6,2017_06_LAC_OAK,OAK,LAC,16,17,outdoors,grass,76.0,9.0,,,,,,,343.0,1.0,2.0,-0.015861,3.0769,0.6757
2017,6,2017_06_NYG_DEN,DEN,NYG,10,23,outdoors,grass,61.0,4.0,412.0,3.0,2.0,-0.213523,2.6667,0.5345,266.0,0.0,1.0,-0.049513,1.8519,0.5
2017,6,2017_06_IND_TEN,TEN,IND,36,22,outdoors,grass,57.0,7.0,473.0,1.0,4.0,0.150935,5.9701,0.697,297.0,1.0,1.0,-0.0026,1.7544,0.5526
2017,7,2017_07_KC_OAK,OAK,KC,31,30,outdoors,grass,62.0,1.0,,,,,,,425.0,0.0,3.0,0.282701,5.0,0.6757
2017,7,2017_07_TB_BUF,BUF,TB,30,27,outdoors,a_turf,74.0,9.0,434.0,1.0,3.0,0.093475,4.4776,0.5882,447.0,3.0,3.0,0.074105,4.2857,0.7111
2017,7,2017_07_CAR_CHI,CHI,CAR,17,3,outdoors,grass,70.0,15.0,153.0,0.0,0.0,-0.290238,0.0,0.3636,293.0,3.0,2.0,-0.356795,2.8986,0.5385
2017,7,2017_07_TEN_CLE,CLE,TEN,9,12,outdoors,grass,74.0,12.0,284.0,3.0,0.0,-0.202495,0.0,0.5366,269.0,1.0,0.0,-0.126998,0.0,0.5833
2017,7,2017_07_NO_GB,GB,NO,17,26,outdoors,grass,52.0,10.0,260.0,1.0,2.0,0.017534,4.0,0.4615,485.0,2.0,3.0,0.162275,4.0,0.6923
2017,7,2017_07_JAX_IND,IND,JAX,0,27,closed,fieldturf,,,232.0,0.0,0.0,-0.235801,0.0,0.4681,518.0,2.0,3.0,0.199639,4.6154,0.6429
2017,7,2017_07_ARI_LA,LA,ARI,33,0,outdoors,grass,54.0,10.0,425.0,1.0,3.0,0.154952,3.8462,0.5789,196.0,2.0,0.0,-0.347981,0.0,0.4286
2017,7,2017_07_NYJ_MIA,MIA,NYJ,31,28,outdoors,grass,86.0,18.0,357.0,2.0,4.0,-0.002998,6.1538,0.625,272.0,2.0,4.0,-0.016875,7.6923,0.5667
2017,7,2017_07_BAL_MIN,MIN,BAL,24,16,dome,sportturf,,,357.0,1.0,1.0,-0.009164,1.5625,0.6452,208.0,0.0,1.0,-0.107634,1.5625,0.6136
2017,7,2017_07_DAL_SF,SF,DAL,10,40,outdoors,grass,68.0,10.0,290.0,2.0,1.0,-0.15143,1.5385,0.5116,501.0,1.0,6.0,0.296131,8.4507,0.6071
2017,7,2017_07_DEN_LAC,LAC,DEN,21,0,outdoors,grass,90.0,4.0,242.0,0.0,2.0,-0.091141,3.6364,0.5172,251.0,3.0,1.0,-0.374039,1.6949,0.625
2017,7,2017_07_SEA_NYG,NYG,SEA,7,24,outdoors,fieldturf,75.0,7.0,177.0,1.0,1.0,-0.251879,1.7544,0.475,425.0,1.0,3.0,0.0142,4.2254,0.675
2017,7,2017_07_CIN_PIT,PIT,CIN,29,14,outdoors,grass,79.0,6.0,420.0,0.0,2.0,0.07284,2.9412,0.6,179.0,2.0,2.0,-0.155706,3.9216,0.5
2017,7,2017_07_ATL_NE,NE,ATL,23,7,outdoors,fieldturf,56.0,2.0,403.0,0.0,2.0,0.128617,2.9851,0.6774,343.0,0.0,1.0,-0.092333,1.7857,0.6765
2017,7,2017_07_WAS_PHI,PHI,WAS,34,24,outdoors,grass,70.0,9.0,371.0,1.0,4.0,0.12769,6.5574,0.6071,344.0,1.0,3.0,0.025321,4.8387,0.6818
2017,8,2017_08_MIA_BAL,BAL,MIA,40,0,outdoors,grass,56.0,9.0,295.0,0.0,3.0,0.063014,4.7619,0.5652,196.0,2.0,2.0,-0.474765,3.0303,0.5319
2017,8,2017_08_OAK_BUF,BUF,OAK,34,14,outdoors,a_turf,42.0,7.0,331.0,1.0,3.0,0.121937,4.6875,0.7407,,,,,,
2017,8,2017_08_IND_CIN,CIN,IND,24,23,outdoors,fieldturf,39.0,9.0,276.0,1.0,2.0,-0.105872,3.7736,0.5312,331.0,2.0,3.0,-0.060327,4.2254,0.5814
2017,8,2017_08_LAC_NE,NE,LAC,21,13,outdoors,fieldturf,62.0,8.0,414.0,0.0,1.0,0.060717,1.2195,0.64,349.0,1.0,2.0,0.004763,3.7736,0.5312
2017,8,2017_08_CHI_NO,NO,CHI,20,12,dome,sportturf,,,387.0,2.0,2.0,-0.034235,3.3333,0.7667,307.0,1.0,1.0,-0.110553,1.5152,0.4
2017,8,2017_08_ATL_NYJ,NYJ,ATL,20,25,outdoors,fieldturf,63.0,5.0,279.0,0.0,2.0,-0.072765,3.4483,0.7222,386.0,3.0,2.0,0.033316,3.1746,0.6
2017,8,2017_08_SF_PHI,PHI,SF,33,10,outdoors,grass,67.0,12.0,306.0,1.0,3.0,-0.027765,4.4776,0.5,238.0,2.0,2.0,-0.314352,3.125,0.425
2017,8,2017_08_CAR_TB,TB,CAR,3,17,outdoors,grass,63.0,13.0,279.0,3.0,0.0,-0.250315,0.0,0.5122,254.0,1.0,2.0,-0.040284,3.1746,0.5625
2017,8,2017_08_HOU_SEA,SEA,HOU,41,38,outdoors,fieldturf,50.0,2.0,479.0,1.0,4.0,0.116197,6.25,0.6047,509.0,3.0,6.0,0.138163,8.6957,0.5429
2017,8,2017_08_DAL_WAS,WAS,DAL,19,33,outdoors,grass,60.0,4.0,285.0,3.0,3.0,-0.288808,5.1724,0.6047,307.0,1.0,2.0,-0.030211,3.1746,0.5833
2017,8,2017_08_PIT_DET,DET,PIT,15,20,dome,fieldturf,,,482.0,1.0,0.0,-0.066544,0.0,0.5745,392.0,2.0,2.0,0.02788,3.3333,0.5484
2017,8,2017_08_MIN_CLE,CLE,MIN,16,33,outdoors,grass,56.0,11.0,276.0,1.0,2.0,-0.120247,3.3898,0.4865,377.0,2.0,3.0,0.104021,3.7975,0.6136
2017,8,2017_08_DEN_KC,KC,DEN,29,19,outdoors,grass,44.0,12.0,276.0,3.0,1.0,-0.054468,1.6949,0.4242,364.0,4.0,3.0,-0.161729,4.2254,0.475
2017,9,2017_09_BUF_NYJ,NYJ,BUF,34,21,outdoors,fieldturf,68.0,11.0,331.0,0.0,4.0,0.047462,6.4516,0.6667,307.0,3.0,3.0,-0.111882,4.3478,0.617
2017,9,2017_09_ATL_CAR,CAR,ATL,20,17,outdoors,grass,61.0,4.0,330.0,2.0,2.0,-0.048015,3.1746,0.52,355.0,1.0,2.0,-0.064606,3.4483,0.6
2017,9,2017_09_IND_HOU,HOU,IND,14,20,closed,astroturf,,,288.0,1.0,1.0,-0.120417,1.4925,0.413,371.0,1.0,3.0,-0.004388,4.918,0.6061
2017,9,2017_09_CIN_JAX,JAX,CIN,23,7,outdoors,grass,78.0,12.0,408.0,1.0,1.0,0.083395,1.2821,0.6316,148.0,0.0,2.0,-0.237402,5.4054,0.5
2017,9,2017_09_TB_NO,NO,TB,30,10,dome,sportturf,,,407.0,1.0,3.0,0.021255,5.0,0.7857,200.0,2.0,2.0,-0.239353,3.5088,0.4688
2017,9,2017_09_LA_NYG,NYG,LA,17,51,outdoors,fieldturf,56.0,6.0,319.0,3.0,2.0,-0.182324,3.0303,0.5,473.0,0.0,6.0,0.327195,9.8361,0.6364
2017,9,2017_09_DEN_PHI,PHI,DEN,51,23,outdoors,grass,61.0,5.0,419.0,1.0,8.0,0.164501,11.9403,0.5333,226.0,2.0,1.0,-0.137037,1.6667,0.4634
2017,9,2017_09_BAL_TEN,TEN,BAL,23,20,outdoors,grass,75.0,10.0,257.0,1.0,3.0,-0.014175,5.7692,0.6129,341.0,2.0,2.0,-0.018987,2.5974,0.6364
2017,9,2017_09_WAS_SEA,SEA,WAS,14,17,outdoors,fieldturf,36.0,11.0,437.0,2.0,2.0,-0.186033,2.5974,0.4898,244.0,1.0,2.0,-0.149031,3.3333,0.5676
2017,9,2017_09_ARI_SF,SF,ARI,10,20,outdoors,grass,61.0,8.0,329.0,2.0,1.0,-0.275127,1.3699,0.4286,368.0,2.0,2.0,-0.122044,2.7397,0.5
2017,9,2017_09_KC_DAL,DAL,KC,28,17,closed,matrixturf,,,375.0,0.0,4.0,0.165572,6.1538,0.6176,323.0,1.0,2.0,0.03537,3.6364,0.6944
2017,9,2017_09_OAK_MIA,MIA,OAK,24,27,outdoors,grass,77.0,2.0,397.0,1.0,3.0,0.019955,4.8387,0.7907,,,,,,
2017,9,2017_09_DET_GB,GB,DET,17,30,outdoors,grass,35.0,3.0,311.0,0.0,2.0,-0.066328,3.4483,0.6341,417.0,1.0,3.0,0.202122,4.4776,0.7647
2017,10,2017_10_SEA_ARI,ARI,SEA,16,22,open,grass,,,290.0,1.0,2.0,-0.12123,2.7397,0.4898,287.0,0.0,2.0,-0.047666,3.3333,0.5946
2017,10,2017_10_NO_BUF,BUF,NO,10,47,outdoors,a_turf,42.0,2.0,198.0,1.0,1.0,-0.223977,2.2222,0.5333,482.0,1.0,6.0,0.350623,8.2192,0.72
2017,10,2017_10_GB_CHI,CHI,GB,16,23,outdoors,grass,40.0,6.0,323.0,1.0,1.0,-0.060178,1.7544,0.525,342.0,0.0,2.0,0.094766,3.0769,0.6429
2017,10,2017_10_CLE_DET,DET,CLE,38,24,dome,fieldturf,,,345.0,1.0,4.0,0.050402,8.1633,0.5667,413.0,2.0,4.0,-0.089554,5.1948,0.5
2017,10,2017_10_PIT_IND,IND,PIT,17,20,closed,fieldturf,,,267.0,1.0,2.0,-0.075315,3.5714,0.5185,318.0,1.0,2.0,-0.01903,3.1746,0.5758
2017,10,2017_10_LAC_JAX,JAX,LAC,20,17,outdoors,grass,76.0,5.0,400.0,2.0,2.0,-0.105069,2.439,0.5091,322.0,2.0,2.0,-0.111837,2.9851,0.5676
2017,10,2017_10_NYJ_TB,TB,NYJ,15,10,outdoors,grass,79.0,16.0,271.0,1.0,1.0,-0.106874,1.4925,0.4857,275.0,2.0,1.0,-0.193763,1.5625,0.5111
2017,10,2017_10_CIN_TEN,TEN,CIN,24,20,outdoors,grass,53.0,4.0,416.0,2.0,3.0,-0.048062,3.5714,0.5208,308.0,2.0,3.0,-0.10107,6.0,0.5556
2017,10,2017_10_MIN_WAS,WAS,MIN,30,38,outdoors,grass,44.0,4.0,394.0,1.0,3.0,0.0558,4.1096,0.5652,406.0,2.0,5.0,0.206556,8.3333,0.7241
2017,10,2017_10_HOU_LA,LA,HOU,33,7,outdoors,grass,68.0,0.0,443.0,0.0,3.0,0.060287,4.5455,0.6341,283.0,4.0,1.0,-0.269156,1.5625,0.4615
2017,10,2017_10_DAL_ATL,ATL,DAL,27,7,closed,fieldturf,,,336.0,1.0,3.0,0.080562,4.6875,0.7333,233.0,2.0,1.0,-0.214725,1.6949,0.5263
2017,10,2017_10_NYG_SF,SF,NYG,31,21,outdoors,grass,68.0,5.0,474.0,2.0,4.0,0.174211,6.8966,0.76,376.0,1.0,2.0,0.053572,3.125,0.7
2017,10,2017_10_NE_DEN,DEN,NE,16,41,outdoors,grass,48.0,5.0,339.0,1.0,1.0,-0.042957,1.6393,0.5455,396.0,1.0,5.0,0.330576,7.4627,0.7368
2017,10,2017_10_MIA_CAR,CAR,MIA,45,21,outdoors,grass,49.0,6.0,548.0,0.0,6.0,0.320471,8.4507,0.6,313.0,1.0,3.0,0.056461,5.5556,0.5946
2017,11,2017_11_TEN_PIT,PIT,TEN,40,17,outdoors,grass,40.0,17.0,357.0,0.0,4.0,0.108536,5.7143,0.6327,316.0,4.0,2.0,-0.1613,3.3333,0.5641
2017,11,2017_11_DET_CHI,CHI,DET,24,27,outdoors,grass,33.0,16.0,398.0,1.0,4.0,0.021902,6.5574,0.5806,352.0,1.0,2.0,0.086316,3.4483,0.6176
2017,11,2017_11_JAX_CLE,CLE,JAX,7,19,outdoors,grass,38.0,16.0,184.0,4.0,2.0,-0.449576,3.6364,0.4324,284.0,2.0,1.0,-0.155126,1.2987,0.5312
2017,11,2017_11_BAL_GB,GB,BAL,0,23,outdoors,grass,28.0,14.0,265.0,5.0,0.0,-0.49935,0.0,0.5,219.0,1.0,2.0,-0.144507,3.5088,0.7097
2017,11,2017_11_ARI_HOU,HOU,ARI,31,21,closed,astroturf,,,357.0,2.0,4.0,0.010438,5.9701,0.6667,292.0,2.0,3.0,-0.113966,5.5556,0.6111
2017,11,2017_11_TB_MIA,MIA,TB,20,30,outdoors,grass,81.0,9.0,448.0,5.0,3.0,-0.184331,5.0,0.561,321.0,0.0,2.0,-0.039678,3.2258,0.5789
2017,11,2017_11_LA_MIN,MIN,LA,24,7,dome,sportturf,,,451.0,0.0,3.0,0.08594,4.1096,0.7105,254.0,1.0,1.0,-0.151218,1.7857,0.5897
2017,11,2017_11_WAS_NO,NO,WAS,34,31,dome,sportturf,,,537.0,1.0,3.0,0.15095,4.4776,0.6744,456.0,0.0,4.0,0.148101,5.9701,0.6471
2017,11,2017_11_KC_NYG,NYG,KC,12,9,outdoors,fieldturf,50.0,23.0,317.0,1.0,1.0,-0.101574,1.4706,0.5278,363.0,3.0,0.0,-0.132084,0.0,0.6429
2017,11,2017_11_BUF_LAC,LAC,BUF,54,24,outdoors,grass,76.0,6.0,429.0,0.0,4.0,0.152252,5.4795,0.6579,393.0,6.0,5.0,-0.20759,8.0645,0.525
2017,11,2017_11_CIN_DEN,DEN,CIN,17,20,outdoors,grass,60.0,7.0,341.0,2.0,2.0,-0.147805,2.5316,0.5111,190.0,0.0,3.0,-0.117865,5.6604,0.5556
2017,11,2017_11_NE_OAK,OAK,NE,8,33,outdoors,grass,66.0,0.0,,,,,,,421.0,0.0,3.0,0.374295,5.1724,0.7895
2017,11,2017_11_PHI_DAL,DAL,PHI,9,37,closed,matrixturf,,,225.0,4.0,1.0,-0.285305,1.5873,0.5,389.0,0.0,4.0,0.153912,6.25,0.4667
2017,11,2017_11_ATL_SEA,SEA,ATL,31,34,outdoors,fieldturf,45.0,6.0,362.0,2.0,4.0,0.041414,5.7143,0.5745,279.0,1.0,3.0,0.103891,5.1724,0.6786
2017,12,2017_12_MIN_DET,DET,MIN,23,30,dome,fieldturf,,,289.0,2.0,2.0,-0.095076,3.7736,0.5263,408.0,0.0,4.0,0.040078,5.4795,0.6562
2017,12,2017_12_LAC_DAL,DAL,LAC,6,28,closed,matrixturf,,,247.0,2.0,2.0,-0.20138,4.0,0.6667,515.0,0.0,3.0,0.190045,4.5455,0.8182
2017,12,2017_12_NYG_WAS,WAS,NYG,20,10,outdoors,grass,33.0,0.0,323.0,1.0,3.0,-0.167486,4.4118,0.5135,170.0,1.0,0.0,-0.329828,0.0,0.4062
2017,12,2017_12_TB_ATL,ATL,TB,34,20,closed,fieldturf,,,516.0,1.0,4.0,0.234932,6.25,0.75,373.0,0.0,2.0,0.062668,2.9412,0.6
2017,12,2017_12_CLE_CIN,CIN,CLE,30,16,outdoors,fieldturf,46.0,3.0,361.0,0.0,3.0,0.159903,5.0847,0.6207,405.0,0.0,1.0,-0.022375,1.4925,0.5
2017,12,2017_12_TEN_IND,IND,TEN,16,20,open,fieldturf,,,254.0,1.0,1.0,-0.125534,1.6393,0.4595,276.0,2.0,2.0,-0.044162,3.7736,0.68
2017,12,2017_12_BUF_KC,KC,BUF,10,16,outdoors,grass,62.0,9.0,236.0,1.0,1.0,-0.236219,1.7544,0.6053,268.0,0.0,1.0,-0.106171,1.4706,0.6129
2017,12,2017_12_MIA_NE,NE,MIA,35,17,outdoors,fieldturf,47.0,17.0,417.0,2.0,6.0,0.046585,8.9552,0.6207,221.0,3.0,1.0,-0.179593,1.6667,0.561
2017,12,2017_12_CAR_NYJ,NYJ,CAR,27,35,outdoors,fieldturf,47.0,23.0,391.0,1.0,5.0,-0.112888,7.6923,0.4872,301.0,0.0,2.0,0.026818,2.9851,0.3333
2017,12,2017_12_CHI_PHI,PHI,CHI,31,3,outdoors,grass,49.0,17.0,420.0,2.0,4.0,0.029815,5.4795,0.65,140.0,3.0,0.0,-0.370762,0.0,0.4857
2017,12,2017_12_SEA_SF,SF,SEA,13,24,outdoors,grass,66.0,12.0,280.0,1.0,1.0,-0.180213,1.4925,0.5581,318.0,1.0,3.0,0.002506,4.6875,0.5882
2017,12,2017_12_JAX_ARI,ARI,JAX,27,24,closed,grass,,,346.0,2.0,3.0,-0.067321,4.2254,0.55,219.0,3.0,2.0,-0.103615,3.4483,0.5278
2017,12,2017_12_NO_LA,LA,NO,26,20,outdoors,grass,72.0,1.0,415.0,1.0,2.0,0.138584,2.7397,0.5833,346.0,0.0,2.0,0.090235,3.8462,0.6286
2017,12,2017_12_DEN_OAK,OAK,DEN,21,14,outdoors,grass,61.0,13.0,,,,,,,216.0,1.0,2.0,-0.125136,3.5088,0.5
2017,12,2017_12_GB_PIT,PIT,GB,31,28,outdoors,grass,38.0,7.0,464.0,3.0,4.0,0.093903,5.6338,0.7021,307.0,0.0,4.0,0.109476,7.4074,0.5667
2017,12,2017_12_HOU_BAL,BAL,HOU,23,16,outdoors,grass,50.0,1.0,294.0,0.0,2.0,0.019271,3.0769,0.6176,303.0,3.0,1.0,-0.04158,1.5625,0.5641
2017,13,2017_13_WAS_DAL,DAL,WAS,38,14,closed,matrixturf,,,275.0,1.0,4.0,0.111997,6.1538,0.4783,280.0,3.0,3.0,-0.226036,5.0,0.6341
2017,13,2017_13_MIN_ATL,ATL,MIN,9,14,closed,fieldturf,,,275.0,0.0,0.0,-0.092617,0.0,0.5517,312.0,0.0,2.0,0.000581,3.1746,0.7812
2017,13,2017_13_DET_BAL,BAL,DET,44,20,outdoors,grass,53.0,4.0,370.0,0.0,4.0,0.165049,6.3492,0.6389,372.0,3.0,4.0,-0.145806,6.5574,0.7297
2017,13,2017_13_NE_BUF,BUF,NE,3,23,outdoors,a_turf,48.0,13.0,268.0,1.0,0.0,-0.19023,0.0,0.3947,435.0,1.0,2.0,0.121667,2.9412,0.6364
2017,13,2017_13_SF_CHI,CHI,SF,14,15,outdoors,grass,54.0,6.0,147.0,0.0,1.0,-0.109175,2.7778,0.7059,388.0,1.0,1.0,-0.012785,1.3699,0.6667
2017,13,2017_13_TB_GB,GB,TB,26,20,outdoors,grass,42.0,8.0,276.0,1.0,2.0,0.043541,3.7736,0.5417,395.0,1.0,3.0,-0.016851,4.0541,0.5385
2017,13,2017_13_IND_JAX,JAX,IND,30,10,outdoors,grass,70.0,7.0,428.0,0.0,3.0,0.1976,4.5455,0.6923,290.0,2.0,1.0,-0.061909,1.5152,0.525
2017,13,2017_13_DEN_MIA,MIA,DEN,35,9,outdoors,grass,80.0,11.0,367.0,3.0,4.0,-0.179779,6.25,0.5294,270.0,3.0,1.0,-0.438694,1.4706,0.4222
2017,13,2017_13_KC_NYJ,NYJ,KC,38,31,outdoors,fieldturf,48.0,0.0,490.0,0.0,4.0,0.201967,4.6512,0.7222,474.0,0.0,4.0,0.268074,8.6957,0.5429
2017,13,2017_13_HOU_TEN,TEN,HOU,24,13,outdoors,grass,60.0,4.0,344.0,0.0,3.0,0.172012,6.0,0.6,384.0,2.0,1.0,0.031405,1.3333,0.5849
2017,13,2017_13_CLE_LAC,LAC,CLE,19,10,outdoors,grass,68.0,7.0,429.0,0.0,1.0,0.090484,1.4493,0.7045,291.0,2.0,1.0,-0.026675,1.7544,0.4286
2017,13,2017_13_LA_ARI,ARI,LA,16,32,closed,grass,,,305.0,2.0,3.0,-0.281069,4.8387,0.4615,303.0,1.0,2.0,-0.021576,3.5714,0.6562
2017,13,2017_13_CAR_NO,NO,CAR,31,21,dome,sportturf,,,400.0,2.0,4.0,0.084874,6.25,0.6944,279.0,0.0,3.0,-0.052194,5.6604,0.5667
2017,13,2017_13_NYG_OAK,OAK,NYG,24,17,outdoors,grass,58.0,11.0,,,,,,,265.0,2.0,2.0,-0.080722,3.2787,0.5676
2017,13,2017_13_PHI_SEA,SEA,PHI,24,10,outdoors,fieldturf,44.0,3.0,310.0,0.0,3.0,0.131049,5.1724,0.6061,425.0,2.0,1.0,-0.051473,1.3514,0.6042
2017,13,2017_13_PIT_CIN,CIN,PIT,20,23,outdoors,fieldturf,61.0,9.0,353.0,0.0,2.0,0.0922,3.3333,0.5526,374.0,1.0,2.0,0.141863,3.1746,0.5854
2017,14,2017_14_NO_ATL,ATL,NO,20,17,closed,fieldturf,,,343.0,3.0,2.0,0.007425,3.0769,0.5357,306.0,1.0,2.0,-0.02557,3.8462,0.7027
2017,14,2017_14_IND_BUF,BUF,IND,13,7,outdoors,a_turf,32.0,15.0,298.0,2.0,2.0,-0.146666,3.0303,0.4,227.0,0.0,1.0,-0.194454,1.4493,0.4783
2017,14,2017_14_MIN_CAR,CAR,MIN,31,24,outdoors,grass,41.0,5.0,345.0,1.0,4.0,-0.050622,6.3492,0.4815,358.0,3.0,2.0,-0.116593,2.7778,0.5294
2017,14,2017_14_CHI_CIN,CIN,CHI,7,33,outdoors,fieldturf,31.0,11.0,234.0,2.0,1.0,-0.251567,1.8868,0.45,482.0,0.0,4.0,0.191449,5.5556,0.7353
2017,14,2017_14_GB_CLE,CLE,GB,21,27,outdoors,grass,29.0,24.0,345.0,2.0,3.0,0.065907,5.2632,0.6667,341.0,0.0,4.0,0.153456,5.4054,0.7447
2017,14,2017_14_SF_HOU,HOU,SF,16,26,closed,astroturf,,,311.0,1.0,2.0,-0.116311,3.125,0.4878,416.0,1.0,2.0,0.049746,3.0303,0.5714
2017,14,2017_14_OAK_KC,KC,OAK,26,15,outdoors,grass,46.0,13.0,408.0,1.0,2.0,0.013824,2.8169,0.5263,,,,,,
2017,14,2017_14_DAL_NYG,NYG,DAL,10,30,outdoors,fieldturf,39.0,11.0,330.0,2.0,1.0,-0.144001,1.3333,0.6739,454.0,0.0,4.0,0.139163,6.5574,0.6667
2017,14,2017_14_DET_TB,TB,DET,21,24,outdoors,grass,55.0,9.0,400.0,5.0,3.0,-0.043014,4.3478,0.6341,434.0,3.0,3.0,0.02347,4.8387,0.8182
2017,14,2017_14_TEN_ARI,ARI,TEN,12,7,closed,grass,,,261.0,0.0,0.0,-0.203798,0.0,0.5,204.0,2.0,1.0,-0.296552,1.7857,0.4706
2017,14,2017_14_NYJ_DEN,DEN,NYJ,23,0,outdoors,grass,60.0,3.0,273.0,0.0,2.0,-0.04175,2.9412,0.5758,100.0,2.0,0.0,-0.459643,0.0,0.32
2017,14,2017_14_WAS_LAC,LAC,WAS,30,13,outdoors,grass,81.0,4.0,488.0,1.0,4.0,0.003656,5.6338,0.5278,201.0,1.0,1.0,-0.26489,2.0,0.5172
2017,14,2017_14_SEA_JAX,JAX,SEA,30,24,outdoors,grass,54.0,5.0,424.0,1.0,3.0,0.018761,4.5455,0.6667,401.0,3.0,3.0,-0.084622,5.2632,0.5152
2017,14,2017_14_PHI_LA,LA,PHI,35,43,outdoors,grass,83.0,0.0,307.0,2.0,5.0,0.022409,11.1111,0.5714,455.0,1.0,5.0,0.124984,5.814,0.5472
2017,14,2017_14_BAL_PIT,PIT,BAL,39,38,outdoors,grass,33.0,12.0,545.0,0.0,4.0,0.2043,4.6512,0.6377,413.0,1.0,5.0,0.294554,8.0645,0.5556
2017,14,2017_14_NE_MIA,MIA,NE,27,20,outdoors,grass,55.0,7.0,362.0,0.0,3.0,0.019014,4.2857,0.625,248.0,2.0,2.0,-0.067653,3.6364,0.5333
2017,15,2017_15_DEN_IND,IND,DEN,13,25,closed,fieldturf,,,228.0,0.0,1.0,-0.06451,1.8868,0.5484,464.0,1.0,3.0,0.112053,4.0,0.5862
2017,15,2017_15_CHI_DET,DET,CHI,20,10,dome,fieldturf,,,293.0,1.0,2.0,0.002123,3.5088,0.6757,349.0,3.0,1.0,-0.133409,1.5873,0.6458
2017,15,2017_15_LAC_KC,KC,LAC,30,13,outdoors,grass,53.0,9.0,397.0,0.0,3.0,0.139782,4.7619,0.7419,307.0,4.0,2.0,-0.09376,3.3333,0.5263
2017,15,2017_15_MIA_BUF,BUF,MIA,24,16,outdoors,a_turf,22.0,8.0,328.0,0.0,3.0,-0.024313,4.918,0.5484,349.0,3.0,1.0,-0.077183,1.3699,0.5385
2017,15,2017_15_GB_CAR,CAR,GB,31,24,outdoors,grass,51.0,5.0,387.0,0.0,4.0,0.116462,5.7143,0.625,384.0,4.0,3.0,0.044069,4.4776,0.5417
2017,15,2017_15_BAL_CLE,CLE,BAL,10,27,outdoors,grass,36.0,0.0,266.0,4.0,2.0,-0.267242,3.4483,0.5128,376.0,0.0,2.0,0.01715,2.7027,0.6047
2017,15,2017_15_HOU_JAX,JAX,HOU,45,7,outdoors,grass,72.0,5.0,464.0,0.0,6.0,0.222751,8.8235,0.7,186.0,1.0,1.0,-0.253804,1.7857,0.3429
2017,15,2017_15_CIN_MIN,MIN,CIN,34,7,dome,sportturf,,,346.0,1.0,3.0,-0.020783,4.918,0.7407,161.0,2.0,2.0,-0.458165,3.9216,0.4516
2017,15,2017_15_NYJ_NO,NO,NYJ,31,19,dome,sportturf,,,412.0,3.0,4.0,-0.001649,6.25,0.7222,294.0,2.0,2.0,-0.131675,2.8986,0.4634
2017,15,2017_15_PHI_NYG,NYG,PHI,29,34,outdoors,fieldturf,35.0,0.0,504.0,1.0,4.0,0.020381,4.878,0.6271,341.0,0.0,4.0,0.140716,6.0606,0.6154
2017,15,2017_15_ARI_WAS,WAS,ARI,20,15,outdoors,grass,50.0,1.0,218.0,1.0,2.0,-0.201971,4.2553,0.6667,286.0,2.0,0.0,-0.157278,0.0,0.3478
2017,15,2017_15_LA_SEA,SEA,LA,7,42,outdoors,fieldturf,47.0,15.0,149.0,2.0,1.0,-0.507945,1.8519,0.3784,352.0,1.0,5.0,0.049474,7.3529,0.6
2017,15,2017_15_NE_PIT,PIT,NE,24,27,outdoors,grass,42.0,4.0,413.0,1.0,3.0,0.109726,4.7619,0.6875,362.0,1.0,3.0,0.228215,5.2632,0.5789
2017,15,2017_15_TEN_SF,SF,TEN,25,23,outdoors,grass,65.0,17.0,414.0,0.0,1.0,0.157552,1.4706,0.6739,328.0,1.0,2.0,0.148316,3.2258,0.6765
2017,15,2017_15_DAL_OAK,OAK,DAL,17,20,outdoors,grass,57.0,4.0,,,,,,,330.0,2.0,2.0,0.066711,3.3333,0.6207
2017,15,2017_15_ATL_TB,TB,ATL,21,24,outdoors,grass,71.0,2.0,373.0,1.0,3.0,0.093355,5.4545,0.7297,410.0,0.0,3.0,0.152546,4.4776,0.5312
2017,16,2017_16_IND_BAL,BAL,IND,23,16,outdoors,grass,63.0,14.0,323.0,0.0,2.0,0.082006,2.8169,0.7436,296.0,0.0,1.0,0.024159,1.6949,0.4571
2017,16,2017_16_MIN_GB,GB,MIN,0,16,outdoors,grass,10.0,6.0,239.0,2.0,0.0,-0.340901,0.0,0.4146,236.0,0.0,1.0,-0.06693,1.6393,0.5
2017,16,2017_16_TB_CAR,CAR,TB,22,19,outdoors,grass,55.0,6.0,255.0,1.0,2.0,-0.017192,3.3898,0.5714,392.0,3.0,1.0,-0.029225,1.7544,0.6364
2017,16,2017_16_CLE_CHI,CHI,CLE,20,3,outdoors,grass,24.0,8.0,258.0,0.0,3.0,-0.028076,5.0847,0.5,254.0,3.0,0.0,-0.290788,0.0,0.4865
2017,16,2017_16_DET_CIN,CIN,DET,26,17,outdoors,fieldturf,35.0,2.0,364.0,1.0,2.0,0.013473,2.5641,0.6136,276.0,1.0,2.0,-0.097758,3.3898,0.5135
2017,16,2017_16_MIA_KC,KC,MIA,29,13,outdoors,grass,23.0,15.0,404.0,0.0,2.0,0.055611,2.7027,0.625,345.0,2.0,1.0,-0.171113,1.8519,0.5
2017,16,2017_16_BUF_NE,NE,BUF,37,16,outdoors,fieldturf,35.0,7.0,411.0,1.0,5.0,0.163614,7.3529,0.7,326.0,0.0,0.0,-0.093914,0.0,0.4773
2017,16,2017_16_ATL_NO,NO,ATL,23,13,dome,sportturf,,,315.0,1.0,2.0,-0.107649,3.3333,0.7241,331.0,2.0,1.0,-0.213754,1.6393,0.5366
2017,16,2017_16_LAC_NYJ,NYJ,LAC,7,14,outdoors,fieldturf,40.0,6.0,295.0,3.0,1.0,-0.16168,1.6393,0.4839,379.0,0.0,2.0,-0.034553,2.8571,0.55
2017,16,2017_16_LA_TEN,TEN,LA,23,27,outdoors,grass,39.0,11.0,366.0,1.0,1.0,-0.08751,1.5152,0.55,402.0,1.0,5.0,-0.003456,7.5758,0.55
2017,16,2017_16_DEN_WAS,WAS,DEN,27,11,outdoors,grass,43.0,7.0,386.0,2.0,3.0,-0.017816,4.5455,0.5135,332.0,3.0,1.0,-0.219779,1.3889,0.5116
2017,16,2017_16_JAX_SF,SF,JAX,44,33,outdoors,grass,52.0,0.0,369.0,1.0,5.0,0.113487,7.5758,0.6774,474.0,3.0,5.0,-0.017016,6.25,0.6154
2017,16,2017_16_NYG_ARI,ARI,NYG,23,0,closed,grass,,,289.0,2.0,2.0,-0.152361,3.125,0.5676,293.0,3.0,1.0,-0.444335,1.4925,0.5745
2017,16,2017_16_SEA_DAL,DAL,SEA,12,21,closed,matrixturf,,,282.0,3.0,1.0,-0.176692,1.4706,0.5526,136.0,0.0,2.0,-0.063523,3.7037,0.5833
2017,16,2017_16_PIT_HOU,HOU,PIT,6,34,closed,astroturf,,,227.0,2.0,1.0,-0.268933,1.8868,0.32,330.0,0.0,4.0,0.224434,6.8966,0.6667
2017,16,2017_16_OAK_PHI,PHI,OAK,19,10,outdoors,grass,29.0,15.0,216.0,2.0,1.0,-0.33261,1.6129,0.475,,,,,,
2017,17,2017_17_GB_DET,DET,GB,35,11,dome,fieldturf,,,358.0,1.0,4.0,0.040475,7.2727,0.625,258.0,3.0,1.0,-0.272307,1.5625,0.5405
2017,17,2017_17_HOU_IND,IND,HOU,22,13,closed,fieldturf,,,250.0,0.0,2.0,0.063817,3.2258,0.5769,209.0,1.0,1.0,-0.011194,1.8868,0.5385
2017,17,2017_17_CHI_MIN,MIN,CHI,23,10,dome,sportturf,,,327.0,0.0,4.0,-0.087718,5.9701,0.6774,201.0,0.0,0.0,-0.264004,0.0,0.5263
2017,17,2017_17_NYJ_NE,NE,NYJ,26,6,outdoors,fieldturf,13.0,14.0,330.0,0.0,3.0,0.052839,3.75,0.4524,247.0,0.0,0.0,-0.168384,0.0,0.475
2017,17,2017_17_WAS_NYG,NYG,WAS,18,10,outdoors,fieldturf,16.0,16.0,381.0,1.0,2.0,-0.205365,2.6667,0.3226,197.0,3.0,1.0,-0.368924,1.7857,0.5
2017,17,2017_17_DAL_PHI,PHI,DAL,0,6,outdoors,grass,19.0,17.0,219.0,2.0,0.0,-0.31455,0.0,0.6216,301.0,0.0,1.0,-0.173377,1.5873,0.5484
2017,17,2017_17_CLE_PIT,PIT,CLE,28,24,outdoors,grass,11.0,3.0,348.0,2.0,4.0,0.031301,6.8966,0.7667,374.0,2.0,3.0,0.007481,4.7619,0.4444
2017,17,2017_17_CAR_ATL,ATL,CAR,22,10,closed,fieldturf,,,371.0,0.0,1.0,-0.009119,1.3889,0.6087,248.0,3.0,1.0,-0.196989,1.6667,0.3889
2017,17,2017_17_CIN_BAL,BAL,CIN,27,31,outdoors,grass,19.0,12.0,312.0,1.0,4.0,-0.100445,5.4054,0.5208,359.0,1.0,3.0,-0.036611,4.0,0.5111
2017,17,2017_17_KC_DEN,DEN,KC,24,27,outdoors,grass,17.0,4.0,336.0,3.0,3.0,-0.082105,4.6154,0.5833,379.0,2.0,3.0,-0.014875,4.6154,0.5789
2017,17,2017_17_SF_LA,LA,SF,13,34,outdoors,grass,67.0,3.0,251.0,2.0,1.0,-0.133901,1.5873,0.5405,461.0,3.0,4.0,0.202691,6.3492,0.6061
2017,17,2017_17_OAK_LAC,LAC,OAK,30,10,outdoors,grass,62.0,2.0,495.0,0.0,4.0,0.151119,5.8824,0.7368,,,,,,
2017,17,2017_17_BUF_MIA,MIA,BUF,16,22,outdoors,grass,71.0,9.0,356.0,1.0,2.0,-0.024999,2.9412,0.6522,312.0,0.0,2.0,0.109161,3.125,0.6129
2017,17,2017_17_ARI_SEA,SEA,ARI,24,26,outdoors,fieldturf,40.0,7.0,296.0,0.0,3.0,-0.019748,5.5556,0.5625,259.0,1.0,2.0,0.049532,2.9412,0.4286
2017,17,2017_17_NO_TB,TB,NO,31,24,outdoors,grass,71.0,3.0,457.0,4.0,4.0,0.182769,4.878,0.5185,323.0,0.0,3.0,0.18535,5.1724,0.6875
2017,17,2017_17_JAX_TEN,TEN,JAX,15,10,outdoors,grass,23.0,5.0,232.0,2.0,2.0,-0.219853,3.1746,0.5,229.0,3.0,0.0,-0.28271,0.0,0.4167
2017,18,2017_18_TEN_KC,KC,TEN,21,22,outdoors,grass,33.0,10.0,325.0,1.0,3.0,0.044045,5.6604,0.6486,397.0,1.0,3.0,0.103682,4.5455,0.5429
2017,18,2017_18_ATL_LA,LA,ATL,13,26,outdoors,grass,62.0,3.0,361.0,1.0,1.0,-0.059756,1.5625,0.5,322.0,1.0,2.0,0.16671,2.7778,0.6364
2017,18,2017_18_BUF_JAX,JAX,BUF,10,3,outdoors,grass,53.0,18.0,230.0,0.0,1.0,-0.08441,1.6949,0.48,263.0,2.0,0.0,-0.133796,0.0,0.4286
2017,18,2017_18_CAR_NO,NO,CAR,31,26,dome,sportturf,,,410.0,1.0,4.0,0.136862,7.1429,0.6765,413.0,0.0,2.0,0.092022,2.8169,0.5333
2017,19,2017_19_ATL_PHI,PHI,ATL,15,10,outdoors,grass,32.0,16.0,334.0,1.0,1.0,0.072788,1.5873,0.7419,281.0,1.0,1.0,0.020511,1.6949,0.5641
2017,19,2017_19_TEN_NE,NE,TEN,35,14,outdoors,fieldturf,24.0,12.0,438.0,0.0,5.0,0.212233,6.25,0.6604,277.0,0.0,2.0,-0.019216,3.2258,0.5
2017,19,2017_19_JAX_PIT,PIT,JAX,42,45,outdoors,grass,18.0,2.0,545.0,2.0,7.0,0.12786,8.9744,0.6167,378.0,0.0,5.0,0.252382,8.1967,0.5385
2017,19,2017_19_NO_MIN,MIN,NO,29,24,dome,sportturf,,,403.0,1.0,3.0,0.013218,4.1667,0.5952,358.0,2.0,3.0,-0.036717,4.4776,0.5814
2017,20,2017_20_JAX_NE,NE,JAX,24,20,outdoors,fieldturf,48.0,3.0,344.0,1.0,3.0,0.052645,4.918,0.6429,374.0,0.0,2.0,0.028257,2.8169,0.5897
2017,20,2017_20_MIN_PHI,PHI,MIN,38,7,outdoors,grass,47.0,5.0,456.0,0.0,4.0,0.269857,6.25,0.7647,333.0,3.0,2.0,-0.154626,2.9851,0.5714
2017,21,2017_21_PHI_NE,NE,PHI,33,41,dome,sportturf,,,613.0,1.0,4.0,0.192112,5.5556,0.56,538.0,1.0,5.0,0.300722,6.8493,0.6304
2018,1,2018_01_ATL_PHI,PHI,ATL,18,12,outdoors,grass,81.0,8.0,234.0,1.0,2.0,-0.054855,3.0769,0.5405,299.0,2.0,1.0,-0.103448,1.5385,0.4468
2018,1,2018_01_BUF_BAL,BAL,BUF,47,3,outdoors,grass,61.0,12.0,369.0,1.0,6.0,0.081672,8.0,0.6341,153.0,2.0,0.0,-0.463997,0.0,0.2821
2018,1,2018_01_PIT_CLE,CLE,PIT,21,21,outdoors,grass,58.0,11.0,327.0,1.0,3.0,-0.19314,3.5294,0.3191,472.0,6.0,3.0,-0.183916,3.75,0.5111
2018,1,2018_01_CIN_IND,IND,CIN,23,34,closed,fieldturf,,,380.0,2.0,3.0,-0.088723,3.8961,0.7091,330.0,2.0,3.0,0.08469,6.0,0.7
2018,1,2018_01_TEN_MIA,MIA,TEN,27,20,outdoors,grass,89.0,7.0,342.0,2.0,3.0,-0.030527,5.1724,0.6897,336.0,3.0,2.0,-0.109005,2.9851,0.5263
2018,1,2018_01_SF_MIN,MIN,SF,24,16,dome,sportturf,,,343.0,1.0,2.0,-0.149646,2.8169,0.5128,327.0,4.0,2.0,-0.229985,3.2787,0.4167
2018,1,2018_01_HOU_NE,NE,HOU,27,20,outdoors,fieldturf,62.0,10.0,389.0,2.0,3.0,-0.010379,4.1667,0.6341,325.0,3.0,2.0,-0.075452,2.8169,0.4595
2018,1,2018_01_TB_NO,NO,TB,40,48,dome,sportturf,,,479.0,2.0,6.0,0.135969,9.8361,0.7872,529.0,0.0,5.0,0.297133,8.0645,0.75
2018,1,2018_01_JAX_NYG,NYG,JAX,15,20,outdoors,fieldturf,59.0,7.0,324.0,1.0,2.0,-0.167986,3.1746,0.5897,305.0,2.0,1.0,-0.08553,1.6129,0.5294
2018,1,2018_01_KC_LAC,LAC,KC,28,38,outdoors,grass,84.0,8.0,545.0,1.0,4.0,0.081512,5.1948,0.6296,362.0,1.0,4.0,0.282767,7.2727,0.5357
2018,1,2018_01_WAS_ARI,ARI,WAS,6,24,closed,grass,,,213.0,2.0,1.0,-0.171595,1.9231,0.5405,429.0,1.0,3.0,0.113154,4.0,0.6364
2018,1,2018_01_DAL_CAR,CAR,DAL,16,8,outdoors,grass,81.0,9.0,293.0,1.0,2.0,-0.092335,3.2258,0.5862,234.0,1.0,1.0,-0.208367,1.7241,0.5429
2018,1,2018_01_SEA_DEN,DEN,SEA,27,24,outdoors,grass,84.0,5.0,470.0,3.0,3.0,-0.028003,4.1667,0.625,306.0,3.0,3.0,-0.046982,5.4545,0.4872
2018,1,2018_01_CHI_GB,GB,CHI,24,23,outdoors,grass,62.0,10.0,370.0,2.0,4.0,-0.053013,6.7797,0.5854,294.0,1.0,1.0,-0.015908,1.5152,0.5897
2018,1,2018_01_NYJ_DET,DET,NYJ,17,48,dome,fieldturf,,,339.0,6.0,3.0,-0.482429,4.4776,0.5577,349.0,1.0,5.0,-0.021109,8.4746,0.6957
2018,1,2018_01_LA_OAK,OAK,LA,13,33,outdoors,grass,69.0,10.0,,,,,,,365.0,0.0,2.0,0.127623,3.3333,0.5294
2018,2,2018_02_BAL_CIN,CIN,BAL,34,23,outdoors,fieldturf,82.0,3.0,373.0,0.0,4.0,0.084692,5.7143,0.5714,425.0,3.0,3.0,-0.043947,3.6585,0.5333
2018,2,2018_02_CAR_ATL,ATL,CAR,31,24,closed,fieldturf,,,442.0,1.0,4.0,0.188682,6.6667,0.8214,439.0,1.0,3.0,0.1049,4.6154,0.6809
2018,2,2018_02_LAC_BUF,BUF,LAC,20,31,outdoors,a_turf,83.0,6.0,263.0,2.0,2.0,-0.072206,3.3898,0.4595,349.0,0.0,4.0,0.097341,7.2727,0.7931
2018,2,2018_02_MIN_GB,GB,MIN,29,29,outdoors,grass,80.0,5.0,351.0,0.0,1.0,0.019563,1.4286,0.6522,482.0,1.0,5.0,-0.008198,7.2464,0.6863
2018,2,2018_02_CLE_NO,NO,CLE,21,18,dome,sportturf,,,277.0,2.0,2.0,-0.127137,3.2258,0.7368,327.0,1.0,2.0,-0.138479,3.3333,0.6667
2018,2,2018_02_MIA_NYJ,NYJ,MIA,12,20,outdoors,fieldturf,80.0,4.0,362.0,3.0,1.0,-0.184476,1.5873,0.5682,257.0,2.0,3.0,-0.091766,5.1724,0.6296
2018,2,2018_02_KC_PIT,PIT,KC,37,42,outdoors,grass,80.0,10.0,477.0,0.0,5.0,0.115459,6.6667,0.629,449.0,1.0,6.0,0.330622,11.1111,0.7931
2018,2,2018_02_PHI_TB,TB,PHI,27,21,outdoors,grass,91.0,9.0,436.0,2.0,4.0,0.051885,6.8966,0.7714,412.0,2.0,3.0,-0.020541,4.0,0.6863
2018,2,2018_02_HOU_TEN,TEN,HOU,20,17,outdoors,grass,81.0,12.0,283.0,0.0,2.0,0.050801,3.5088,0.6522,437.0,1.0,2.0,0.02188,3.2258,0.6111
2018,2,2018_02_IND_WAS,WAS,IND,9,21,outdoors,grass,71.0,5.0,334.0,1.0,0.0,-0.123916,0.0,0.6735,281.0,2.0,3.0,0.032491,5.0,0.6562
2018,2,2018_02_ARI_LA,LA,ARI,34,0,outdoors,grass,86.0,2.0,438.0,1.0,4.0,0.144314,5.7143,0.6857,137.0,1.0,0.0,-0.409919,0.0,0.6071
2018,2,2018_02_DET_SF,SF,DET,30,27,outdoors,grass,73.0,12.0,346.0,0.0,3.0,0.157103,5.0,0.5625,427.0,1.0,3.0,0.088988,4.1096,0.6182
2018,2,2018_02_OAK_DEN,DEN,OAK,20,19,outdoors,grass,92.0,4.0,385.0,1.0,2.0,0.051873,3.125,0.5278,,,,,,
2018,2,2018_02_NE_JAX,JAX,NE,31,20,outdoors,grass,97.0,15.0,480.0,2.0,4.0,0.08681,5.7971,0.6444,302.0,1.0,2.0,-0.035614,3.2787,0.6486
2018,2,2018_02_NYG_DAL,DAL,NYG,20,13,closed,matrixturf,,,298.0,0.0,2.0,-0.009527,4.0,0.64,255.0,1.0,1.0,-0.097211,1.4925,0.66
2018,2,2018_02_SEA_CHI,CHI,SEA,24,17,outdoors,grass,79.0,2.0,271.0,2.0,2.0,-0.08104,3.1746,0.6944,276.0,2.0,3.0,-0.178067,4.6875,0.5238
2018,3,2018_03_NYJ_CLE,CLE,NYJ,21,17,outdoors,grass,83.0,11.0,325.0,0.0,2.0,-0.073708,2.6667,0.5,268.0,3.0,2.0,-0.107294,3.1746,0.4545
2018,3,2018_03_NO_ATL,ATL,NO,37,43,closed,fieldturf,,,411.0,0.0,5.0,0.138877,8.0645,0.65,534.0,0.0,5.0,0.208029,6.4935,0.78
2018,3,2018_03_DEN_BAL,BAL,DEN,27,14,outdoors,grass,61.0,5.0,342.0,0.0,3.0,0.02315,4.2857,0.5952,293.0,1.0,2.0,-0.123717,3.2787,0.5946
2018,3,2018_03_CIN_CAR,CAR,CIN,31,21,outdoors,grass,80.0,3.0,377.0,0.0,4.0,0.112901,6.0606,0.6,396.0,4.0,3.0,0.006507,4.918,0.6042
2018,3,2018_03_NYG_HOU,HOU,NYG,22,27,closed,astroturf,,,427.0,2.0,2.0,0.019334,3.1746,0.5455,379.0,0.0,3.0,0.127565,5.0,0.7576
2018,3,2018_03_TEN_JAX,JAX,TEN,6,9,outdoors,grass,89.0,10.0,232.0,1.0,0.0,-0.175013,0.0,0.5676,233.0,0.0,0.0,-0.122811,0.0,0.5417
2018,3,2018_03_SF_KC,KC,SF,38,27,outdoors,grass,70.0,4.0,384.0,0.0,5.0,0.287734,7.3529,0.6,408.0,0.0,3.0,0.16763,4.6875,0.5714
2018,3,2018_03_OAK_MIA,MIA,OAK,28,20,outdoors,grass,90.0,7.0,373.0,0.0,4.0,0.181776,10.2564,0.72,,,,,,
2018,3,2018_03_BUF_MIN,MIN,BUF,6,27,dome,sportturf,,,292.0,3.0,1.0,-0.370446,1.5152,0.6667,292.0,0.0,3.0,-0.003388,4.7619,0.6
2018,3,2018_03_IND_PHI,PHI,IND,20,16,outdoors,grass,61.0,5.0,379.0,2.0,2.0,-0.059887,2.5974,0.5952,209.0,0.0,1.0,-0.09964,1.7857,0.5814
2018,3,2018_03_GB_WAS,WAS,GB,31,17,outdoors,grass,62.0,6.0,386.0,1.0,4.0,0.093475,7.2727,0.6,340.0,1.0,2.0,-0.074991,3.0303,0.551
2018,3,2018_03_LAC_LA,LA,LAC,35,23,outdoors,grass,80.0,5.0,521.0,2.0,4.0,0.171846,5.5556,0.7838,356.0,2.0,4.0,0.047154,7.6923,0.5625
2018,3,2018_03_CHI_ARI,ARI,CHI,14,16,closed,grass,,,221.0,4.0,2.0,-0.20245,4.1667,0.5667,316.0,2.0,1.0,-0.085264,1.4493,0.6316
2018,3,2018_03_DAL_SEA,SEA,DAL,24,13,outdoors,fieldturf,61.0,4.0,295.0,0.0,3.0,0.031984,4.4776,0.5714,303.0,3.0,1.0,-0.090892,1.7241,0.4872
2018,3,2018_03_NE_DET,DET,NE,26,10,dome,fieldturf,,,414.0,1.0,2.0,0.046714,2.8571,0.7297,209.0,1.0,1.0,-0.241535,2.1277,0.5
2018,3,2018_03_PIT_TB,TB,PIT,27,30,outdoors,grass,77.0,5.0,455.0,4.0,4.0,-0.05365,5.7971,0.566,413.0,1.0,3.0,-0.001786,4.7619,0.7317
2018,4,2018_04_MIN_LA,LA,MIN,38,31,outdoors,grass,75.0,3.0,556.0,0.0,5.0,0.273463,9.0909,0.7429,448.0,1.0,3.0,0.152071,4.1667,0.6545
2018,4,2018_04_CIN_ATL,ATL,CIN,36,37,closed,fieldturf,,,495.0,0.0,4.0,0.162486,5.9701,0.6744,407.0,1.0,5.0,0.182218,7.3529,0.6444
2018,4,2018_04_TB_CHI,CHI,TB,48,10,outdoors,grass,66.0,5.0,483.0,0.0,6.0,0.438375,10.3448,0.7037,311.0,3.0,1.0,-0.093606,1.6667,0.5952
2018,4,2018_04_DET_DAL,DAL,DET,26,24,closed,matrixturf,,,414.0,0.0,2.0,0.167554,3.0769,0.5667,382.0,0.0,3.0,0.179112,5.6604,0.7273
2018,4,2018_04_BUF_GB,GB,BUF,22,0,outdoors,grass,49.0,9.0,423.0,2.0,2.0,-0.025879,2.7027,0.5238,145.0,3.0,0.0,-0.383361,0.0,0.4
2018,4,2018_04_HOU_IND,IND,HOU,34,37,closed,fieldturf,,,480.0,2.0,5.0,-0.026462,5.8824,0.5882,466.0,1.0,3.0,0.038236,3.5714,0.5918
2018,4,2018_04_NYJ_JAX,JAX,NYJ,31,12,outdoors,grass,86.0,10.0,503.0,3.0,3.0,0.009473,4.0,0.7073,178.0,0.0,1.0,-0.205503,1.9231,0.4474
2018,4,2018_04_MIA_NE,NE,MIA,38,7,outdoors,fieldturf,65.0,6.0,449.0,2.0,5.0,0.150636,6.6667,0.6571,172.0,2.0,1.0,-0.312126,2.2222,0.5556
2018,4,2018_04_PHI_TEN,TEN,PHI,26,23,outdoors,grass,80.0,4.0,397.0,1.0,3.0,0.096833,4.4118,0.6522,432.0,1.0,2.0,0.037675,2.6316,0.6111
2018,4,2018_04_SEA_ARI,ARI,SEA,17,20,closed,grass,,,263.0,1.0,2.0,-0.160747,3.5714,0.5357,331.0,0.0,2.0,-0.089515,3.2258,0.6786
2018,4,2018_04_CLE_OAK,OAK,CLE,45,42,outdoors,grass,71.0,8.0,,,,,,,491.0,4.0,6.0,-0.058416,7.7922,0.4773
2018,4,2018_04_SF_LAC,LAC,SF,29,27,outdoors,grass,78.0,9.0,370.0,1.0,4.0,-0.120692,5.8824,0.6098,364.0,2.0,2.0,-0.102232,3.3898,0.6053
2018,4,2018_04_NO_NYG,NYG,NO,18,33,outdoors,fieldturf,71.0,7.0,301.0,2.0,2.0,-0.062425,3.3333,0.6889,389.0,0.0,3.0,0.176338,4.4776,0.5429
2018,4,2018_04_BAL_PIT,PIT,BAL,14,26,outdoors,grass,69.0,2.0,286.0,2.0,1.0,-0.15249,1.6667,0.551,451.0,1.0,2.0,0.050664,2.7027,0.6364
2018,4,2018_04_KC_DEN,DEN,KC,23,27,outdoors,grass,65.0,5.0,385.0,1.0,2.0,0.061553,3.3898,0.5676,446.0,0.0,3.0,0.13065,4.1667,0.6087
2018,5,2018_05_IND_NE,NE,IND,38,24,outdoors,fieldturf,66.0,6.0,438.0,2.0,5.0,0.119818,7.4627,0.7727,439.0,3.0,3.0,-0.034504,3.7037,0.6333
2018,5,2018_05_TEN_BUF,BUF,TEN,13,12,outdoors,a_turf,62.0,8.0,223.0,1.0,1.0,-0.144072,1.5625,0.4762,221.0,3.0,0.0,-0.155153,0.0,0.5
2018,5,2018_05_NYG_CAR,CAR,NYG,33,31,outdoors,grass,80.0,3.0,350.0,3.0,3.0,0.107332,4.4776,0.5833,434.0,2.0,3.0,0.097158,5.4545,0.5897
2018,5,2018_05_MIA_CIN,CIN,MIA,27,17,outdoors,fieldturf,87.0,4.0,332.0,1.0,2.0,-0.099748,3.4483,0.625,297.0,3.0,3.0,-0.23884,5.0,0.5263
2018,5,2018_05_BAL_CLE,CLE,BAL,12,9,outdoors,grass,72.0,5.0,416.0,1.0,1.0,-0.144007,1.3158,0.5208,410.0,2.0,0.0,-0.142299,0.0,0.4915
2018,5,2018_05_GB_DET,DET,GB,31,23,dome,fieldturf,,,264.0,1.0,4.0,0.06043,7.0175,0.4828,523.0,2.0,3.0,-0.020601,3.8462,0.5517
2018,5,2018_05_JAX_KC,KC,JAX,30,14,outdoors,grass,58.0,5.0,424.0,2.0,2.0,0.053325,2.8986,0.5641,502.0,5.0,3.0,-0.139282,3.6145,0.5
2018,5,2018_05_DEN_NYJ,NYJ,DEN,34,16,outdoors,fieldturf,77.0,7.0,512.0,2.0,4.0,0.113303,6.5574,0.4348,436.0,1.0,2.0,-0.109078,2.7397,0.625
2018,5,2018_05_ATL_PIT,PIT,ATL,41,17,outdoors,grass,83.0,5.0,381.0,1.0,5.0,0.212982,8.6207,0.6552,324.0,1.0,3.0,-0.107827,4.2857,0.6078
2018,5,2018_05_OAK_LAC,LAC,OAK,26,10,outdoors,grass,75.0,10.0,412.0,0.0,3.0,0.155234,5.0847,0.7857,,,,,,
2018,5,2018_05_MIN_PHI,PHI,MIN,21,23,outdoors,grass,79.0,6.0,366.0,2.0,3.0,-0.086858,5.3571,0.6316,375.0,1.0,1.0,-0.021377,1.6393,0.7895
2018,5,2018_05_LA_SEA,SEA,LA,31,33,outdoors,fieldturf,53.0,5.0,373.0,0.0,4.0,0.166262,7.2727,0.5652,468.0,2.0,4.0,0.230301,6.3492,0.697
2018,5,2018_05_ARI_SF,SF,ARI,18,28,outdoors,grass,79.0,15.0,447.0,5.0,4.0,-0.17562,4.2105,0.5667,220.0,0.0,3.0,-0.105396,6.1224,0.3846
2018,5,2018_05_DAL_HOU,HOU,DAL,19,16,closed,astroturf,,,462.0,2.0,1.0,-0.101511,1.3158,0.7333,292.0,2.0,1.0,-0.15675,1.6667,0.5806
2018,5,2018_05_WAS_NO,NO,WAS,43,19,dome,sportturf,,,447.0,1.0,6.0,0.223991,9.375,0.8387,283.0,2.0,2.0,-0.116654,3.2787,0.5349
2018,6,2018_06_PHI_NYG,NYG,PHI,13,34,outdoors,fieldturf,70.0,3.0,401.0,1.0,1.0,-0.158495,1.5625,0.5106,379.0,0.0,4.0,0.151277,5.8824,0.7027
2018,6,2018_06_TB_ATL,ATL,TB,34,29,open,fieldturf,,,417.0,0.0,4.0,0.189855,6.25,0.7381,510.0,2.0,4.0,0.154177,6.25,0.6818
2018,6,2018_06_PIT_CIN,CIN,PIT,21,28,outdoors,fieldturf,51.0,6.0,275.0,0.0,3.0,0.11275,5.1724,0.5778,483.0,0.0,3.0,0.215288,4.4118,0.6809
2018,6,2018_06_LAC_CLE,CLE,LAC,14,38,outdoors,grass,51.0,9.0,319.0,2.0,1.0,-0.248761,1.3699,0.4231,449.0,1.0,5.0,0.104732,8.6207,0.5455
2018,6,2018_06_BUF_HOU,HOU,BUF,20,13,closed,astroturf,,,216.0,4.0,1.0,-0.211123,1.7544,0.4545,229.0,2.0,2.0,-0.278088,3.4483,0.5161
2018,6,2018_06_CHI_MIA,MIA,CHI,31,28,outdoors,grass,89.0,8.0,543.0,3.0,3.0,0.06416,3.9474,0.6222,467.0,3.0,4.0,0.065792,6.25,0.6667
2018,6,2018_06_ARI_MIN,MIN,ARI,27,17,dome,sportturf,,,411.0,2.0,4.0,-0.165364,5.7143,0.6316,268.0,2.0,1.0,-0.314084,1.8182,0.6
2018,6,2018_06_IND_NYJ,NYJ,IND,42,34,outdoors,fieldturf,60.0,7.0,374.0,2.0,2.0,0.021455,2.9412,0.75,428.0,4.0,5.0,-0.07539,7.5758,0.5349
2018,6,2018_06_SEA_OAK,OAK,SEA,3,27,outdoors,grass,52.0,10.0,,,,,,,369.0,1.0,3.0,0.111422,4.918,0.7083
2018,6,2018_06_CAR_WAS,WAS,CAR,23,17,outdoors,grass,52.0,0.0,288.0,1.0,2.0,0.084096,2.9851,0.5385,352.0,2.0,2.0,-0.007095,3.3333,0.6429
2018,6,2018_06_LA_DEN,DEN,LA,20,23,outdoors,grass,25.0,6.0,357.0,1.0,2.0,0.003161,3.3333,0.5814,444.0,1.0,2.0,0.08204,2.7778,0.4242
2018,6,2018_06_JAX_DAL,DAL,JAX,40,7,closed,matrixturf,,,378.0,0.0,4.0,0.149094,5.5556,0.5667,204.0,2.0,1.0,-0.397317,2.1277,0.5172
2018,6,2018_06_BAL_TEN,TEN,BAL,0,21,outdoors,grass,66.0,4.0,106.0,0.0,0.0,-0.30723,0.0,0.3846,361.0,1.0,3.0,0.085362,4.1667,0.6757
2018,6,2018_06_KC_NE,NE,KC,43,40,outdoors,fieldturf,45.0,0.0,500.0,1.0,4.0,0.19336,5.3333,0.6486,446.0,2.0,4.0,0.268371,7.5472,0.6389
2018,6,2018_06_SF_GB,GB,SF,33,30,outdoors,grass,37.0,5.0,521.0,0.0,3.0,0.099618,4.2857,0.5102,401.0,3.0,3.0,0.12047,5.4545,0.64
2018,7,2018_07_DEN_ARI,ARI,DEN,10,45,closed,grass,,,223.0,5.0,3.0,-0.553314,4.5455,0.4667,309.0,1.0,4.0,-0.062819,7.2727,0.625
2018,7,2018_07_NE_CHI,CHI,NE,31,38,outdoors,grass,44.0,9.0,453.0,2.0,5.0,-0.035809,6.4935,0.5,381.0,3.0,4.0,0.102068,6.25,0.6757
2018,7,2018_07_BUF_IND,IND,BUF,37,5,closed,fieldturf,,,378.0,0.0,5.0,0.123742,8.1967,0.7391,303.0,5.0,0.0,-0.385427,0.0,0.6061
2018,7,2018_07_HOU_JAX,JAX,HOU,7,20,outdoors,grass,68.0,15.0,259.0,3.0,1.0,-0.246143,1.4706,0.587,272.0,0.0,2.0,-0.071375,3.2258,0.48
2018,7,2018_07_DET_MIA,MIA,DET,21,32,outdoors,grass,89.0,8.0,322.0,0.0,3.0,0.101787,5.5556,0.6286,457.0,0.0,3.0,0.323965,5.0847,0.7826
2018,7,2018_07_MIN_NYJ,NYJ,MIN,17,37,outdoors,fieldturf,46.0,16.0,263.0,4.0,2.0,-0.325277,2.8986,0.3778,316.0,0.0,4.0,-0.033379,6.1538,0.6098
2018,7,2018_07_CAR_PHI,PHI,CAR,17,21,outdoors,grass,49.0,19.0,342.0,1.0,2.0,0.067145,3.0769,0.7317,373.0,0.0,3.0,0.141726,5.0847,0.5952
2018,7,2018_07_CLE_TB,TB,CLE,26,23,outdoors,grass,79.0,7.0,456.0,5.0,3.0,-0.049316,3.4091,0.5714,305.0,0.0,3.0,-0.096379,4.8387,0.5897
2018,7,2018_07_NO_BAL,BAL,NO,23,24,outdoors,grass,54.0,15.0,351.0,0.0,3.0,0.151302,4.6875,0.5854,339.0,1.0,3.0,0.173798,4.2857,0.7097
2018,7,2018_07_LA_SF,SF,LA,10,39,outdoors,grass,62.0,5.0,228.0,4.0,1.0,-0.385314,1.7241,0.4412,339.0,0.0,4.0,0.105977,6.5574,0.72
2018,7,2018_07_DAL_WAS,WAS,DAL,20,17,outdoors,grass,52.0,12.0,305.0,0.0,1.0,-0.083517,1.7241,0.5385,323.0,2.0,3.0,-0.118335,4.918,0.5641
2018,7,2018_07_CIN_KC,KC,CIN,45,10,outdoors,grass,59.0,10.0,551.0,1.0,5.0,0.278078,7.1429,0.6829,239.0,1.0,2.0,-0.181559,3.7037,0.5429
2018,7,2018_07_TEN_LAC,LAC,TEN,20,19,outdoors,grass,66.0,6.0,344.0,0.0,2.0,0.214516,4.5455,0.6786,390.0,1.0,2.0,0.123542,2.9412,0.6857
2018,7,2018_07_NYG_ATL,ATL,NYG,23,20,open,fieldturf,,,423.0,1.0,2.0,0.135362,3.2258,0.7381,435.0,0.0,2.0,0.094035,3.125,0.6279
2018,8,2018_08_MIA_HOU,HOU,MIA,42,23,closed,astroturf,,,427.0,0.0,6.0,0.212539,10.9091,0.8,370.0,1.0,2.0,-0.013143,3.0769,0.55
2018,8,2018_08_BAL_CAR,CAR,BAL,36,21,outdoors,grass,61.0,10.0,386.0,0.0,4.0,0.183032,6.25,0.7097,325.0,3.0,3.0,-0.012074,4.6875,0.5652
2018,8,2018_08_NYJ_CHI,CHI,NYJ,24,10,outdoors,grass,48.0,18.0,395.0,0.0,3.0,0.084293,4.6154,0.5161,207.0,0.0,1.0,-0.108979,1.8519,0.4667
2018,8,2018_08_TB_CIN,CIN,TB,37,34,outdoors,fieldturf,55.0,7.0,402.0,0.0,4.0,0.073857,6.3492,0.5833,578.0,4.0,5.0,0.053965,5.9524,0.5088
2018,8,2018_08_SEA_DET,DET,SEA,14,28,dome,fieldturf,,,331.0,3.0,2.0,-0.070746,3.5714,0.6279,413.0,0.0,4.0,0.172821,6.5574,0.7368
2018,8,2018_08_DEN_KC,KC,DEN,30,23,outdoors,grass,56.0,12.0,340.0,1.0,4.0,0.083119,7.4074,0.6667,411.0,2.0,3.0,-0.014189,4.2857,0.5897
2018,8,2018_08_WAS_NYG,NYG,WAS,13,20,outdoors,fieldturf,51.0,11.0,303.0,2.0,1.0,-0.096138,1.4706,0.5556,360.0,1.0,2.0,0.030788,3.0769,0.625
2018,8,2018_08_CLE_PIT,PIT,CLE,33,18,outdoors,grass,47.0,11.0,421.0,2.0,4.0,0.004873,5.8824,0.6486,237.0,1.0,2.0,-0.161189,3.3333,0.5641
2018,8,2018_08_IND_OAK,OAK,IND,28,42,outdoors,grass,69.0,8.0,,,,,,,463.0,0.0,5.0,0.296018,6.9444,0.6875
2018,8,2018_08_SF_ARI,ARI,SF,18,15,closed,grass,,,323.0,2.0,2.0,-0.097574,3.0769,0.5227,267.0,0.0,1.0,-0.125216,1.5873,0.4375
2018,8,2018_08_GB_LA,LA,GB,29,27,outdoors,grass,82.0,1.0,418.0,0.0,3.0,0.024506,3.8961,0.4762,359.0,1.0,3.0,0.057867,5.7692,0.5455
2018,8,2018_08_NO_MIN,MIN,NO,20,30,dome,sportturf,,,423.0,2.0,4.0,-0.121408,5.9701,0.6889,270.0,1.0,2.0,0.075067,3.7736,0.7917
2018,8,2018_08_PHI_JAX,JAX,PHI,18,24,outdoors,grass,48.0,12.0,335.0,1.0,1.0,0.024902,1.5873,0.5217,395.0,2.0,3.0,0.096113,4.8387,0.6176
2018,8,2018_08_NE_BUF,BUF,NE,6,25,outdoors,a_turf,46.0,16.0,333.0,2.0,1.0,-0.286311,1.5873,0.5455,387.0,0.0,1.0,-0.01234,1.3699,0.6042
2018,9,2018_09_OAK_SF,SF,OAK,34,3,outdoors,grass,82.0,8.0,405.0,0.0,4.0,0.268698,7.4074,0.7273,,,,,,
2018,9,2018_09_PIT_BAL,BAL,PIT,16,23,outdoors,grass,55.0,6.0,266.0,0.0,1.0,0.042244,1.7857,0.6,395.0,0.0,3.0,0.142513,3.9474,0.5918
2018,9,2018_09_CHI_BUF,BUF,CHI,9,41,outdoors,a_turf,49.0,12.0,264.0,4.0,3.0,-0.358205,3.6585,0.5741,190.0,1.0,3.0,-0.025793,6.5217,0.5714
2018,9,2018_09_TB_CAR,CAR,TB,42,28,outdoors,grass,62.0,8.0,407.0,0.0,6.0,0.180791,10.1695,0.7037,301.0,2.0,4.0,0.004169,6.1538,0.5455
2018,9,2018_09_KC_CLE,CLE,KC,21,37,outdoors,grass,53.0,16.0,388.0,1.0,3.0,0.048357,4.1096,0.625,499.0,1.0,5.0,0.321099,8.6207,0.6765
2018,9,2018_09_NYJ_MIA,MIA,NYJ,13,6,outdoors,grass,87.0,16.0,168.0,0.0,0.0,-0.223006,0.0,0.5357,282.0,4.0,1.0,-0.289669,1.5625,0.4884
2018,9,2018_09_DET_MIN,MIN,DET,24,9,dome,sportturf,,,283.0,2.0,2.0,-0.048447,4.3478,0.7826,209.0,1.0,1.0,-0.200556,1.4286,0.5435
2018,9,2018_09_ATL_WAS,WAS,ATL,14,38,outdoors,grass,55.0,5.0,366.0,1.0,2.0,-0.006935,3.125,0.6122,491.0,1.0,5.0,0.34593,7.8125,0.65
2018,9,2018_09_HOU_DEN,DEN,HOU,17,19,outdoors,grass,53.0,3.0,348.0,1.0,2.0,-0.044398,3.125,0.5909,290.0,0.0,2.0,0.000161,3.2787,0.6071
2018,9,2018_09_LAC_SEA,SEA,LAC,17,25,outdoors,fieldturf,56.0,4.0,356.0,1.0,3.0,-0.074285,4.0,0.6047,375.0,0.0,3.0,0.060408,5.8824,0.4483
2018,9,2018_09_LA_NO,NO,LA,45,35,dome,sportturf,,,487.0,1.0,6.0,0.228133,8.5714,0.6944,485.0,1.0,4.0,0.154145,6.6667,0.6829
2018,9,2018_09_GB_NE,NE,GB,31,17,outdoors,fieldturf,40.0,2.0,433.0,0.0,4.0,0.215381,5.7971,0.6053,367.0,1.0,2.0,0.043995,2.8986,0.5455
2018,9,2018_09_TEN_DAL,DAL,TEN,14,28,closed,matrixturf,,,297.0,2.0,2.0,-0.193783,3.5714,0.5676,340.0,2.0,4.0,0.055,5.7971,0.6364
2018,10,2018_10_CAR_PIT,PIT,CAR,52,21,outdoors,grass,40.0,4.0,457.0,0.0,6.0,0.366744,10.3448,0.8214,242.0,2.0,4.0,-0.09019,7.1429,0.6765
2018,10,2018_10_DET_CHI,CHI,DET,34,22,outdoors,grass,37.0,12.0,404.0,0.0,5.0,0.041946,9.2593,0.7188,305.0,3.0,3.0,-0.098187,4.0541,0.5
2018,10,2018_10_NO_CIN,CIN,NO,14,51,outdoors,fieldturf,39.0,6.0,284.0,2.0,2.0,-0.146747,4.6512,0.5185,509.0,0.0,6.0,0.395834,8.1081,0.8148
2018,10,2018_10_ATL_CLE,CLE,ATL,28,16,outdoors,grass,36.0,9.0,427.0,1.0,4.0,0.199076,8.0,0.8095,382.0,2.0,2.0,0.011919,2.7027,0.6909
2018,10,2018_10_JAX_IND,IND,JAX,29,26,closed,fieldturf,,,368.0,1.0,4.0,0.151405,7.5472,0.7241,415.0,1.0,3.0,0.101648,4.1096,0.6923
2018,10,2018_10_ARI_KC,KC,ARI,26,14,outdoors,grass,43.0,5.0,330.0,0.0,3.0,0.090452,5.2632,0.6176,260.0,2.0,2.0,-0.065487,2.8986,0.5
2018,10,2018_10_BUF_NYJ,NYJ,BUF,10,41,outdoors,fieldturf,46.0,10.0,199.0,2.0,1.0,-0.292329,1.8182,0.4595,451.0,0.0,5.0,0.19631,6.8493,0.5926
2018,10,2018_10_WAS_TB,TB,WAS,3,16,outdoors,grass,82.0,3.0,501.0,4.0,0.0,-0.173406,0.0,0.6744,286.0,0.0,1.0,0.051938,1.8182,0.6333
2018,10,2018_10_NE_TEN,TEN,NE,34,10,outdoors,grass,46.0,4.0,385.0,0.0,4.0,0.155012,6.3492,0.6296,284.0,0.0,1.0,-0.16776,1.5385,0.5
2018,10,2018_10_LAC_OAK,OAK,LAC,6,20,outdoors,grass,69.0,16.0,,,,,,,335.0,1.0,2.0,0.105123,3.7736,0.6667
2018,10,2018_10_MIA_GB,GB,MIA,31,12,outdoors,grass,33.0,6.0,377.0,0.0,4.0,0.098004,7.2727,0.6333,294.0,3.0,0.0,-0.12816,0.0,0.5349
2018,10,2018_10_SEA_LA,LA,SEA,36,31,outdoors,grass,75.0,1.0,456.0,0.0,4.0,0.247071,6.1538,0.6829,414.0,1.0,4.0,0.177481,6.25,0.5667
2018,10,2018_10_DAL_PHI,PHI,DAL,20,27,outdoors,grass,38.0,5.0,421.0,1.0,2.0,0.001543,3.2258,0.6957,410.0,0.0,3.0,0.096013,4.4118,0.65
2018,10,2018_10_NYG_SF,SF,NYG,23,27,outdoors,grass,62.0,0.0,374.0,2.0,2.0,-0.006948,2.9412,0.6923,277.0,0.0,3.0,0.063704,5.4545,0.5938
2018,11,2018_11_GB_SEA,SEA,GB,27,24,outdoors,fieldturf,54.0,6.0,378.0,1.0,3.0,0.056282,4.3478,0.6176,359.0,0.0,3.0,0.064886,6.25,0.6
2018,11,2018_11_DAL_ATL,ATL,DAL,19,22,open,fieldturf,,,354.0,1.0,1.0,0.021461,1.8182,0.6486,323.0,0.0,2.0,0.078729,3.1746,0.6471
2018,11,2018_11_CIN_BAL,BAL,CIN,24,21,outdoors,grass,48.0,8.0,405.0,1.0,2.0,-0.059193,2.6316,0.5909,255.0,0.0,3.0,-0.091965,5.5556,0.5
2018,11,2018_11_CAR_DET,DET,CAR,20,19,dome,fieldturf,,,309.0,0.0,2.0,0.018021,3.125,0.6053,387.0,1.0,3.0,0.021489,5.1724,0.5952
2018,11,2018_11_TEN_IND,IND,TEN,38,10,closed,fieldturf,,,397.0,0.0,5.0,0.273622,8.3333,0.75,263.0,2.0,1.0,-0.161915,1.6949,0.6176
2018,11,2018_11_PIT_JAX,JAX,PIT,16,20,outdoors,grass,73.0,8.0,243.0,1.0,1.0,-0.140685,1.4925,0.4167,323.0,3.0,3.0,-0.148605,4.918,0.54
2018,11,2018_11_TB_NYG,NYG,TB,38,35,outdoors,fieldturf,42.0,1.0,359.0,0.0,4.0,0.243895,7.5472,0.7727,510.0,4.0,6.0,0.158817,8.8235,0.6579
2018,11,2018_11_HOU_WAS,WAS,HOU,21,23,outdoors,grass,48.0,6.0,278.0,2.0,4.0,-0.161446,5.4795,0.4091,320.0,3.0,1.0,-0.124046,1.7241,0.5926
2018,11,2018_11_OAK_ARI,ARI,OAK,21,23,closed,grass,,,282.0,2.0,3.0,-0.185651,5.7692,0.4286,,,,,,
2018,11,2018_11_DEN_LAC,LAC,DEN,22,23,outdoors,grass,69.0,4.0,479.0,2.0,2.0,0.044924,2.7778,0.6087,325.0,0.0,3.0,0.068794,5.6604,0.6061
2018,11,2018_11_PHI_NO,NO,PHI,48,7,dome,sportturf,,,546.0,0.0,6.0,0.332527,8.6957,0.7188,196.0,3.0,1.0,-0.291585,2.0833,0.5278
2018,11,2018_11_MIN_CHI,CHI,MIN,25,20,outdoors,grass,33.0,6.0,312.0,3.0,1.0,-0.010417,1.3699,0.5882,270.0,3.0,3.0,-0.081146,4.6875,0.6
2018,11,2018_11_KC_LA,LA,KC,54,51,outdoors,grass,65.0,0.0,455.0,2.0,6.0,0.102397,8.0,0.5741,546.0,5.0,8.0,0.08366,11.5942,0.6735
2018,12,2018_12_CHI_DET,DET,CHI,16,23,dome,fieldturf,,,333.0,2.0,3.0,-0.200655,4.6154,0.6829,264.0,1.0,2.0,-0.101423,3.4483,0.6512
2018,12,2018_12_WAS_DAL,DAL,WAS,31,23,closed,matrixturf,,,404.0,0.0,4.0,0.03366,5.7971,0.6286,331.0,3.0,3.0,-0.060337,4.918,0.5854
2018,12,2018_12_ATL_NO,NO,ATL,31,17,dome,sportturf,,,312.0,1.0,4.0,0.082687,7.2727,0.625,366.0,4.0,2.0,-0.125202,2.8986,0.6604
2018,12,2018_12_OAK_BAL,BAL,OAK,34,17,outdoors,grass,60.0,7.0,416.0,2.0,2.0,0.069489,2.8986,0.5385,,,,,,
2018,12,2018_12_JAX_BUF,BUF,JAX,24,21,outdoors,a_turf,44.0,12.0,327.0,0.0,3.0,0.021163,5.5556,0.4211,333.0,2.0,3.0,-0.01072,4.6154,0.4615
2018,12,2018_12_SEA_CAR,CAR,SEA,27,30,outdoors,grass,57.0,1.0,476.0,1.0,3.0,0.161305,5.2632,0.8333,397.0,0.0,3.0,0.217628,4.918,0.6667
2018,12,2018_12_CLE_CIN,CIN,CLE,20,35,outdoors,fieldturf,44.0,4.0,372.0,2.0,3.0,-0.061704,4.4776,0.5745,342.0,0.0,5.0,0.180431,8.1967,0.7308
2018,12,2018_12_NE_NYJ,NYJ,NE,13,27,outdoors,fieldturf,54.0,8.0,338.0,1.0,1.0,-0.009062,1.6129,0.5532,498.0,0.0,3.0,0.212646,4.4776,0.6452
2018,12,2018_12_NYG_PHI,PHI,NYG,25,22,outdoors,grass,56.0,10.0,345.0,0.0,2.0,0.125145,3.2258,0.6452,402.0,1.0,2.0,0.133162,3.4483,0.65
2018,12,2018_12_SF_TB,TB,SF,27,9,outdoors,grass,77.0,7.0,412.0,0.0,3.0,0.137125,4.2857,0.7436,342.0,2.0,1.0,-0.059406,1.6667,0.5
2018,12,2018_12_ARI_LAC,LAC,ARI,45,10,outdoors,grass,74.0,3.0,414.0,1.0,6.0,0.226382,9.0909,0.7778,149.0,1.0,1.0,-0.287065,2.2222,0.5714
2018,12,2018_12_PIT_DEN,DEN,PIT,24,17,outdoors,grass,41.0,7.0,308.0,0.0,3.0,0.064101,5.6604,0.5,527.0,4.0,2.0,-0.020439,2.6316,0.7
2018,12,2018_12_MIA_IND,IND,MIA,27,24,closed,fieldturf,,,455.0,3.0,3.0,0.01431,4.6154,0.7949,314.0,1.0,3.0,0.004356,5.8824,0.6538
2018,12,2018_12_GB_MIN,MIN,GB,24,17,dome,sportturf,,,416.0,1.0,3.0,-0.02459,4.3478,0.725,254.0,0.0,2.0,-0.128496,3.9216,0.5312
2018,12,2018_12_TEN_HOU,HOU,TEN,34,17,closed,astroturf,,,462.0,0.0,4.0,0.185759,6.4516,0.6786,365.0,1.0,2.0,-0.031019,3.8462,0.7586
2018,13,2018_13_NO_DAL,DAL,NO,13,10,closed,matrixturf,,,308.0,2.0,1.0,-0.105095,1.5152,0.6857,176.0,1.0,1.0,-0.160293,2.0408,0.6
2018,13,2018_13_BAL_ATL,ATL,BAL,16,26,open,fieldturf,,,131.0,1.0,2.0,-0.238245,4.3478,0.5161,366.0,1.0,2.0,-0.025957,2.5974,0.5357
2018,13,2018_13_DEN_CIN,CIN,DEN,10,24,outdoors,fieldturf,63.0,12.0,313.0,2.0,1.0,-0.138313,1.5625,0.6098,361.0,2.0,3.0,0.083395,5.2632,0.5217
2018,13,2018_13_LA_DET,DET,LA,16,30,dome,fieldturf,,,310.0,2.0,1.0,-0.133063,1.5625,0.5263,344.0,2.0,3.0,0.07578,4.6875,0.4857
2018,13,2018_13_ARI_GB,GB,ARI,17,20,outdoors,grass,34.0,20.0,325.0,0.0,2.0,-0.028321,2.7027,0.6078,315.0,0.0,2.0,0.045591,3.5088,0.3929
2018,13,2018_13_CLE_HOU,HOU,CLE,29,13,closed,astroturf,,,384.0,0.0,1.0,0.102686,1.3514,0.6286,428.0,4.0,3.0,-0.140954,5.6604,0.6591
2018,13,2018_13_IND_JAX,JAX,IND,6,0,outdoors,grass,78.0,13.0,211.0,1.0,0.0,-0.226338,0.0,0.6667,265.0,2.0,0.0,-0.266729,0.0,0.6
2018,13,2018_13_BUF_MIA,MIA,BUF,21,17,outdoors,grass,86.0,15.0,175.0,2.0,3.0,0.011739,6.0,0.5926,417.0,2.0,2.0,-0.002603,2.9851,0.5
2018,13,2018_13_CHI_NYG,NYG,CHI,30,27,outdoors,fieldturf,52.0,3.0,338.0,1.0,2.0,-0.091045,2.9412,0.5128,376.0,3.0,4.0,-0.090046,5.1948,0.6
2018,13,2018_13_CAR_TB,TB,CAR,24,17,outdoors,grass,81.0,15.0,315.0,1.0,3.0,0.010905,5.0847,0.5882,444.0,4.0,2.0,-0.048213,3.0769,0.6087
2018,13,2018_13_KC_OAK,OAK,KC,33,40,outdoors,grass,57.0,6.0,,,,,,,469.0,1.0,5.0,0.198056,7.3529,0.6053
2018,13,2018_13_NYJ_TEN,TEN,NYJ,26,22,outdoors,grass,70.0,13.0,403.0,1.0,4.0,-0.090638,6.6667,0.5263,280.0,1.0,0.0,-0.072949,0.0,0.5312
2018,13,2018_13_MIN_NE,NE,MIN,24,10,outdoors,fieldturf,53.0,6.0,471.0,1.0,3.0,0.046203,4.2254,0.75,278.0,2.0,1.0,-0.162391,1.6949,0.6957
2018,13,2018_13_SF_SEA,SEA,SF,43,16,outdoors,fieldturf,45.0,2.0,331.0,1.0,5.0,0.340047,10.2041,0.55,452.0,2.0,3.0,-0.058025,4.0,0.5882
2018,13,2018_13_LAC_PIT,PIT,LAC,30,33,outdoors,grass,57.0,8.0,336.0,1.0,5.0,0.066884,7.9365,0.6304,375.0,0.0,3.0,0.135328,4.8387,0.65
2018,13,2018_13_WAS_PHI,PHI,WAS,28,13,outdoors,grass,36.0,15.0,438.0,1.0,3.0,0.111307,4.1096,0.675,235.0,1.0,1.0,-0.094303,2.381,0.6071
2018,14,2018_14_JAX_TEN,TEN,JAX,30,9,outdoors,grass,44.0,5.0,426.0,1.0,4.0,0.151283,7.0175,0.72,255.0,1.0,1.0,-0.151583,1.4925,0.5319
2018,14,2018_14_NYJ_BUF,BUF,NYJ,23,27,outdoors,a_turf,31.0,12.0,368.0,3.0,2.0,-0.032865,2.8169,0.45,245.0,2.0,3.0,0.03696,5.7692,0.64
2018,14,2018_14_CAR_CLE,CLE,CAR,26,20,outdoors,grass,28.0,4.0,348.0,2.0,3.0,0.014444,6.6667,0.75,393.0,1.0,2.0,-0.031312,2.8986,0.6136
2018,14,2018_14_ATL_GB,GB,ATL,34,20,outdoors,grass,25.0,10.0,300.0,0.0,3.0,0.125305,4.918,0.5833,344.0,2.0,4.0,-0.063501,5.8824,0.6364
2018,14,2018_14_IND_HOU,HOU,IND,21,24,closed,astroturf,,,315.0,0.0,3.0,-0.008707,4.4118,0.6279,436.0,1.0,3.0,0.039222,4.5455,0.6279
2018,14,2018_14_BAL_KC,KC,BAL,27,24,outdoors,grass,27.0,0.0,442.0,1.0,3.0,0.032021,3.6145,0.625,321.0,1.0,3.0,0.040352,4.4118,0.4643
2018,14,2018_14_NE_MIA,MIA,NE,34,33,outdoors,grass,82.0,13.0,412.0,0.0,5.0,0.175849,11.1111,0.5833,421.0,0.0,4.0,0.123321,5.3333,0.6
2018,14,2018_14_NO_TB,TB,NO,14,28,outdoors,grass,71.0,7.0,279.0,1.0,2.0,-0.198871,3.0769,0.4286,300.0,2.0,3.0,0.021201,4.7619,0.75
2018,14,2018_14_NYG_WAS,WAS,NYG,16,40,outdoors,grass,33.0,6.0,292.0,3.0,3.0,-0.271308,5.0847,0.4595,402.0,1.0,4.0,0.083743,6.3492,0.4828
2018,14,2018_14_CIN_LAC,LAC,CIN,26,21,outdoors,grass,,,288.0,0.0,2.0,0.091754,3.5714,0.6129,295.0,0.0,2.0,0.036042,3.125,0.5625
2018,14,2018_14_DEN_SF,SF,DEN,20,14,outdoors,grass,54.0,3.0,389.0,1.0,2.0,0.007587,3.0303,0.5556,274.0,0.0,2.0,-0.06349,2.8169,0.5455
2018,14,2018_14_DET_ARI,ARI,DET,3,17,closed,grass,,,279.0,1.0,1.0,-0.310961,1.5385,0.5909,218.0,1.0,1.0,-0.113557,1.8182,0.625
2018,14,2018_14_PHI_DAL,DAL,PHI,29,23,closed,matrixturf,,,576.0,3.0,3.0,0.004775,3.2258,0.7368,256.0,1.0,3.0,-0.045293,6.25,0.6471
2018,14,2018_14_PIT_OAK,OAK,PIT,24,21,outdoors,grass,55.0,8.0,,,,,,,340.0,1.0,3.0,0.01189,5.1724,0.7436
2018,14,2018_14_LA_CHI,CHI,LA,15,6,outdoors,grass,29.0,4.0,294.0,3.0,1.0,-0.23768,1.5152,0.5161,214.0,4.0,0.0,-0.359806,0.0,0.4375
2018,14,2018_14_MIN_SEA,SEA,MIN,21,7,outdoors,fieldturf,48.0,9.0,276.0,1.0,1.0,-0.014731,1.5385,0.4348,276.0,1.0,2.0,-0.264018,3.5714,0.5714
2018,15,2018_15_LAC_KC,KC,LAC,28,29,outdoors,grass,39.0,5.0,294.0,0.0,4.0,0.198126,7.5472,0.6667,409.0,2.0,4.0,0.197406,5.8824,0.5909
2018,15,2018_15_HOU_NYJ,NYJ,HOU,22,29,outdoors,fieldturf,51.0,8.0,318.0,1.0,3.0,-0.059853,4.1667,0.5854,286.0,0.0,2.0,0.088156,3.9216,0.6471
2018,15,2018_15_CLE_DEN,DEN,CLE,16,17,outdoors,grass,46.0,0.0,270.0,2.0,1.0,-0.041348,1.4286,0.62,309.0,2.0,2.0,-0.029963,3.2787,0.5455
2018,15,2018_15_ARI_ATL,ATL,ARI,40,14,closed,fieldturf,,,435.0,0.0,4.0,0.082664,6.0606,0.5641,253.0,3.0,3.0,-0.245775,4.6154,0.5349
2018,15,2018_15_TB_BAL,BAL,TB,20,12,outdoors,grass,43.0,10.0,370.0,1.0,2.0,0.014094,2.7027,0.56,241.0,2.0,1.0,-0.077912,2.0833,0.5
2018,15,2018_15_DET_BUF,BUF,DET,14,13,outdoors,a_turf,39.0,7.0,312.0,0.0,2.0,-0.024038,3.125,0.4815,313.0,0.0,2.0,-0.024523,3.5714,0.7333
2018,15,2018_15_GB_CHI,CHI,GB,24,17,outdoors,grass,45.0,10.0,332.0,1.0,3.0,-0.002287,5.1724,0.6897,325.0,1.0,1.0,-0.072495,1.4925,0.5208
2018,15,2018_15_OAK_CIN,CIN,OAK,30,16,outdoors,fieldturf,43.0,2.0,294.0,1.0,3.0,0.030397,4.0,0.4118,,,,,,
2018,15,2018_15_DAL_IND,IND,DAL,23,0,closed,fieldturf,,,370.0,1.0,2.0,0.103286,3.0303,0.5926,292.0,1.0,0.0,-0.233485,0.0,0.5714
2018,15,2018_15_WAS_JAX,JAX,WAS,13,16,outdoors,grass,64.0,12.0,192.0,2.0,0.0,-0.20431,0.0,0.3913,245.0,0.0,2.0,-0.125734,3.2787,0.5714
2018,15,2018_15_MIA_MIN,MIN,MIA,41,17,dome,sportturf,,,418.0,1.0,6.0,-0.002358,9.5238,0.6087,193.0,0.0,1.0,-0.39163,1.8868,0.3333
2018,15,2018_15_TEN_NYG,NYG,TEN,0,17,outdoors,fieldturf,40.0,6.0,260.0,2.0,0.0,-0.249297,0.0,0.4468,301.0,0.0,2.0,0.019066,2.9851,0.5909
2018,15,2018_15_SEA_SF,SF,SEA,26,23,outdoors,grass,61.0,11.0,351.0,1.0,2.0,0.100036,3.4483,0.625,385.0,0.0,3.0,0.059621,4.3478,0.6765
2018,15,2018_15_NE_PIT,PIT,NE,17,10,outdoors,grass,42.0,5.0,376.0,2.0,2.0,0.097507,3.2787,0.6111,368.0,1.0,1.0,0.004402,1.7857,0.6757
2018,15,2018_15_PHI_LA,LA,PHI,23,30,outdoors,grass,60.0,5.0,407.0,2.0,2.0,-0.065967,2.7027,0.625,381.0,2.0,3.0,0.07126,4.918,0.7742
2018,15,2018_15_NO_CAR,CAR,NO,9,12,outdoors,grass,48.0,3.0,247.0,2.0,1.0,-0.167182,1.7544,0.5,346.0,2.0,1.0,-0.053203,1.4286,0.6053
2018,16,2018_16_WAS_TEN,TEN,WAS,25,16,outdoors,grass,51.0,9.0,291.0,0.0,2.0,0.106713,3.6364,0.6071,292.0,2.0,2.0,0.011081,3.3898,0.52
2018,16,2018_16_BAL_LAC,LAC,BAL,10,22,outdoors,grass,60.0,5.0,198.0,3.0,2.0,-0.348813,3.5088,0.561,361.0,1.0,1.0,-0.132286,1.6393,0.48
2018,16,2018_16_ATL_CAR,CAR,ATL,10,24,outdoors,grass,52.0,7.0,436.0,4.0,1.0,-0.131359,1.1905,0.6271,427.0,2.0,3.0,0.062043,6.25,0.5556
2018,16,2018_16_CIN_CLE,CLE,CIN,26,18,outdoors,grass,37.0,9.0,493.0,0.0,3.0,0.143328,4.5455,0.7368,211.0,0.0,2.0,0.048603,4.2553,0.5652
2018,16,2018_16_TB_DAL,DAL,TB,27,20,closed,matrixturf,,,232.0,0.0,2.0,-0.038621,4.0,0.7692,383.0,2.0,3.0,-0.104622,4.0,0.6667
2018,16,2018_16_MIN_DET,DET,MIN,9,27,dome,fieldturf,,,223.0,0.0,0.0,-0.271103,0.0,0.5,340.0,0.0,3.0,-0.044719,5.1724,0.7
2018,16,2018_16_NYG_IND,IND,NYG,28,27,closed,fieldturf,,,402.0,1.0,4.0,0.166996,6.25,0.6458,392.0,1.0,3.0,0.206492,4.8387,0.7576
2018,16,2018_16_JAX_MIA,MIA,JAX,7,17,outdoors,grass,73.0,9.0,183.0,2.0,2.0,-0.4145,4.6512,0.6,244.0,1.0,1.0,-0.14724,1.6129,0.5667
2018,16,2018_16_BUF_NE,NE,BUF,24,12,outdoors,fieldturf,40.0,12.0,390.0,3.0,3.0,-0.185173,4.1096,0.5,289.0,3.0,1.0,-0.372675,1.6667,0.4762
2018,16,2018_16_GB_NYJ,NYJ,GB,38,44,outdoors,fieldturf,43.0,8.0,370.0,0.0,5.0,0.219622,8.7719,0.6486,542.0,1.0,5.0,0.231848,6.25,0.6271
2018,16,2018_16_HOU_PHI,PHI,HOU,32,30,outdoors,grass,44.0,5.0,519.0,3.0,4.0,0.076156,5.4054,0.6731,371.0,1.0,4.0,0.067835,6.3492,0.6591
2018,16,2018_16_LA_ARI,ARI,LA,9,31,closed,grass,,,263.0,0.0,1.0,-0.112555,1.8868,0.5143,461.0,1.0,4.0,0.239182,5.9701,0.7308
2018,16,2018_16_CHI_SF,SF,CHI,9,14,outdoors,grass,50.0,5.0,279.0,1.0,0.0,-0.110515,0.0,0.5641,325.0,2.0,2.0,-0.012281,3.3333,0.7812
2018,16,2018_16_PIT_NO,NO,PIT,31,28,dome,sportturf,,,370.0,1.0,4.0,0.093267,6.5574,0.6429,431.0,2.0,3.0,0.083293,4.1667,0.6111
2018,16,2018_16_KC_SEA,SEA,KC,38,31,outdoors,fieldturf,43.0,8.0,464.0,0.0,5.0,0.197853,6.6667,0.5625,421.0,2.0,3.0,0.180514,4.918,0.561
2018,16,2018_16_DEN_OAK,OAK,DEN,27,14,outdoors,grass,58.0,14.0,,,,,,,300.0,2.0,3.0,-0.148994,4.8387,0.6053
2018,17,2018_17_MIA_BUF,BUF,MIA,42,17,outdoors,a_turf,33.0,9.0,381.0,1.0,7.0,0.020138,11.6667,0.6296,225.0,4.0,1.0,-0.330186,1.6393,0.5278
2018,17,2018_17_DET_GB,GB,DET,0,31,outdoors,grass,26.0,15.0,175.0,1.0,0.0,-0.31261,0.0,0.4419,402.0,0.0,4.0,0.177414,5.5556,0.6176
2018,17,2018_17_JAX_HOU,HOU,JAX,20,3,closed,astroturf,,,342.0,1.0,2.0,-0.000636,2.7027,0.6098,119.0,2.0,0.0,-0.293354,0.0,0.4839
2018,17,2018_17_NYJ_NE,NE,NYJ,38,3,outdoors,fieldturf,33.0,2.0,375.0,0.0,4.0,0.134573,6.25,0.7059,239.0,3.0,1.0,-0.391515,1.8182,0.5
2018,17,2018_17_CAR_NO,NO,CAR,14,33,dome,sportturf,,,294.0,1.0,2.0,-0.142816,3.9216,0.5833,374.0,0.0,4.0,0.177868,5.8824,0.5806
2018,17,2018_17_DAL_NYG,NYG,DAL,35,36,outdoors,fieldturf,37.0,2.0,443.0,2.0,4.0,0.129474,5.8824,0.5581,421.0,1.0,5.0,0.135367,7.0423,0.551
2018,17,2018_17_ATL_TB,TB,ATL,32,34,outdoors,grass,80.0,5.0,433.0,1.0,4.0,0.140915,6.8966,0.5789,489.0,1.0,4.0,0.142362,5.2632,0.6957
2018,17,2018_17_CLE_BAL,BAL,CLE,26,24,outdoors,grass,48.0,2.0,463.0,1.0,2.0,0.050827,2.7397,0.5385,426.0,3.0,3.0,0.036504,5.3571,0.5476
2018,17,2018_17_LAC_DEN,DEN,LAC,9,23,outdoors,grass,51.0,6.0,370.0,5.0,2.0,-0.29098,2.6667,0.62,276.0,3.0,2.0,-0.145748,3.6364,0.56
2018,17,2018_17_OAK_KC,KC,OAK,35,3,outdoors,grass,45.0,15.0,409.0,1.0,4.0,0.221991,7.4074,0.5926,,,,,,
2018,17,2018_17_SF_LA,LA,SF,48,32,outdoors,grass,65.0,3.0,377.0,0.0,5.0,0.165974,7.0423,0.5862,393.0,4.0,5.0,0.003256,8.4746,0.6216
2018,17,2018_17_CHI_MIN,MIN,CHI,10,24,dome,sportturf,,,164.0,0.0,1.0,-0.204942,1.9231,0.5405,334.0,0.0,3.0,0.050137,4.6875,0.6667
2018,17,2018_17_CIN_PIT,PIT,CIN,16,13,outdoors,grass,42.0,9.0,343.0,1.0,2.0,-0.101697,3.0303,0.6739,196.0,0.0,0.0,-0.169786,0.0,0.4286
2018,17,2018_17_ARI_SEA,SEA,ARI,27,24,outdoors,fieldturf,45.0,5.0,291.0,1.0,4.0,-0.214424,6.5574,0.4444,200.0,2.0,1.0,-0.232782,1.5385,0.45
2018,17,2018_17_PHI_WAS,WAS,PHI,0,24,outdoors,grass,46.0,3.0,89.0,1.0,0.0,-0.369103,0.0,0.4062,360.0,1.0,3.0,0.087448,4.2254,0.7838
2018,17,2018_17_IND_TEN,TEN,IND,17,33,outdoors,grass,53.0,4.0,258.0,2.0,1.0,-0.244882,2.2222,0.6207,436.0,3.0,5.0,0.046549,6.9444,0.6667
2018,18,2018_18_IND_HOU,HOU,IND,7,21,closed,astroturf,,,322.0,1.0,1.0,-0.137557,1.4706,0.5577,422.0,1.0,3.0,0.079184,4.4776,0.5938
2018,18,2018_18_SEA_DAL,DAL,SEA,24,22,closed,matrixturf,,,380.0,1.0,3.0,-0.026992,4.4118,0.6471,303.0,0.0,2.0,-0.050252,3.7037,0.6429
2018,18,2018_18_LAC_BAL,BAL,LAC,17,23,outdoors,grass,52.0,12.0,229.0,3.0,2.0,-0.286979,3.3898,0.3889,245.0,1.0,1.0,-0.130879,1.4925,0.6471
2018,18,2018_18_PHI_CHI,CHI,PHI,15,16,outdoors,grass,39.0,12.0,356.0,0.0,1.0,-0.009993,1.5625,0.5652,300.0,2.0,2.0,0.015197,3.0769,0.6098
2018,19,2018_19_IND_KC,KC,IND,31,13,outdoors,grass,32.0,13.0,433.0,1.0,5.0,0.045609,6.4103,0.6,266.0,1.0,1.0,-0.229688,1.8868,0.4872
2018,19,2018_19_DAL_LA,LA,DAL,30,22,outdoors,grass,57.0,1.0,459.0,0.0,3.0,0.195453,3.9474,0.5357,310.0,0.0,3.0,0.115077,5.3571,0.5882
2018,19,2018_19_LAC_NE,NE,LAC,41,28,outdoors,fieldturf,26.0,3.0,498.0,1.0,5.0,0.205656,6.4103,0.7727,337.0,1.0,4.0,0.07752,6.1538,0.4545
2018,19,2018_19_PHI_NO,NO,PHI,20,14,dome,sportturf,,,420.0,1.0,2.0,0.014835,2.8169,0.7,250.0,2.0,2.0,-0.068415,4.2553,0.5806
2018,20,2018_20_LA_NO,NO,LA,23,26,dome,sportturf,,,290.0,1.0,2.0,-0.037663,3.125,0.6047,378.0,1.0,2.0,0.005983,2.9412,0.619
2018,20,2018_20_NE_KC,KC,NE,31,37,outdoors,grass,19.0,14.0,290.0,0.0,4.0,0.146734,8.5106,0.4571,524.0,2.0,5.0,0.150753,5.3191,0.6522
2018,21,2018_21_NE_LA,LA,NE,3,13,closed,fieldturf,,,260.0,1.0,0.0,-0.181511,0.0,0.4524,407.0,1.0,1.0,-0.03186,1.4706,0.5833
2019,1,2019_01_GB_CHI,CHI,GB,3,10,outdoors,grass,65.0,10.0,254.0,1.0,0.0,-0.251707,0.0,0.52,213.0,0.0,1.0,-0.161742,1.7544,0.5143
2019,1,2019_01_LA_CAR,CAR,LA,27,30,outdoors,grass,87.0,3.0,343.0,3.0,3.0,-0.116054,4.6875,0.6098,349.0,1.0,3.0,-0.02564,4.1667,0.575
2019,1,2019_01_TEN_CLE,CLE,TEN,13,43,outdoors,grass,71.0,10.0,346.0,3.0,3.0,-0.296403,4.7619,0.5814,339.0,0.0,4.0,0.141675,7.1429,0.5
2019,1,2019_01_KC_JAX,JAX,KC,26,40,outdoors,grass,91.0,6.0,428.0,2.0,3.0,0.092458,5.8824,0.7714,491.0,0.0,4.0,0.303323,6.6667,0.7353
2019,1,2019_01_BAL_MIA,MIA,BAL,10,59,outdoors,grass,91.0,8.0,200.0,2.0,1.0,-0.163297,2.1277,0.4286,643.0,1.0,8.0,0.518055,10.9589,0.8519
2019,1,2019_01_ATL_MIN,MIN,ATL,28,12,dome,sportturf,,,269.0,0.0,4.0,0.068942,8.1633,0.7273,345.0,3.0,2.0,-0.146419,2.8986,0.6346
2019,1,2019_01_BUF_NYJ,NYJ,BUF,16,17,outdoors,fieldturf,77.0,6.0,225.0,1.0,1.0,-0.11798,1.4925,0.6087,370.0,4.0,3.0,-0.0803,4.7619,0.6316
2019,1,2019_01_WAS_PHI,PHI,WAS,32,27,outdoors,grass,79.0,4.0,438.0,0.0,4.0,0.180156,5.5556,0.7,398.0,0.0,3.0,0.137598,5.1724,0.6667
2019,1,2019_01_IND_LAC,LAC,IND,30,24,outdoors,grass,77.0,10.0,435.0,1.0,4.0,0.230267,6.7797,0.6579,378.0,1.0,3.0,0.183459,4.7619,0.7241
2019,1,2019_01_CIN_SEA,SEA,CIN,21,20,outdoors,fieldturf,64.0,7.0,232.0,2.0,3.0,-0.035584,6.1224,0.5833,429.0,2.0,2.0,-0.015074,2.8571,0.625
2019,1,2019_01_DET_ARI,ARI,DET,27,27,closed,grass,,,389.0,2.0,2.0,-0.02259,2.4096,0.4833,477.0,1.0,3.0,0.001424,3.75,0.5625
2019,1,2019_01_NYG_DAL,DAL,NYG,35,17,closed,fieldturf,,,494.0,0.0,5.0,0.254228,8.0645,0.7812,470.0,2.0,2.0,0.032354,3.0303,0.6735
2019,1,2019_01_SF_TB,TB,SF,17,31,outdoors,grass,93.0,9.0,295.0,4.0,3.0,-0.29918,4.6154,0.5128,258.0,2.0,2.0,-0.079603,3.2787,0.6207
2019,1,2019_01_PIT_NE,NE,PIT,33,3,outdoors,grass,66.0,2.0,465.0,0.0,3.0,0.193161,4.4776,0.6579,308.0,1.0,0.0,-0.178088,0.0,0.5625
2019,1,2019_01_HOU_NO,NO,HOU,30,28,dome,astroturf,,,510.0,1.0,3.0,0.174859,4.6154,0.7273,414.0,1.0,4.0,0.151792,6.7797,0.5556
2019,1,2019_01_DEN_OAK,OAK,DEN,24,16,outdoors,grass,68.0,15.0,,,,,,,344.0,0.0,1.0,0.102359,1.7544,0.6176
2019,2,2019_02_TB_CAR,CAR,TB,14,20,outdoors,grass,85.0,3.0,352.0,1.0,0.0,-0.139658,0.0,0.463,289.0,0.0,2.0,-0.06105,3.3898,0.5714
2019,2,2019_02_ARI_BAL,BAL,ARI,23,17,outdoors,grass,82.0,8.0,440.0,0.0,2.0,0.057179,2.7778,0.6154,351.0,0.0,1.0,0.019025,1.8182,0.5682
2019,2,2019_02_SF_CIN,CIN,SF,17,41,outdoors,grass,81.0,5.0,316.0,1.0,2.0,-0.104238,3.0769,0.5652,571.0,1.0,5.0,0.25251,7.3529,0.6923
2019,2,2019_02_LAC_DET,DET,LAC,13,10,dome,fieldturf,,,339.0,2.0,2.0,-0.08484,3.4483,0.7333,424.0,2.0,1.0,-0.107135,1.6129,0.5676
2019,2,2019_02_MIN_GB,GB,MIN,21,16,outdoors,grass,72.0,5.0,335.0,2.0,3.0,-0.108167,4.3478,0.6111,421.0,4.0,2.0,-0.174728,3.3333,0.4242
2019,2,2019_02_JAX_HOU,HOU,JAX,13,12,closed,grass,,,263.0,0.0,1.0,-0.10977,1.5873,0.4848,281.0,1.0,1.0,-0.114821,1.6949,0.6216
2019,2,2019_02_NE_MIA,MIA,NE,0,43,outdoors,grass,87.0,4.0,184.0,4.0,2.0,-0.590694,3.2787,0.3913,379.0,1.0,4.0,0.077475,6.1538,0.6667
2019,2,2019_02_BUF_NYG,NYG,BUF,14,28,outdoors,fieldturf,79.0,5.0,370.0,2.0,2.0,-0.09905,3.0303,0.5652,388.0,0.0,4.0,0.101903,5.9701,0.5758
2019,2,2019_02_SEA_PIT,PIT,SEA,26,28,outdoors,grass,81.0,3.0,261.0,1.0,3.0,-0.024061,5.7692,0.5556,425.0,2.0,4.0,0.007922,5.5556,0.7436
2019,2,2019_02_IND_TEN,TEN,IND,17,19,outdoors,grass,93.0,1.0,243.0,0.0,2.0,-0.089618,3.5714,0.5938,288.0,2.0,3.0,-0.032175,4.6154,0.5484
2019,2,2019_02_DAL_WAS,WAS,DAL,21,31,outdoors,grass,80.0,7.0,255.0,0.0,3.0,0.07624,5.4545,0.6842,474.0,1.0,4.0,0.214617,6.1538,0.8387
2019,2,2019_02_KC_OAK,OAK,KC,10,28,outdoors,grass,70.0,13.0,,,,,,,467.0,1.0,4.0,0.124301,5.8824,0.6522
2019,2,2019_02_CHI_DEN,DEN,CHI,14,16,outdoors,grass,87.0,3.0,374.0,1.0,1.0,0.033808,1.2987,0.6604,273.0,0.0,1.0,0.100599,1.7857,0.5926
2019,2,2019_02_NO_LA,LA,NO,27,9,outdoors,grass,85.0,4.0,380.0,1.0,3.0,0.054235,4.918,0.6129,244.0,1.0,0.0,-0.165687,0.0,0.5405
2019,2,2019_02_PHI_ATL,ATL,PHI,24,20,open,fieldturf,,,367.0,3.0,3.0,-0.092288,4.918,0.6136,288.0,3.0,2.0,-0.11618,2.7027,0.5385
2019,2,2019_02_CLE_NYJ,NYJ,CLE,3,23,outdoors,fieldturf,72.0,3.0,262.0,1.0,0.0,-0.288207,0.0,0.6571,375.0,1.0,2.0,0.017861,3.3898,0.5
2019,3,2019_03_TEN_JAX,JAX,TEN,20,7,outdoors,grass,73.0,9.0,292.0,1.0,2.0,0.035653,4.0,0.6667,340.0,0.0,1.0,-0.131587,1.3333,0.4694
2019,3,2019_03_CIN_BUF,BUF,CIN,21,17,outdoors,astroturf,83.0,13.0,418.0,2.0,2.0,-0.08728,2.7027,0.6053,306.0,4.0,2.0,-0.144154,3.5088,0.5263
2019,3,2019_03_MIA_DAL,DAL,MIA,31,6,closed,fieldturf,,,476.0,1.0,4.0,0.097488,5.9701,0.5758,283.0,1.0,0.0,-0.214599,0.0,0.4545
2019,3,2019_03_DEN_GB,GB,DEN,27,16,outdoors,grass,69.0,7.0,312.0,0.0,3.0,0.056433,5.7692,0.5862,310.0,3.0,2.0,-0.083566,2.7397,0.5714
2019,3,2019_03_ATL_IND,IND,ATL,27,24,closed,fieldturf,,,379.0,0.0,3.0,0.236613,4.8387,0.7368,397.0,1.0,3.0,0.239585,5.5556,0.8529
2019,3,2019_03_BAL_KC,KC,BAL,33,28,outdoors,astroturf,,,503.0,0.0,4.0,0.225932,6.3492,0.7105,452.0,0.0,4.0,0.157206,4.9383,0.4681
2019,3,2019_03_OAK_MIN,MIN,OAK,34,14,dome,sportturf,,,385.0,0.0,4.0,0.219229,6.7797,0.7143,,,,,,
2019,3,2019_03_NYJ_NE,NE,NYJ,30,14,outdoors,grass,81.0,10.0,381.0,1.0,5.0,-0.024649,6.8493,0.6522,105.0,2.0,1.0,-0.35433,2.1277,0.4444
2019,3,2019_03_DET_PHI,PHI,DET,24,27,outdoors,grass,84.0,7.0,373.0,2.0,3.0,-0.059921,4.3478,0.4872,287.0,0.0,3.0,0.010275,5.0,0.5625
2019,3,2019_03_CAR_ARI,ARI,CAR,20,38,closed,grass,,,248.0,2.0,2.0,-0.082162,2.7397,0.5882,413.0,1.0,5.0,0.18758,8.4746,0.6786
2019,3,2019_03_NYG_TB,TB,NYG,31,32,outdoors,grass,88.0,11.0,499.0,1.0,3.0,0.061303,4.1096,0.561,386.0,2.0,4.0,0.101445,6.5574,0.5476
2019,3,2019_03_HOU_LAC,LAC,HOU,20,27,outdoors,grass,87.0,4.0,366.0,1.0,2.0,0.015303,2.8986,0.6078,376.0,1.0,4.0,0.136657,7.2727,0.6944
2019,3,2019_03_NO_SEA,SEA,NO,27,33,outdoors,fieldturf,63.0,8.0,514.0,2.0,6.0,-0.027714,7.8947,0.64,265.0,0.0,3.0,0.069376,5.8824,0.7037
2019,3,2019_03_PIT_SF,SF,PIT,24,20,outdoors,grass,79.0,3.0,436.0,5.0,3.0,-0.130982,4.1096,0.697,239.0,2.0,2.0,-0.187452,3.9216,0.4828
2019,3,2019_03_LA_CLE,CLE,LA,13,20,outdoors,grass,83.0,12.0,270.0,1.0,1.0,-0.145373,1.5873,0.4615,344.0,3.0,2.0,-0.000205,3.125,0.6
2019,3,2019_03_CHI_WAS,WAS,CHI,15,31,outdoors,grass,87.0,5.0,356.0,5.0,3.0,-0.206848,4.2857,0.6122,298.0,1.0,3.0,0.020097,5.1724,0.7353
2019,4,2019_04_PHI_GB,GB,PHI,27,34,outdoors,grass,60.0,3.0,491.0,2.0,3.0,0.143963,4.0541,0.6296,336.0,0.0,5.0,0.281106,8.1967,0.5714
2019,4,2019_04_TEN_ATL,ATL,TEN,10,24,closed,fieldturf,,,422.0,1.0,1.0,-0.144974,1.3333,0.6034,365.0,0.0,3.0,0.071045,4.918,0.6667
2019,4,2019_04_CLE_BAL,BAL,CLE,25,40,outdoors,grass,83.0,8.0,397.0,3.0,3.0,0.001315,4.4118,0.6316,530.0,1.0,5.0,0.25061,8.0645,0.6061
2019,4,2019_04_NE_BUF,BUF,NE,10,16,outdoors,astroturf,58.0,10.0,375.0,4.0,2.0,-0.260565,2.8169,0.449,224.0,1.0,1.0,-0.221031,1.6129,0.4615
2019,4,2019_04_KC_DET,DET,KC,30,34,dome,fieldturf,,,447.0,2.0,4.0,-0.062825,5.4795,0.5526,438.0,3.0,3.0,-0.006666,4.4776,0.5714
2019,4,2019_04_CAR_HOU,HOU,CAR,10,16,closed,grass,,,264.0,2.0,1.0,-0.205449,1.6129,0.525,297.0,3.0,1.0,-0.103099,1.5385,0.6486
2019,4,2019_04_OAK_IND,IND,OAK,24,31,closed,fieldturf,,,346.0,2.0,4.0,-0.065218,5.7971,0.5217,,,,,,
2019,4,2019_04_LAC_MIA,MIA,LAC,10,30,outdoors,grass,88.0,15.0,233.0,1.0,1.0,-0.154133,2.1277,0.5862,390.0,0.0,3.0,0.20592,4.6154,0.7812
2019,4,2019_04_WAS_NYG,NYG,WAS,24,3,outdoors,fieldturf,77.0,11.0,389.0,4.0,2.0,-0.061058,2.9412,0.7419,176.0,4.0,1.0,-0.437054,2.0833,0.4839
2019,4,2019_04_SEA_ARI,ARI,SEA,10,27,closed,grass,,,321.0,1.0,2.0,-0.194711,3.3898,0.6111,340.0,0.0,2.0,0.084694,3.3898,0.6875
2019,4,2019_04_TB_LA,LA,TB,40,55,outdoors,grass,74.0,2.0,518.0,4.0,5.0,0.016387,6.0976,0.6338,464.0,1.0,7.0,0.233911,9.589,0.6512
2019,4,2019_04_MIN_CHI,CHI,MIN,16,6,outdoors,grass,67.0,8.0,269.0,0.0,1.0,-0.014721,1.4925,0.7059,222.0,2.0,1.0,-0.177153,1.6949,0.6279
2019,4,2019_04_JAX_DEN,DEN,JAX,24,26,outdoors,grass,87.0,14.0,371.0,1.0,3.0,0.048504,5.5556,0.5789,455.0,0.0,2.0,0.076424,2.6316,0.5
2019,4,2019_04_DAL_NO,NO,DAL,12,10,dome,astroturf,,,266.0,1.0,0.0,-0.119889,0.0,0.6571,257.0,3.0,1.0,-0.169525,1.8519,0.6471
2019,4,2019_04_CIN_PIT,PIT,CIN,27,3,outdoors,grass,76.0,1.0,326.0,1.0,3.0,0.039262,5.3571,0.871,175.0,2.0,0.0,-0.281931,0.0,0.4667
2019,5,2019_05_LA_SEA,SEA,LA,30,29,outdoors,fieldturf,57.0,7.0,429.0,1.0,4.0,0.096984,5.8824,0.68,477.0,2.0,3.0,0.122095,4.4118,0.5918
2019,5,2019_05_JAX_CAR,CAR,JAX,34,27,outdoors,grass,72.0,4.0,445.0,0.0,4.0,0.057982,6.5574,0.5,507.0,3.0,4.0,-0.006357,5.1948,0.5652
2019,5,2019_05_ARI_CIN,CIN,ARI,23,26,outdoors,grass,76.0,6.0,370.0,0.0,2.0,0.094372,3.2258,0.6923,514.0,0.0,2.0,0.12305,2.8169,0.6061
2019,5,2019_05_ATL_HOU,HOU,ATL,53,32,closed,grass,,,592.0,0.0,6.0,0.364194,8.9552,0.8485,375.0,2.0,5.0,0.092128,7.2464,0.6531
2019,5,2019_05_TB_NO,NO,TB,31,24,dome,astroturf,,,457.0,1.0,4.0,0.070364,5.9701,0.7778,252.0,0.0,3.0,-0.003451,5.4545,0.4545
2019,5,2019_05_MIN_NYG,NYG,MIN,10,28,outdoors,fieldturf,66.0,10.0,211.0,1.0,1.0,-0.076602,1.6129,0.5,490.0,1.0,2.0,0.193755,3.125,0.7333
2019,5,2019_05_CHI_OAK,OAK,CHI,24,21,outdoors,grass,59.0,15.0,,,,,,,236.0,2.0,3.0,0.006894,5.8824,0.6471
2019,5,2019_05_NYJ_PHI,PHI,NYJ,31,6,outdoors,grass,68.0,10.0,265.0,0.0,2.0,-0.07323,3.3898,0.5667,128.0,4.0,3.0,-0.434059,5.3571,0.4054
2019,5,2019_05_BAL_PIT,PIT,BAL,23,26,outdoors,grass,70.0,7.0,269.0,2.0,2.0,-0.100844,3.9216,0.6562,277.0,3.0,2.0,-0.022517,2.7397,0.5758
2019,5,2019_05_BUF_TEN,TEN,BUF,7,14,outdoors,grass,77.0,13.0,252.0,0.0,1.0,-0.21578,1.8519,0.4815,313.0,1.0,2.0,-0.112776,3.1746,0.6389
2019,5,2019_05_NE_WAS,WAS,NE,7,33,outdoors,grass,70.0,8.0,223.0,2.0,1.0,-0.308994,1.8868,0.5455,442.0,1.0,4.0,0.098522,5.4054,0.5957
2019,5,2019_05_DEN_LAC,LAC,DEN,13,20,outdoors,grass,85.0,12.0,246.0,3.0,0.0,-0.249855,0.0,0.6667,350.0,2.0,3.0,-0.133481,5.4545,0.6087
2019,5,2019_05_GB_DAL,DAL,GB,24,34,closed,fieldturf,,,563.0,3.0,3.0,-0.058391,4.4118,0.5745,335.0,0.0,4.0,0.097956,6.1538,0.6111
2019,5,2019_05_IND_KC,KC,IND,13,19,outdoors,astroturf,59.0,3.0,324.0,1.0,1.0,-0.07521,1.7544,0.5116,331.0,1.0,1.0,0.035736,1.3514,0.6207
2019,5,2019_05_CLE_SF,SF,CLE,31,3,outdoors,grass,87.0,8.0,446.0,1.0,4.0,0.07437,5.6338,0.6452,180.0,3.0,0.0,-0.373394,0.0,0.3214
2019,6,2019_06_NYG_NE,NE,NYG,35,14,outdoors,grass,54.0,13.0,427.0,2.0,4.0,-0.119225,5.1282,0.7045,213.0,4.0,3.0,-0.51506,6.25,0.4688
2019,6,2019_06_CAR_TB,TB,CAR,26,37,outdoors,grass,61.0,14.0,411.0,7.0,3.0,-0.050288,3.8961,0.4839,268.0,1.0,4.0,0.079738,6.3492,0.5882
2019,6,2019_06_CIN_BAL,BAL,CIN,23,17,outdoors,grass,64.0,7.0,497.0,1.0,2.0,0.114821,2.5974,0.6176,250.0,1.0,2.0,0.044264,3.6364,0.5122
2019,6,2019_06_SEA_CLE,CLE,SEA,28,32,outdoors,grass,58.0,20.0,408.0,4.0,4.0,-0.019823,6.4516,0.5789,454.0,1.0,4.0,0.059495,5.3333,0.6389
2019,6,2019_06_NO_JAX,JAX,NO,6,13,outdoors,grass,81.0,3.0,226.0,1.0,0.0,-0.195106,0.0,0.4516,326.0,0.0,1.0,-0.049743,1.5385,0.6154
2019,6,2019_06_HOU_KC,KC,HOU,24,31,outdoors,astroturf,56.0,2.0,309.0,2.0,3.0,-0.000959,6.383,0.5278,474.0,3.0,4.0,0.101682,4.7619,0.6977
2019,6,2019_06_WAS_MIA,MIA,WAS,16,17,outdoors,grass,84.0,13.0,271.0,2.0,2.0,-0.115745,2.8571,0.551,311.0,0.0,2.0,-0.083357,3.4483,0.52
2019,6,2019_06_PHI_MIN,MIN,PHI,38,20,dome,sportturf,,,447.0,2.0,5.0,0.121521,7.6923,0.7333,400.0,3.0,2.0,-0.097163,3.0769,0.6047
2019,6,2019_06_ATL_ARI,ARI,ATL,34,33,closed,grass,,,442.0,0.0,4.0,0.207798,6.0606,0.7297,444.0,0.0,4.0,0.237206,6.3492,0.7895
2019,6,2019_06_SF_LA,LA,SF,7,20,outdoors,grass,77.0,2.0,157.0,1.0,1.0,-0.462376,2.0,0.4643,331.0,2.0,2.0,-0.113264,2.6316,0.6857
2019,6,2019_06_TEN_DEN,DEN,TEN,16,0,outdoors,grass,69.0,7.0,270.0,1.0,1.0,-0.10537,1.6949,0.6207,204.0,3.0,0.0,-0.314746,0.0,0.4878
2019,6,2019_06_DAL_NYJ,NYJ,DAL,24,22,outdoors,fieldturf,66.0,7.0,382.0,1.0,3.0,0.113396,5.5556,0.6765,399.0,0.0,2.0,0.086489,2.6316,0.6667
2019,6,2019_06_PIT_LAC,LAC,PIT,17,24,outdoors,grass,71.0,9.0,348.0,3.0,3.0,-0.123432,5.0847,0.5778,256.0,1.0,2.0,0.008875,3.5714,0.75
2019,6,2019_06_DET_GB,GB,DET,23,22,outdoors,grass,43.0,5.0,447.0,2.0,2.0,0.05226,2.8986,0.6,299.0,1.0,1.0,0.129522,1.8182,0.5143
2019,7,2019_07_KC_DEN,DEN,KC,6,30,outdoors,grass,75.0,6.0,205.0,1.0,2.0,-0.364886,3.0769,0.4884,271.0,0.0,2.0,-0.001241,3.4483,0.6452
2019,7,2019_07_LA_ATL,ATL,LA,10,37,open,fieldturf,,,224.0,2.0,1.0,-0.259228,1.8868,0.5789,381.0,1.0,4.0,0.157037,5.4054,0.6053
2019,7,2019_07_MIA_BUF,BUF,MIA,31,21,outdoors,astroturf,65.0,7.0,307.0,0.0,3.0,0.190617,5.7692,0.5714,381.0,2.0,3.0,0.013261,4.5455,0.6389
2019,7,2019_07_JAX_CIN,CIN,JAX,17,27,outdoors,grass,70.0,2.0,291.0,4.0,3.0,-0.153021,4.6154,0.4889,462.0,0.0,1.0,0.00637,1.2658,0.4286
2019,7,2019_07_MIN_DET,DET,MIN,30,42,dome,fieldturf,,,433.0,1.0,4.0,0.142417,5.8824,0.625,504.0,0.0,6.0,0.327544,8.4507,0.7059
2019,7,2019_07_OAK_GB,GB,OAK,42,24,outdoors,grass,55.0,6.0,481.0,0.0,6.0,0.408345,10.9091,0.7812,,,,,,
2019,7,2019_07_HOU_IND,IND,HOU,30,23,open,fieldturf,,,383.0,1.0,4.0,0.023825,5.9701,0.6341,391.0,2.0,2.0,-0.024042,3.2787,0.6216
2019,7,2019_07_ARI_NYG,NYG,ARI,21,27,outdoors,fieldturf,56.0,3.0,263.0,3.0,2.0,-0.190297,3.0769,0.5116,245.0,0.0,4.0,-0.084353,6.5574,0.6087
2019,7,2019_07_SF_WAS,WAS,SF,0,9,outdoors,grass,55.0,12.0,154.0,1.0,0.0,-0.331265,0.0,0.6,283.0,1.0,0.0,-0.089642,0.0,0.5217
2019,7,2019_07_LAC_TEN,TEN,LAC,23,20,outdoors,grass,77.0,2.0,403.0,1.0,3.0,0.104103,4.918,0.75,365.0,1.0,2.0,0.083003,3.3333,0.6154
2019,7,2019_07_NO_CHI,CHI,NO,25,36,outdoors,grass,54.0,6.0,254.0,2.0,3.0,-0.142082,4.6875,0.5965,424.0,0.0,4.0,0.030074,5.4054,0.5897
2019,7,2019_07_BAL_SEA,SEA,BAL,16,30,outdoors,fieldturf,50.0,8.0,347.0,2.0,3.0,-0.156707,4.4118,0.4762,340.0,0.0,1.0,0.05905,1.7857,0.4286
2019,7,2019_07_PHI_DAL,DAL,PHI,37,10,closed,fieldturf,,,402.0,1.0,4.0,0.116785,6.0606,0.7,283.0,4.0,1.0,-0.282199,1.7544,0.5517
2019,7,2019_07_NE_NYJ,NYJ,NE,0,33,outdoors,fieldturf,58.0,0.0,154.0,5.0,0.0,-0.477916,0.0,0.3333,323.0,2.0,4.0,0.049501,5.0633,0.6889
2019,8,2019_08_WAS_MIN,MIN,WAS,19,9,dome,sportturf,,,434.0,1.0,1.0,0.004135,1.4925,0.7931,216.0,2.0,0.0,-0.168209,0.0,0.6
2019,8,2019_08_SEA_ATL,ATL,SEA,20,27,open,fieldturf,,,512.0,3.0,2.0,0.010556,2.7397,0.6964,322.0,0.0,3.0,0.132126,5.4545,0.6364
2019,8,2019_08_PHI_BUF,BUF,PHI,13,31,outdoors,astroturf,54.0,23.0,253.0,2.0,2.0,-0.154782,3.4483,0.4211,373.0,0.0,4.0,0.126908,5.7971,0.6296
2019,8,2019_08_LAC_CHI,CHI,LAC,16,17,outdoors,grass,52.0,9.0,388.0,2.0,1.0,-0.138209,1.2987,0.5897,231.0,1.0,2.0,-0.189266,4.7619,0.6333
2019,8,2019_08_NYG_DET,DET,NYG,31,26,dome,fieldturf,,,375.0,2.0,3.0,0.003482,4.918,0.6944,370.0,1.0,5.0,-0.042765,7.2464,0.6222
2019,8,2019_08_DEN_IND,IND,DEN,15,13,open,fieldturf,,,318.0,1.0,1.0,-0.07563,1.6667,0.5172,279.0,0.0,1.0,-0.060071,1.5873,0.5714
2019,8,2019_08_NYJ_JAX,JAX,NYJ,29,15,outdoors,grass,79.0,11.0,389.0,1.0,3.0,0.01005,4.2857,0.6111,215.0,3.0,2.0,-0.1942,3.7736,0.5385
2019,8,2019_08_CIN_LA,LA,CIN,24,10,outdoors,grass,48.0,5.0,470.0,0.0,3.0,0.246329,5.2632,0.5484,401.0,0.0,1.0,0.022764,1.2658,0.5614
2019,8,2019_08_ARI_NO,NO,ARI,31,9,dome,astroturf,,,510.0,1.0,4.0,0.064756,5.5556,0.7907,237.0,0.0,0.0,-0.257408,0.0,0.5
2019,8,2019_08_TB_TEN,TEN,TB,27,23,outdoors,grass,59.0,3.0,246.0,1.0,3.0,-0.027376,5.2632,0.5833,391.0,4.0,2.0,-0.039884,2.5641,0.4375
2019,8,2019_08_CAR_SF,SF,CAR,51,13,outdoors,grass,66.0,19.0,388.0,1.0,7.0,0.117626,10.9375,0.6923,232.0,3.0,1.0,-0.389394,1.5625,0.4318
2019,8,2019_08_OAK_HOU,HOU,OAK,27,24,closed,grass,,,388.0,0.0,3.0,0.112936,4.0541,0.6429,,,,,,
2019,8,2019_08_CLE_NE,NE,CLE,27,13,outdoors,grass,49.0,11.0,318.0,0.0,2.0,-0.058362,3.0303,0.5128,310.0,3.0,2.0,-0.216707,3.4483,0.5556
2019,8,2019_08_GB_KC,KC,GB,24,31,outdoors,astroturf,54.0,5.0,337.0,1.0,3.0,0.055535,5.1724,0.6316,374.0,0.0,4.0,0.178979,6.25,0.6053
2019,8,2019_08_MIA_PIT,PIT,MIA,27,14,outdoors,grass,59.0,2.0,394.0,1.0,3.0,-0.009406,4.4776,0.5263,230.0,4.0,2.0,-0.184223,3.5088,0.5526
2019,9,2019_09_SF_ARI,ARI,SF,25,28,closed,grass,,,359.0,0.0,3.0,0.11757,5.8824,0.6071,411.0,0.0,4.0,0.136768,5.7971,0.7368
2019,9,2019_09_HOU_JAX,JAX,HOU,3,26,outdoors,grass,53.0,6.0,356.0,4.0,0.0,-0.234099,0.0,0.5294,410.0,1.0,3.0,0.114459,4.7619,0.7586
2019,9,2019_09_WAS_BUF,BUF,WAS,24,9,outdoors,astroturf,42.0,18.0,268.0,0.0,3.0,0.08507,4.918,0.6364,243.0,0.0,0.0,-0.152362,0.0,0.5769
2019,9,2019_09_TEN_CAR,CAR,TEN,30,20,outdoors,grass,58.0,5.0,370.0,1.0,4.0,0.04654,5.8824,0.4857,431.0,3.0,3.0,-0.070203,4.6154,0.6136
2019,9,2019_09_MIN_KC,KC,MIN,26,23,outdoors,astroturf,54.0,15.0,377.0,1.0,2.0,0.043342,3.4483,0.625,308.0,0.0,3.0,-0.002747,4.5455,0.4872
2019,9,2019_09_NYJ_MIA,MIA,NYJ,26,18,outdoors,grass,85.0,11.0,316.0,0.0,3.0,0.04661,4.6875,0.6,321.0,1.0,1.0,-0.044575,1.5873,0.6429
2019,9,2019_09_CHI_PHI,PHI,CHI,22,14,outdoors,grass,52.0,13.0,373.0,0.0,2.0,0.003134,2.5641,0.6047,164.0,1.0,2.0,-0.131645,4.7619,0.4167
2019,9,2019_09_IND_PIT,PIT,IND,26,24,outdoors,grass,48.0,12.0,273.0,2.0,1.0,-0.110169,1.6393,0.7222,328.0,3.0,4.0,-0.123277,6.0606,0.5676
2019,9,2019_09_DET_OAK,OAK,DET,31,24,outdoors,grass,71.0,6.0,,,,,,,473.0,2.0,3.0,0.101405,4.8387,0.6047
2019,9,2019_09_TB_SEA,SEA,TB,40,34,outdoors,fieldturf,54.0,6.0,494.0,1.0,5.0,0.13547,7.2464,0.617,418.0,1.0,4.0,0.111113,5.5556,0.6304
2019,9,2019_09_CLE_DEN,DEN,CLE,24,19,outdoors,grass,55.0,4.0,302.0,1.0,3.0,0.037951,6.9767,0.5217,351.0,0.0,1.0,-0.003901,1.3699,0.6136
2019,9,2019_09_GB_LAC,LAC,GB,26,11,outdoors,grass,79.0,2.0,442.0,0.0,2.0,0.128974,2.9412,0.7,186.0,0.0,1.0,-0.072461,2.0,0.6053
2019,9,2019_09_NE_BAL,BAL,NE,37,20,outdoors,grass,48.0,1.0,372.0,1.0,4.0,0.181723,6.1538,0.7083,342.0,3.0,3.0,-0.033926,4.6154,0.625
2019,9,2019_09_DAL_NYG,NYG,DAL,18,37,outdoors,fieldturf,51.0,10.0,271.0,3.0,2.0,-0.183884,2.9412,0.5652,429.0,2.0,3.0,0.046629,4.6154,0.6286
2019,10,2019_10_LAC_OAK,OAK,LAC,26,24,outdoors,grass,54.0,9.0,,,,,,,315.0,3.0,4.0,-0.053329,6.0606,0.4722
2019,10,2019_10_DET_CHI,CHI,DET,20,13,outdoors,grass,40.0,12.0,226.0,0.0,3.0,-0.098443,5.7692,0.5714,357.0,1.0,1.0,-0.125935,1.3333,0.5625
2019,10,2019_10_BAL_CIN,CIN,BAL,13,49,outdoors,grass,56.0,9.0,307.0,3.0,3.0,-0.239762,4.1667,0.5,379.0,1.0,5.0,0.37861,10.8696,0.7826
2019,10,2019_10_BUF_CLE,CLE,BUF,19,16,outdoors,grass,50.0,10.0,368.0,0.0,2.0,0.044392,3.0303,0.65,344.0,0.0,2.0,-0.014061,3.2258,0.5238
2019,10,2019_10_ATL_NO,NO,ATL,9,26,dome,astroturf,,,310.0,0.0,0.0,-0.240008,0.0,0.6346,317.0,1.0,2.0,0.050087,2.8571,0.5556
2019,10,2019_10_NYG_NYJ,NYJ,NYG,34,27,outdoors,fieldturf,48.0,8.0,294.0,0.0,3.0,0.048099,4.918,0.5938,283.0,2.0,5.0,-0.030968,7.6923,0.5417
2019,10,2019_10_ARI_TB,TB,ARI,30,27,outdoors,grass,77.0,8.0,457.0,3.0,3.0,0.066433,3.8462,0.5769,417.0,2.0,3.0,0.068715,4.6154,0.5957
2019,10,2019_10_KC_TEN,TEN,KC,35,32,outdoors,grass,63.0,9.0,373.0,1.0,4.0,0.102027,8.0,0.5652,530.0,1.0,4.0,0.091321,5.1282,0.6792
2019,10,2019_10_MIA_IND,IND,MIA,12,16,closed,fieldturf,,,300.0,3.0,1.0,-0.319979,1.4493,0.45,229.0,2.0,1.0,-0.241281,1.6129,0.5833
2019,10,2019_10_CAR_GB,GB,CAR,24,16,outdoors,grass,34.0,6.0,388.0,0.0,3.0,0.106141,5.1724,0.5484,401.0,2.0,2.0,0.00931,2.8571,0.5957
2019,10,2019_10_LA_PIT,PIT,LA,17,12,outdoors,grass,55.0,12.0,273.0,2.0,2.0,-0.271104,2.9412,0.5366,306.0,4.0,1.0,-0.31985,1.4493,0.4783
2019,10,2019_10_MIN_DAL,DAL,MIN,24,28,closed,fieldturf,,,443.0,1.0,3.0,0.117029,4.2857,0.5833,366.0,0.0,3.0,0.18282,4.2857,0.6765
2019,10,2019_10_SEA_SF,SF,SEA,24,27,outdoors,grass,77.0,3.0,304.0,3.0,2.0,-0.244121,2.5316,0.4615,336.0,4.0,3.0,-0.231997,4.1096,0.6154
2019,11,2019_11_PIT_CLE,CLE,PIT,21,7,outdoors,grass,36.0,10.0,293.0,0.0,3.0,-0.189891,4.4118,0.5152,236.0,4.0,1.0,-0.357373,1.5625,0.4792
2019,11,2019_11_HOU_BAL,BAL,HOU,41,7,outdoors,grass,44.0,10.0,491.0,0.0,5.0,0.208283,7.8125,0.7407,232.0,2.0,1.0,-0.291894,1.7544,0.4865
2019,11,2019_11_ATL_CAR,CAR,ATL,3,29,outdoors,grass,51.0,11.0,347.0,4.0,1.0,-0.351524,1.4286,0.5636,349.0,0.0,2.0,0.031689,3.2258,0.6111
2019,11,2019_11_DAL_DET,DET,DAL,27,35,dome,fieldturf,,,312.0,0.0,4.0,0.039007,6.8966,0.5,511.0,1.0,4.0,0.177569,5.5556,0.617
2019,11,2019_11_JAX_IND,IND,JAX,33,13,closed,fieldturf,,,389.0,1.0,4.0,0.160207,6.3492,0.5556,308.0,2.0,2.0,-0.134117,3.3898,0.66
2019,11,2019_11_BUF_MIA,MIA,BUF,20,37,outdoors,grass,62.0,13.0,303.0,1.0,3.0,-0.097504,4.5455,0.6038,424.0,0.0,4.0,0.191926,5.9701,0.6364
2019,11,2019_11_DEN_MIN,MIN,DEN,27,23,dome,sportturf,,,321.0,2.0,4.0,-0.036775,6.7797,0.7073,394.0,1.0,2.0,-0.030889,2.6667,0.4286
2019,11,2019_11_NO_TB,TB,NO,17,34,outdoors,grass,55.0,4.0,334.0,4.0,3.0,-0.138794,4.918,0.566,328.0,0.0,3.0,0.131818,4.6875,0.7778
2019,11,2019_11_NYJ_WAS,WAS,NYJ,17,34,outdoors,grass,43.0,8.0,227.0,1.0,2.0,-0.235384,3.1746,0.4419,400.0,2.0,5.0,0.014635,7.5758,0.5758
2019,11,2019_11_ARI_SF,SF,ARI,36,26,outdoors,grass,72.0,0.0,442.0,2.0,4.0,0.0723,5.9701,0.7083,266.0,2.0,4.0,-0.008338,6.4516,0.6486
2019,11,2019_11_CIN_OAK,OAK,CIN,17,10,outdoors,grass,76.0,13.0,,,,,,,246.0,2.0,1.0,-0.15176,1.7241,0.3611
2019,11,2019_11_NE_PHI,PHI,NE,10,17,outdoors,grass,42.0,13.0,255.0,1.0,1.0,-0.136393,1.5152,0.4444,300.0,0.0,1.0,-0.032945,1.3889,0.551
2019,11,2019_11_CHI_LA,LA,CHI,17,7,outdoors,grass,79.0,0.0,283.0,2.0,2.0,-0.180773,3.8462,0.6111,267.0,1.0,1.0,-0.25537,1.3514,0.5
2019,11,2019_11_KC_LAC,LAC,KC,17,24,outdoors,grass,67.0,7.0,440.0,4.0,1.0,-0.039698,1.3514,0.5091,310.0,1.0,3.0,0.060735,5.0,0.5758
2019,12,2019_12_IND_HOU,HOU,IND,20,17,closed,grass,,,396.0,1.0,2.0,0.03093,3.6364,0.6129,296.0,0.0,2.0,-0.02137,3.0769,0.6154
2019,12,2019_12_TB_ATL,ATL,TB,22,35,closed,fieldturf,,,337.0,2.0,3.0,-0.112295,3.7037,0.4516,446.0,2.0,4.0,0.062712,6.4516,0.6429
2019,12,2019_12_DEN_BUF,BUF,DEN,20,3,outdoors,astroturf,40.0,17.0,424.0,1.0,2.0,0.019825,2.7397,0.5769,134.0,1.0,0.0,-0.278068,0.0,0.3448
2019,12,2019_12_NYG_CHI,CHI,NYG,19,14,outdoors,grass,48.0,12.0,335.0,2.0,2.0,-0.137317,2.8986,0.5814,243.0,1.0,2.0,-0.243592,3.4483,0.5676
2019,12,2019_12_PIT_CIN,CIN,PIT,10,16,outdoors,grass,46.0,10.0,244.0,2.0,1.0,-0.24059,1.9608,0.4,338.0,1.0,1.0,-0.094169,1.4706,0.4333
2019,12,2019_12_MIA_CLE,CLE,MIA,41,24,outdoors,grass,39.0,14.0,467.0,1.0,5.0,0.21521,7.4627,0.6857,284.0,2.0,3.0,-0.010694,4.7619,0.4884
2019,12,2019_12_CAR_NO,NO,CAR,34,31,dome,astroturf,,,418.0,2.0,4.0,0.110093,6.7797,0.7317,351.0,0.0,4.0,0.093941,5.7143,0.561
2019,12,2019_12_OAK_NYJ,NYJ,OAK,34,3,outdoors,fieldturf,43.0,12.0,401.0,0.0,3.0,0.085145,5.0,0.6667,,,,,,
2019,12,2019_12_SEA_PHI,PHI,SEA,9,17,outdoors,grass,40.0,17.0,344.0,5.0,1.0,-0.251273,1.3889,0.6875,348.0,2.0,2.0,-0.126454,3.5088,0.4194
2019,12,2019_12_DET_WAS,WAS,DET,19,16,outdoors,grass,46.0,17.0,230.0,2.0,1.0,-0.114568,1.7544,0.3939,364.0,4.0,1.0,-0.114014,1.4085,0.5128
2019,12,2019_12_JAX_TEN,TEN,JAX,42,20,outdoors,grass,52.0,9.0,471.0,2.0,6.0,0.30052,11.5385,0.7368,371.0,1.0,2.0,-0.021361,2.5,0.6038
2019,12,2019_12_DAL_NE,NE,DAL,13,9,outdoors,grass,38.0,16.0,282.0,0.0,1.0,-0.204109,1.5152,0.4359,321.0,1.0,0.0,-0.260788,0.0,0.5758
2019,12,2019_12_GB_SF,SF,GB,37,8,outdoors,grass,63.0,7.0,339.0,0.0,4.0,0.161603,8.8889,0.6087,200.0,1.0,1.0,-0.225227,1.4085,0.5349
2019,12,2019_12_BAL_LA,LA,BAL,6,45,outdoors,grass,62.0,5.0,221.0,2.0,0.0,-0.147069,0.0,0.6667,480.0,0.0,6.0,0.383219,8.1081,0.6154
2019,13,2019_13_CHI_DET,DET,CHI,20,24,dome,fieldturf,,,364.0,1.0,2.0,-0.041143,2.9851,0.55,419.0,1.0,3.0,0.022623,4.8387,0.7436
2019,13,2019_13_BUF_DAL,DAL,BUF,15,26,closed,fieldturf,,,428.0,2.0,2.0,-0.087293,2.7397,0.5926,356.0,0.0,3.0,0.115482,4.7619,0.6897
2019,13,2019_13_NO_ATL,ATL,NO,18,26,closed,fieldturf,,,348.0,3.0,2.0,-0.175683,2.3256,0.5833,279.0,0.0,2.0,-0.086542,4.0816,0.5806
2019,13,2019_13_SF_BAL,BAL,SF,20,17,outdoors,grass,40.0,13.0,283.0,1.0,2.0,0.049173,3.2258,0.5833,331.0,1.0,2.0,0.04465,3.8462,0.6522
2019,13,2019_13_WAS_CAR,CAR,WAS,21,29,outdoors,grass,64.0,16.0,278.0,2.0,3.0,-0.113677,4.1096,0.5094,362.0,0.0,3.0,0.032477,4.918,0.4194
2019,13,2019_13_NYJ_CIN,CIN,NYJ,22,6,outdoors,grass,46.0,15.0,277.0,0.0,2.0,0.001868,3.1746,0.5789,271.0,0.0,0.0,-0.187472,0.0,0.5385
2019,13,2019_13_TEN_IND,IND,TEN,17,31,closed,fieldturf,,,391.0,3.0,3.0,-0.268995,4.4776,0.5814,292.0,2.0,3.0,-0.073814,5.1724,0.6071
2019,13,2019_13_TB_JAX,JAX,TB,11,28,outdoors,grass,77.0,15.0,244.0,4.0,2.0,-0.343019,3.125,0.4894,317.0,1.0,2.0,-0.092976,2.8986,0.5676
2019,13,2019_13_PHI_MIA,MIA,PHI,37,31,outdoors,grass,82.0,15.0,411.0,1.0,5.0,0.203797,7.6923,0.6222,388.0,1.0,3.0,0.149446,4.4118,0.5714
2019,13,2019_13_GB_NYG,NYG,GB,13,31,outdoors,fieldturf,32.0,10.0,335.0,3.0,1.0,-0.057667,1.5625,0.5405,322.0,0.0,4.0,0.237849,6.7797,0.6364
2019,13,2019_13_CLE_PIT,PIT,CLE,20,13,outdoors,grass,46.0,6.0,323.0,1.0,2.0,-0.008517,3.7037,0.6364,279.0,2.0,1.0,-0.075205,1.5873,0.4615
2019,13,2019_13_LA_ARI,ARI,LA,7,34,closed,grass,,,198.0,1.0,2.0,-0.327033,3.2787,0.475,549.0,0.0,3.0,0.082717,3.9474,0.7174
2019,13,2019_13_LAC_DEN,DEN,LAC,23,20,outdoors,grass,33.0,7.0,218.0,2.0,2.0,0.021847,3.7736,0.6429,359.0,1.0,2.0,-0.018708,3.2787,0.625
2019,13,2019_13_OAK_KC,KC,OAK,40,9,outdoors,astroturf,36.0,20.0,259.0,0.0,4.0,0.17774,6.7797,0.5,,,,,,
2019,13,2019_13_NE_HOU,HOU,NE,28,22,closed,grass,,,276.0,0.0,4.0,0.119413,7.6923,0.6552,448.0,1.0,3.0,0.027277,3.75,0.4706
2019,13,2019_13_MIN_SEA,SEA,MIN,37,30,outdoors,fieldturf,51.0,1.0,444.0,2.0,5.0,0.055479,6.5789,0.6364,354.0,3.0,3.0,-0.03755,5.7692,0.5789
2019,14,2019_14_DAL_CHI,CHI,DAL,31,24,outdoors,grass,44.0,9.0,382.0,2.0,4.0,0.092729,5.9701,0.697,408.0,0.0,3.0,0.004904,4.1096,0.5294
2019,14,2019_14_CAR_ATL,ATL,CAR,40,20,closed,fieldturf,,,461.0,0.0,4.0,0.142217,5.9701,0.5714,345.0,4.0,2.0,-0.104932,2.9412,0.6087
2019,14,2019_14_BAL_BUF,BUF,BAL,17,24,outdoors,astroturf,43.0,18.0,211.0,1.0,1.0,-0.150684,1.4493,0.3696,257.0,1.0,3.0,-0.03506,5.0847,0.6154
2019,14,2019_14_CIN_CLE,CLE,CIN,27,19,outdoors,grass,48.0,16.0,333.0,2.0,2.0,0.062327,3.8462,0.44,451.0,1.0,2.0,-0.013197,2.7778,0.561
2019,14,2019_14_WAS_GB,GB,WAS,20,15,outdoors,grass,37.0,10.0,341.0,1.0,2.0,0.018118,3.3333,0.5625,262.0,1.0,2.0,-0.066341,3.3333,0.5161
2019,14,2019_14_DEN_HOU,HOU,DEN,24,38,closed,grass,,,414.0,3.0,4.0,-0.048269,5.3333,0.5283,391.0,1.0,4.0,0.193472,7.2727,0.7857
2019,14,2019_14_DET_MIN,MIN,DET,20,7,dome,sportturf,,,354.0,0.0,2.0,-0.051693,2.8571,0.7742,231.0,2.0,1.0,-0.22602,1.4925,0.5333
2019,14,2019_14_SF_NO,NO,SF,46,48,dome,astroturf,,,465.0,1.0,6.0,0.162517,8.5714,0.6905,516.0,1.0,6.0,0.199652,9.5238,0.6923
2019,14,2019_14_MIA_NYJ,NYJ,MIA,22,21,outdoors,fieldturf,41.0,9.0,374.0,1.0,2.0,0.003617,2.8986,0.5405,362.0,1.0,0.0,0.045107,0.0,0.5385
2019,14,2019_14_IND_TB,TB,IND,38,35,outdoors,grass,78.0,9.0,542.0,4.0,6.0,0.012934,7.6923,0.7,311.0,1.0,3.0,0.00634,5.0,0.5
2019,14,2019_14_LAC_JAX,JAX,LAC,10,45,outdoors,grass,62.0,7.0,252.0,0.0,1.0,-0.092597,1.5873,0.625,525.0,0.0,6.0,0.450115,10.3448,0.6786
2019,14,2019_14_PIT_ARI,ARI,PIT,17,23,closed,grass,,,236.0,3.0,3.0,-0.185358,5.2632,0.5714,275.0,2.0,1.0,-0.063611,1.7544,0.7273
2019,14,2019_14_KC_NE,NE,KC,16,23,outdoors,grass,32.0,8.0,278.0,1.0,2.0,-0.18907,3.1746,0.5,346.0,2.0,2.0,-0.03721,2.8571,0.6341
2019,14,2019_14_TEN_OAK,OAK,TEN,21,42,outdoors,grass,59.0,5.0,,,,,,,552.0,1.0,5.0,0.300342,8.4746,0.7778
2019,14,2019_14_SEA_LA,LA,SEA,28,12,outdoors,grass,60.0,4.0,455.0,2.0,5.0,0.065709,7.4627,0.6875,308.0,1.0,0.0,-0.116458,0.0,0.5366
2019,14,2019_14_NYG_PHI,PHI,NYG,23,17,outdoors,grass,53.0,11.0,418.0,1.0,3.0,-0.004327,3.5294,0.6226,255.0,0.0,2.0,-0.084614,3.8462,0.4688
2019,15,2019_15_NYJ_BAL,BAL,NYJ,42,21,outdoors,grass,33.0,3.0,432.0,0.0,7.0,0.150432,11.6667,0.6,312.0,2.0,2.0,-0.146696,3.4483,0.5294
2019,15,2019_15_SEA_CAR,CAR,SEA,24,30,outdoors,grass,56.0,5.0,414.0,3.0,3.0,0.042207,4.1667,0.5814,428.0,1.0,4.0,0.16769,6.3492,0.6897
2019,15,2019_15_NE_CIN,CIN,NE,13,34,outdoors,grass,36.0,6.0,315.0,4.0,2.0,-0.206015,3.1746,0.5484,291.0,1.0,3.0,0.094419,4.7619,0.4839
2019,15,2019_15_TB_DET,DET,TB,17,38,dome,fieldturf,,,295.0,3.0,3.0,-0.253518,4.7619,0.5333,495.0,1.0,4.0,0.084097,5.4795,0.6364
2019,15,2019_15_CHI_GB,GB,CHI,21,13,outdoors,grass,11.0,7.0,292.0,0.0,3.0,-0.103318,5.1724,0.4706,415.0,3.0,1.0,-0.144985,1.2048,0.5179
2019,15,2019_15_DEN_KC,KC,DEN,23,3,outdoors,astroturf,24.0,8.0,421.0,1.0,2.0,0.122798,3.125,0.6923,251.0,1.0,0.0,-0.168152,0.0,0.4286
2019,15,2019_15_MIA_NYG,NYG,MIA,36,20,outdoors,fieldturf,48.0,19.0,412.0,3.0,5.0,0.092209,7.9365,0.7,384.0,1.0,2.0,-0.079046,2.8986,0.5227
2019,15,2019_15_HOU_TEN,TEN,HOU,21,24,outdoors,grass,45.0,4.0,432.0,1.0,3.0,0.046991,4.4776,0.5641,374.0,2.0,3.0,0.124682,4.7619,0.6786
2019,15,2019_15_PHI_WAS,WAS,PHI,27,37,outdoors,grass,52.0,13.0,352.0,1.0,4.0,0.078553,7.8431,0.6552,415.0,1.0,4.0,0.202813,5.4795,0.6667
2019,15,2019_15_CLE_ARI,ARI,CLE,38,24,closed,grass,,,445.0,1.0,5.0,0.19872,8.3333,0.76,393.0,2.0,3.0,0.010907,4.4776,0.6818
2019,15,2019_15_MIN_LAC,LAC,MIN,10,39,outdoors,grass,64.0,14.0,345.0,7.0,2.0,-0.390035,3.2787,0.6667,344.0,1.0,3.0,0.092729,4.8387,0.76
2019,15,2019_15_JAX_OAK,OAK,JAX,16,20,outdoors,grass,59.0,7.0,,,,,,,262.0,0.0,2.0,0.105471,3.7736,0.5484
2019,15,2019_15_LA_DAL,DAL,LA,44,21,closed,fieldturf,,,475.0,0.0,5.0,0.323419,7.3529,0.6522,291.0,1.0,3.0,-0.000155,4.2857,0.6182
2019,15,2019_15_ATL_SF,SF,ATL,22,29,outdoors,grass,55.0,6.0,313.0,3.0,3.0,0.007332,4.8387,0.6286,290.0,0.0,3.0,0.102703,4.8387,0.6098
2019,15,2019_15_BUF_PIT,PIT,BUF,10,17,outdoors,grass,31.0,6.0,229.0,5.0,1.0,-0.288357,1.7857,0.5476,261.0,2.0,2.0,-0.143495,3.125,0.5
2019,15,2019_15_IND_NO,NO,IND,34,7,dome,astroturf,,,424.0,0.0,4.0,0.190711,6.3492,0.9667,205.0,0.0,1.0,-0.206612,1.9231,0.5143
2019,16,2019_16_HOU_TB,TB,HOU,20,23,outdoors,grass,73.0,11.0,435.0,5.0,3.0,-0.242935,4.1667,0.4902,229.0,2.0,1.0,-0.160203,1.5873,0.5135
2019,16,2019_16_BUF_NE,NE,BUF,24,17,outdoors,grass,33.0,2.0,416.0,1.0,2.0,0.087007,2.8986,0.7647,268.0,0.0,2.0,-0.007129,3.7736,0.4333
2019,16,2019_16_LA_SF,SF,LA,34,31,outdoors,grass,58.0,12.0,334.0,2.0,3.0,-0.002233,5.3571,0.4848,395.0,1.0,5.0,0.001142,7.1429,0.587
2019,16,2019_16_JAX_ATL,ATL,JAX,24,12,closed,fieldturf,,,518.0,2.0,3.0,0.02658,4.1096,0.6957,288.0,1.0,1.0,-0.103727,1.6667,0.3889
2019,16,2019_16_BAL_CLE,CLE,BAL,15,31,outdoors,grass,49.0,10.0,241.0,1.0,2.0,-0.013968,3.7037,0.5714,481.0,1.0,4.0,0.19159,5.6338,0.6452
2019,16,2019_16_CAR_IND,IND,CAR,38,6,closed,fieldturf,,,324.0,0.0,3.0,0.125843,4.8387,0.4667,286.0,3.0,2.0,-0.294026,2.8169,0.56
2019,16,2019_16_CIN_MIA,MIA,CIN,38,35,outdoors,grass,76.0,15.0,502.0,1.0,5.0,0.10738,5.6818,0.5741,434.0,1.0,4.0,0.080711,4.5455,0.5323
2019,16,2019_16_PIT_NYJ,NYJ,PIT,16,10,outdoors,fieldturf,45.0,6.0,259.0,1.0,1.0,-0.067206,1.6667,0.5714,260.0,2.0,1.0,-0.161741,1.5152,0.6098
2019,16,2019_16_NO_TEN,TEN,NO,28,38,outdoors,grass,50.0,4.0,397.0,1.0,4.0,0.000544,6.8966,0.5312,377.0,0.0,5.0,0.151539,7.5758,0.6512
2019,16,2019_16_NYG_WAS,WAS,NYG,35,41,outdoors,grass,44.0,6.0,361.0,0.0,5.0,0.181118,7.4627,0.7073,552.0,0.0,6.0,0.275284,8.6957,0.6512
2019,16,2019_16_DET_DEN,DEN,DET,27,17,outdoors,grass,67.0,3.0,348.0,0.0,4.0,0.052389,5.9701,0.7647,191.0,0.0,1.0,-0.071966,2.0408,0.4286
2019,16,2019_16_OAK_LAC,LAC,OAK,17,24,outdoors,grass,64.0,10.0,284.0,0.0,2.0,0.03565,3.5714,0.675,,,,,,
2019,16,2019_16_DAL_PHI,PHI,DAL,17,9,outdoors,grass,47.0,7.0,431.0,0.0,2.0,-0.03795,2.8169,0.7561,311.0,1.0,0.0,-0.13827,0.0,0.5435
2019,16,2019_16_ARI_SEA,SEA,ARI,13,27,outdoors,fieldturf,43.0,7.0,224.0,1.0,1.0,-0.224362,1.7857,0.4444,412.0,0.0,3.0,-0.019494,4.3478,0.5172
2019,16,2019_16_KC_CHI,CHI,KC,3,26,outdoors,grass,45.0,10.0,234.0,0.0,0.0,-0.130944,0.0,0.4865,350.0,0.0,3.0,0.221157,4.7619,0.6765
2019,16,2019_16_GB_MIN,MIN,GB,10,23,dome,sportturf,,,139.0,1.0,1.0,-0.489041,1.8868,0.4324,385.0,3.0,2.0,-0.198891,2.6316,0.5909
2019,17,2019_17_NYJ_BUF,BUF,NYJ,6,13,outdoors,astroturf,43.0,7.0,309.0,3.0,0.0,-0.282948,0.0,0.5122,271.0,1.0,1.0,-0.160815,1.5385,0.6053
2019,17,2019_17_NO_CAR,CAR,NO,10,42,outdoors,grass,63.0,9.0,329.0,3.0,2.0,-0.214932,2.8986,0.5098,379.0,0.0,5.0,0.243555,7.4627,0.625
2019,17,2019_17_CLE_CIN,CIN,CLE,33,23,outdoors,grass,64.0,7.0,361.0,1.0,4.0,0.13389,5.8824,0.5517,313.0,3.0,3.0,0.033049,5.6604,0.3636
2019,17,2019_17_GB_DET,DET,GB,20,23,dome,fieldturf,,,305.0,1.0,2.0,-0.096444,3.5714,0.4194,432.0,1.0,2.0,-0.023331,2.3256,0.4821
2019,17,2019_17_LAC_KC,KC,LAC,31,21,outdoors,astroturf,40.0,16.0,336.0,1.0,4.0,0.248128,8.3333,0.64,366.0,2.0,3.0,0.056742,4.0541,0.6327
2019,17,2019_17_CHI_MIN,MIN,CHI,19,21,dome,sportturf,,,300.0,3.0,1.0,-0.075719,2.1277,0.5714,337.0,1.0,1.0,-0.018468,1.3333,0.6341
2019,17,2019_17_MIA_NE,NE,MIA,24,27,outdoors,grass,43.0,2.0,352.0,2.0,4.0,0.037764,7.0175,0.5333,389.0,0.0,2.0,0.104068,2.9412,0.6304
2019,17,2019_17_ATL_TB,TB,ATL,22,28,outdoors,grass,78.0,12.0,331.0,3.0,3.0,-0.30146,6.383,0.52,373.0,1.0,2.0,-0.08462,2.2989,0.5263
2019,17,2019_17_PIT_BAL,BAL,PIT,28,10,outdoors,grass,46.0,7.0,304.0,2.0,1.0,-0.016562,1.4706,0.4583,168.0,2.0,2.0,-0.287367,4.0,0.3333
2019,17,2019_17_WAS_DAL,DAL,WAS,47,16,closed,fieldturf,,,517.0,1.0,5.0,0.128546,6.9444,0.6389,271.0,2.0,1.0,-0.282335,1.6949,0.4615
2019,17,2019_17_OAK_DEN,DEN,OAK,16,15,outdoors,grass,31.0,6.0,238.0,1.0,1.0,-0.073465,1.7544,0.5667,,,,,,
2019,17,2019_17_TEN_HOU,HOU,TEN,14,35,closed,grass,,,301.0,1.0,2.0,-0.037266,3.0769,0.525,467.0,0.0,5.0,0.296535,8.3333,0.6667
2019,17,2019_17_IND_JAX,JAX,IND,38,20,outdoors,grass,,,355.0,1.0,3.0,0.148153,4.4776,0.6279,275.0,2.0,3.0,-0.0782,5.4545,0.4286
2019,17,2019_17_ARI_LA,LA,ARI,31,24,outdoors,grass,62.0,0.0,424.0,0.0,4.0,0.066717,5.0633,0.6304,393.0,5.0,3.0,-0.001265,4.918,0.6136
2019,17,2019_17_PHI_NYG,NYG,PHI,17,34,outdoors,fieldturf,42.0,5.0,397.0,2.0,2.0,-0.175972,2.7778,0.549,400.0,0.0,4.0,0.042441,5.5556,0.561
2019,17,2019_17_SF_SEA,SEA,SF,21,26,outdoors,fieldturf,51.0,3.0,348.0,0.0,3.0,0.101477,4.2254,0.6098,398.0,0.0,3.0,0.296321,6.1224,0.72
2019,18,2019_18_BUF_HOU,HOU,BUF,22,19,closed,grass,,,364.0,1.0,2.0,-0.05095,2.9851,0.6061,425.0,1.0,1.0,-0.039575,1.2346,0.4902
2019,18,2019_18_TEN_NE,NE,TEN,13,20,outdoors,grass,44.0,4.0,307.0,2.0,2.0,-0.096919,3.3898,0.5405,272.0,1.0,2.0,0.000545,3.4483,0.5294
2019,18,2019_18_MIN_NO,NO,MIN,20,26,dome,astroturf,,,324.0,2.0,2.0,-0.144064,3.7037,0.7297,362.0,1.0,3.0,-0.026037,4.0541,0.5588
2019,18,2019_18_SEA_PHI,PHI,SEA,9,17,outdoors,grass,41.0,17.0,282.0,0.0,0.0,-0.054583,0.0,0.5429,382.0,0.0,2.0,0.077799,3.5088,0.5806
2019,19,2019_19_MIN_SF,SF,MIN,27,10,outdoors,grass,56.0,11.0,308.0,3.0,3.0,0.043333,4.4118,0.5238,147.0,1.0,1.0,-0.262676,2.2222,0.6
2019,19,2019_19_TEN_BAL,BAL,TEN,12,28,outdoors,grass,69.0,12.0,530.0,3.0,1.0,-0.113598,1.0753,0.4844,300.0,0.0,4.0,0.1247,7.5472,0.5
2019,19,2019_19_HOU_KC,KC,HOU,51,31,outdoors,astroturf,,,434.0,0.0,8.0,0.23046,14.0351,0.6389,442.0,2.0,3.0,-0.016199,3.8462,0.5439
2019,19,2019_19_SEA_GB,GB,SEA,28,23,outdoors,grass,23.0,8.0,344.0,0.0,4.0,0.165467,6.7797,0.5517,375.0,0.0,3.0,0.129964,4.918,0.5676
2019,20,2019_20_TEN_KC,KC,TEN,35,24,outdoors,astroturf,,,404.0,0.0,5.0,0.237993,7.8125,0.6216,295.0,0.0,3.0,0.122627,5.1724,0.6286
2019,20,2019_20_GB_SF,SF,GB,37,20,outdoors,grass,58.0,5.0,354.0,0.0,4.0,0.287885,7.8431,0.6667,358.0,3.0,3.0,0.018927,5.0847,0.7209
2019,21,2019_21_SF_KC,KC,SF,31,20,outdoors,grass,,,397.0,2.0,4.0,0.181756,5.3333,0.5652,351.0,2.0,2.0,0.064401,3.7037,0.625
2020,1,2020_01_HOU_KC,KC,HOU,34,20,outdoors,grass,56.0,7.0,369.0,0.0,4.0,0.229092,5.9701,0.7273,360.0,1.0,3.0,0.072621,5.0847,0.5405
2020,1,2020_01_SEA_ATL,ATL,SEA,25,38,closed,fieldturf,,,506.0,2.0,3.0,-0.011466,3.8462,0.6491,383.0,0.0,5.0,0.22258,8.6207,0.8158
2020,1,2020_01_CLE_BAL,BAL,CLE,38,6,outdoors,grass,76.0,5.0,381.0,1.0,5.0,0.183182,8.6207,0.75,306.0,3.0,1.0,-0.244448,1.4706,0.5122
2020,1,2020_01_NYJ_BUF,BUF,NYJ,27,17,outdoors,astroturf,67.0,15.0,404.0,2.0,3.0,0.030066,3.7037,0.6735,254.0,2.0,2.0,-0.124533,3.7736,0.5526
2020,1,2020_01_LV_CAR,CAR,LV,30,34,outdoors,grass,81.0,5.0,390.0,0.0,3.0,0.134739,4.5455,0.6111,372.0,0.0,4.0,0.241817,6.5574,0.7333
2020,1,2020_01_CHI_DET,DET,CHI,23,27,dome,fieldturf,,,426.0,1.0,2.0,-0.034953,2.7778,0.5581,363.0,0.0,3.0,0.045192,4.6154,0.5405
2020,1,2020_01_IND_JAX,JAX,IND,27,20,outdoors,grass,80.0,3.0,241.0,0.0,3.0,0.164835,6.383,0.7917,445.0,2.0,2.0,0.036788,2.8986,0.766
2020,1,2020_01_GB_MIN,MIN,GB,34,43,dome,sportturf,,,388.0,1.0,4.0,0.22835,7.6923,0.6786,522.0,0.0,5.0,0.279443,6.5789,0.7273
2020,1,2020_01_MIA_NE,NE,MIA,21,11,outdoors,grass,70.0,8.0,357.0,1.0,3.0,0.109865,4.7619,0.7143,271.0,3.0,1.0,-0.023891,1.6949,0.6452
2020,1,2020_01_PHI_WAS,WAS,PHI,27,17,outdoors,grass,76.0,5.0,239.0,0.0,3.0,-0.114295,4.2857,0.5,265.0,3.0,2.0,-0.222623,2.9851,0.48
2020,1,2020_01_LAC_CIN,CIN,LAC,13,16,outdoors,grass,83.0,6.0,295.0,2.0,1.0,-0.16835,1.4925,0.5897,362.0,0.0,1.0,-0.105813,1.4085,0.5
2020,1,2020_01_TB_NO,NO,TB,34,23,dome,astroturf,,,271.0,0.0,3.0,-0.053707,4.5455,0.5938,310.0,3.0,4.0,-0.1805,6.0606,0.575
2020,1,2020_01_ARI_SF,SF,ARI,20,24,outdoors,grass,66.0,6.0,366.0,0.0,2.0,-0.04449,3.2787,0.5278,404.0,1.0,3.0,0.021388,3.8462,0.619
2020,1,2020_01_DAL_LA,LA,DAL,20,17,dome,matrixturf,,,422.0,1.0,2.0,-0.031675,2.7778,0.625,380.0,0.0,2.0,-0.081827,2.8986,0.5952
2020,1,2020_01_PIT_NYG,NYG,PIT,16,26,outdoors,fieldturf,71.0,5.0,291.0,3.0,2.0,-0.031545,3.0769,0.5778,349.0,0.0,3.0,0.12535,4.6875,0.6176
2020,1,2020_01_TEN_DEN,DEN,TEN,14,16,outdoors,grass,79.0,10.0,323.0,1.0,2.0,-0.039171,3.3898,0.6667,377.0,0.0,2.0,0.005832,2.5641,0.6591
2020,2,2020_02_CIN_CLE,CLE,CIN,35,30,outdoors,grass,65.0,8.0,434.0,1.0,5.0,0.252397,8.6207,0.6957,353.0,1.0,3.0,0.123896,3.4091,0.5781
2020,2,2020_02_NYG_CHI,CHI,NYG,17,13,outdoors,grass,66.0,12.0,304.0,2.0,2.0,-0.069043,3.125,0.5625,295.0,2.0,1.0,-0.091721,1.6129,0.5682
2020,2,2020_02_ATL_DAL,DAL,ATL,40,39,closed,fieldturf,,,570.0,3.0,5.0,0.036467,6.0976,0.68,380.0,0.0,4.0,0.075601,5.4795,0.6154
2020,2,2020_02_DET_GB,GB,DET,42,21,outdoors,grass,66.0,12.0,490.0,0.0,4.0,0.26987,5.9701,0.5806,307.0,1.0,4.0,0.004103,6.8966,0.5405
2020,2,2020_02_MIN_IND,IND,MIN,28,11,closed,fieldturf,,,354.0,1.0,2.0,0.042486,2.9851,0.7037,177.0,3.0,1.0,-0.218031,2.0833,0.3793
2020,2,2020_02_BUF_MIA,MIA,BUF,28,31,outdoors,grass,90.0,5.0,412.0,0.0,3.0,0.153054,4.1096,0.6078,523.0,1.0,4.0,0.279806,6.7797,0.6667
2020,2,2020_02_SF_NYJ,NYJ,SF,13,31,outdoors,fieldturf,61.0,7.0,277.0,0.0,1.0,-0.121322,1.6129,0.6364,359.0,1.0,4.0,0.164337,6.7797,0.7333
2020,2,2020_02_LA_PHI,PHI,LA,19,37,outdoors,grass,62.0,12.0,363.0,4.0,2.0,-0.003113,2.8571,0.6047,449.0,0.0,5.0,0.291727,7.4627,0.7143
2020,2,2020_02_DEN_PIT,PIT,DEN,26,21,outdoors,grass,64.0,5.0,410.0,2.0,3.0,-0.113817,4.6875,0.6905,321.0,2.0,2.0,-0.114971,2.7397,0.4043
2020,2,2020_02_CAR_TB,TB,CAR,31,17,outdoors,grass,85.0,17.0,339.0,2.0,4.0,0.068724,7.0175,0.6571,427.0,4.0,2.0,-0.100035,2.8169,0.7021
2020,2,2020_02_JAX_TEN,TEN,JAX,33,30,outdoors,grass,72.0,5.0,354.0,0.0,4.0,0.2267,6.7797,0.72,480.0,2.0,4.0,0.193124,5.4054,0.6383
2020,2,2020_02_WAS_ARI,ARI,WAS,30,15,closed,grass,,,438.0,2.0,3.0,0.103099,4.1096,0.6341,316.0,1.0,2.0,-0.076421,3.2258,0.5
2020,2,2020_02_BAL_HOU,HOU,BAL,16,33,closed,grass,,,304.0,2.0,2.0,-0.149489,3.5088,0.625,407.0,0.0,2.0,0.147941,3.0769,0.6429
2020,2,2020_02_KC_LAC,LAC,KC,20,23,dome,matrixturf,,,479.0,1.0,2.0,0.008781,2.5316,0.6286,416.0,0.0,2.0,0.067952,2.8169,0.551
2020,2,2020_02_NE_SEA,SEA,NE,35,30,outdoors,fieldturf,70.0,5.0,429.0,1.0,6.0,0.164698,10.0,0.7,464.0,1.0,3.0,0.114243,4.2254,0.6667
2020,2,2020_02_NO_LV,LV,NO,34,24,dome,grass,,,377.0,1.0,4.0,0.172467,5.2632,0.6829,424.0,1.0,3.0,0.098515,5.2632,0.6842
2020,3,2020_03_MIA_JAX,JAX,MIA,13,31,outdoors,grass,81.0,12.0,318.0,2.0,2.0,-0.142766,3.1746,0.6522,294.0,0.0,4.0,0.150449,7.0175,0.8571
2020,3,2020_03_CHI_ATL,ATL,CHI,26,30,closed,fieldturf,,,371.0,1.0,3.0,-0.116333,4.6154,0.475,437.0,2.0,4.0,-0.052324,5.0633,0.537
2020,3,2020_03_LA_BUF,BUF,LA,35,32,outdoors,astroturf,79.0,16.0,375.0,2.0,5.0,0.198787,8.6207,0.6486,480.0,2.0,4.0,0.211382,5.9701,0.6571
2020,3,2020_03_WAS_CLE,CLE,WAS,34,20,outdoors,grass,73.0,18.0,300.0,0.0,4.0,0.068061,6.4516,0.64,309.0,5.0,3.0,-0.112067,4.8387,0.525
2020,3,2020_03_TEN_MIN,MIN,TEN,30,31,dome,sportturf,,,464.0,3.0,4.0,-0.017082,6.3492,0.5333,444.0,1.0,2.0,0.04905,2.7027,0.575
2020,3,2020_03_LV_NE,NE,LV,36,20,outdoors,grass,73.0,8.0,406.0,1.0,3.0,0.138206,4.4118,0.5667,375.0,3.0,3.0,-0.09842,5.3571,0.7059
2020,3,2020_03_SF_NYG,NYG,SF,9,36,outdoors,fieldturf,75.0,2.0,231.0,3.0,0.0,-0.17944,0.0,0.5,420.0,0.0,4.0,0.22104,5.4054,0.641
2020,3,2020_03_CIN_PHI,PHI,CIN,23,23,outdoors,grass,76.0,5.0,378.0,2.0,2.0,-0.016369,2.3256,0.58,304.0,0.0,2.0,0.00557,2.8571,0.5962
2020,3,2020_03_HOU_PIT,PIT,HOU,28,21,outdoors,grass,79.0,6.0,389.0,0.0,3.0,0.106058,3.8961,0.5897,260.0,1.0,3.0,0.015217,6.383,0.5938
2020,3,2020_03_NYJ_IND,IND,NYJ,36,7,closed,fieldturf,,,353.0,0.0,2.0,0.041441,3.5714,0.76,260.0,3.0,3.0,-0.373201,5.0,0.5484
2020,3,2020_03_CAR_LAC,LAC,CAR,16,21,dome,matrixturf,,,436.0,4.0,2.0,-0.135324,2.6667,0.6731,302.0,0.0,1.0,-0.044532,1.9608,0.7333
2020,3,2020_03_DET_ARI,ARI,DET,23,26,closed,grass,,,377.0,3.0,3.0,-0.003312,4.7619,0.6389,322.0,0.0,2.0,0.055435,3.2258,0.6286
2020,3,2020_03_TB_DEN,DEN,TB,10,28,outdoors,grass,55.0,7.0,226.0,2.0,1.0,-0.235377,1.6949,0.5556,353.0,0.0,3.0,0.040053,4.6154,0.625
2020,3,2020_03_DAL_SEA,SEA,DAL,38,31,outdoors,fieldturf,63.0,3.0,414.0,1.0,5.0,0.108371,7.0423,0.6,522.0,3.0,4.0,0.077663,4.9383,0.6167
2020,3,2020_03_GB_NO,NO,GB,30,37,dome,astroturf,,,397.0,1.0,3.0,0.051132,5.1724,0.7632,369.0,0.0,4.0,0.216058,6.7797,0.6364
2020,3,2020_03_KC_BAL,BAL,KC,20,34,outdoors,grass,73.0,8.0,228.0,1.0,2.0,0.025044,3.7736,0.4688,517.0,1.0,5.0,0.211048,6.8493,0.7381
2020,4,2020_04_DEN_NYJ,NYJ,DEN,28,37,outdoors,fieldturf,64.0,6.0,321.0,0.0,1.0,-0.077519,1.3333,0.4902,359.0,3.0,5.0,0.065228,7.9365,0.6129
2020,4,2020_04_ARI_CAR,CAR,ARI,31,21,outdoors,grass,68.0,8.0,444.0,1.0,4.0,0.165334,5.5556,0.7027,262.0,1.0,3.0,0.060513,5.4545,0.75
2020,4,2020_04_JAX_CIN,CIN,JAX,33,25,outdoors,grass,64.0,6.0,505.0,1.0,3.0,0.180089,4.2254,0.6757,429.0,1.0,2.0,0.075694,3.125,0.6136
2020,4,2020_04_CLE_DAL,DAL,CLE,38,49,closed,fieldturf,,,572.0,3.0,5.0,0.106447,6.0976,0.6613,510.0,0.0,6.0,0.277256,8.1081,0.6061
2020,4,2020_04_NO_DET,DET,NO,29,35,dome,fieldturf,,,283.0,1.0,4.0,0.083338,7.0175,0.4857,392.0,1.0,5.0,0.190904,7.2464,0.7037
2020,4,2020_04_MIN_HOU,HOU,MIN,23,31,closed,grass,,,386.0,0.0,2.0,0.039713,3.2258,0.5556,410.0,1.0,4.0,0.173175,6.1538,0.64
2020,4,2020_04_SEA_MIA,MIA,SEA,23,31,outdoors,grass,86.0,13.0,417.0,2.0,1.0,0.082168,1.4493,0.617,441.0,1.0,4.0,0.214426,6.4516,0.6667
2020,4,2020_04_LAC_TB,TB,LAC,38,31,outdoors,grass,75.0,6.0,484.0,1.0,6.0,0.093242,8.2192,0.6522,324.0,2.0,3.0,0.050937,6.0,0.7407
2020,4,2020_04_BAL_WAS,WAS,BAL,17,31,outdoors,grass,65.0,5.0,343.0,1.0,2.0,-0.054637,2.8571,0.6667,350.0,2.0,4.0,0.197024,7.1429,0.625
2020,4,2020_04_NYG_LA,LA,NYG,17,9,dome,matrixturf,,,240.0,1.0,2.0,-0.097864,3.5088,0.7353,295.0,1.0,0.0,-0.168979,0.0,0.561
2020,4,2020_04_IND_CHI,CHI,IND,11,19,outdoors,grass,52.0,10.0,271.0,1.0,1.0,-0.111549,1.6667,0.6047,289.0,0.0,1.0,0.027967,1.4706,0.5333
2020,4,2020_04_BUF_LV,LV,BUF,23,30,dome,grass,,,383.0,2.0,2.0,0.00091,2.8986,0.6957,337.0,0.0,4.0,0.136213,6.7797,0.6857
2020,4,2020_04_PHI_SF,SF,PHI,20,25,outdoors,grass,84.0,12.0,417.0,3.0,4.0,-0.070668,5.6338,0.6275,269.0,1.0,2.0,0.017477,3.3333,0.5625
2020,4,2020_04_NE_KC,KC,NE,26,10,outdoors,astroturf,73.0,14.0,323.0,1.0,2.0,0.054024,3.6364,0.6333,357.0,4.0,2.0,-0.157545,2.7027,0.5128
2020,4,2020_04_ATL_GB,GB,ATL,30,16,outdoors,grass,53.0,9.0,403.0,0.0,4.0,0.236837,6.6667,0.7941,327.0,0.0,2.0,0.03877,2.9412,0.6512
2020,5,2020_05_TB_CHI,CHI,TB,20,19,outdoors,grass,57.0,7.0,243.0,1.0,2.0,-0.043093,3.3898,0.6667,339.0,1.0,1.0,-0.007325,1.5625,0.5682
2020,5,2020_05_CAR_ATL,ATL,CAR,16,23,closed,fieldturf,,,373.0,1.0,1.0,0.051981,1.5873,0.5385,437.0,0.0,2.0,0.17088,3.1746,0.75
2020,5,2020_05_CIN_BAL,BAL,CIN,27,3,outdoors,grass,69.0,3.0,332.0,1.0,2.0,-0.043156,3.2258,0.5,205.0,3.0,1.0,-0.369383,1.5385,0.5135
2020,5,2020_05_JAX_HOU,HOU,JAX,30,14,closed,grass,,,486.0,2.0,3.0,0.151842,5.1724,0.6944,364.0,2.0,2.0,-0.090495,2.7397,0.5849
2020,5,2020_05_LV_KC,KC,LV,32,40,outdoors,astroturf,80.0,16.0,415.0,1.0,4.0,0.098615,5.9701,0.4681,490.0,1.0,5.0,0.242343,7.4627,0.6875
2020,5,2020_05_ARI_NYJ,NYJ,ARI,10,30,outdoors,fieldturf,64.0,8.0,285.0,0.0,1.0,-0.115529,1.5625,0.5,496.0,1.0,4.0,0.153081,5.7971,0.6923
2020,5,2020_05_PHI_PIT,PIT,PHI,38,29,outdoors,grass,70.0,4.0,367.0,1.0,5.0,0.179061,7.4627,0.7714,338.0,2.0,4.0,0.08235,6.8966,0.5
2020,5,2020_05_LA_WAS,WAS,LA,10,30,outdoors,grass,69.0,2.0,108.0,0.0,1.0,-0.260274,1.9231,0.4737,429.0,1.0,4.0,0.090894,6.0606,0.6774
2020,5,2020_05_MIA_SF,SF,MIA,17,43,outdoors,grass,73.0,6.0,259.0,3.0,2.0,-0.162217,3.3898,0.4,436.0,0.0,4.0,0.233213,6.3492,0.7333
2020,5,2020_05_IND_CLE,CLE,IND,32,23,outdoors,grass,64.0,16.0,385.0,2.0,2.0,0.071774,2.7778,0.5641,308.0,2.0,3.0,0.049324,5.7692,0.6176
2020,5,2020_05_NYG_DAL,DAL,NYG,37,34,closed,fieldturf,,,402.0,2.0,4.0,0.037399,6.25,0.6857,302.0,1.0,3.0,0.063915,4.7619,0.5556
2020,5,2020_05_MIN_SEA,SEA,MIN,27,26,outdoors,fieldturf,54.0,10.0,314.0,1.0,4.0,0.068673,7.5472,0.5405,449.0,2.0,3.0,0.067125,3.5714,0.6429
2020,5,2020_05_LAC_NO,NO,LAC,30,27,dome,astroturf,,,408.0,1.0,3.0,-0.02495,4.0,0.66,350.0,0.0,4.0,-0.036474,5.7971,0.5405
2020,5,2020_05_BUF_TEN,TEN,BUF,42,16,outdoors,grass,73.0,3.0,334.0,0.0,6.0,0.21918,9.6774,0.75,370.0,3.0,2.0,-0.090808,2.8571,0.6042
2020,6,2020_06_CHI_CAR,CAR,CHI,16,23,outdoors,grass,63.0,6.0,303.0,3.0,1.0,-0.116567,1.6129,0.4848,261.0,1.0,2.0,-0.014718,3.125,0.5897
2020,6,2020_06_CIN_IND,IND,CIN,31,27,closed,fieldturf,,,430.0,2.0,4.0,0.119817,6.6667,0.6444,398.0,1.0,3.0,0.091702,4.1096,0.6098
2020,6,2020_06_DET_JAX,JAX,DET,16,34,outdoors,grass,78.0,10.0,275.0,2.0,2.0,-0.151869,3.2258,0.5435,403.0,1.0,4.0,0.123727,5.7143,0.6129
2020,6,2020_06_ATL_MIN,MIN,ATL,23,40,dome,sportturf,,,369.0,3.0,3.0,-0.109449,5.7692,0.6154,462.0,1.0,4.0,0.178593,5.0633,0.7143
2020,6,2020_06_DEN_NE,NE,DEN,12,18,outdoors,grass,58.0,7.0,288.0,3.0,1.0,-0.202246,1.7544,0.6129,299.0,2.0,0.0,-0.04297,0.0,0.3846
2020,6,2020_06_WAS_NYG,NYG,WAS,20,19,outdoors,fieldturf,62.0,0.0,240.0,1.0,1.0,-0.016139,2.1739,0.6,337.0,2.0,3.0,-0.026959,4.2857,0.6739
2020,6,2020_06_BAL_PHI,PHI,BAL,28,30,outdoors,grass,61.0,7.0,368.0,1.0,4.0,-0.047258,5.8824,0.4375,355.0,0.0,3.0,0.035935,4.4776,0.5333
2020,6,2020_06_CLE_PIT,PIT,CLE,38,7,outdoors,grass,61.0,9.0,277.0,0.0,4.0,0.041146,6.4516,0.6,220.0,2.0,2.0,-0.427198,3.7037,0.4688
2020,6,2020_06_HOU_TEN,TEN,HOU,42,36,outdoors,grass,61.0,10.0,609.0,2.0,6.0,0.239653,8.4507,0.6818,412.0,0.0,5.0,0.217328,7.3529,0.6829
2020,6,2020_06_NYJ_MIA,MIA,NYJ,24,0,outdoors,grass,85.0,15.0,302.0,2.0,3.0,-0.085006,5.3571,0.6452,263.0,1.0,0.0,-0.376849,0.0,0.4468
2020,6,2020_06_GB_TB,TB,GB,38,10,outdoors,grass,88.0,12.0,324.0,0.0,4.0,0.102452,6.3492,0.6071,201.0,2.0,2.0,-0.252735,3.2787,0.4
2020,6,2020_06_LA_SF,SF,LA,24,16,outdoors,grass,86.0,10.0,390.0,0.0,3.0,0.101745,4.2857,0.697,311.0,1.0,2.0,0.012779,3.5088,0.5
2020,6,2020_06_KC_BUF,BUF,KC,17,26,outdoors,astroturf,51.0,6.0,206.0,1.0,2.0,0.068872,4.0,0.5185,466.0,1.0,3.0,0.210008,4.1096,0.7778
2020,6,2020_06_ARI_DAL,DAL,ARI,10,38,closed,fieldturf,,,344.0,4.0,1.0,-0.170898,1.1905,0.5965,438.0,0.0,5.0,0.22844,8.3333,0.36
2020,7,2020_07_NYG_PHI,PHI,NYG,22,21,outdoors,grass,70.0,4.0,442.0,1.0,3.0,-0.025854,4.0541,0.5319,325.0,3.0,3.0,-0.025213,5.4545,0.6061
2020,7,2020_07_DET_ATL,ATL,DET,22,23,closed,fieldturf,,,390.0,1.0,3.0,0.034756,4.2254,0.6889,386.0,0.0,2.0,0.091904,3.3898,0.6579
2020,7,2020_07_CLE_CIN,CIN,CLE,34,37,outdoors,grass,48.0,8.0,468.0,2.0,4.0,0.18989,5.4795,0.6923,398.0,1.0,5.0,0.329793,9.8039,0.7931
2020,7,2020_07_GB_HOU,HOU,GB,20,35,closed,grass,,,365.0,1.0,2.0,-0.074164,3.125,0.6905,379.0,0.0,5.0,0.141547,8.1967,0.6765
2020,7,2020_07_CAR_NO,NO,CAR,27,24,dome,astroturf,,,415.0,1.0,3.0,0.165505,4.4776,0.7895,283.0,0.0,3.0,0.218869,6.9767,0.7931
2020,7,2020_07_BUF_NYJ,NYJ,BUF,10,18,outdoors,fieldturf,52.0,8.0,191.0,2.0,1.0,-0.149272,1.9608,0.4138,422.0,1.0,0.0,0.019699,0.0,0.6667
2020,7,2020_07_PIT_TEN,TEN,PIT,24,27,outdoors,grass,55.0,3.0,292.0,0.0,3.0,0.003579,5.3571,0.5455,362.0,3.0,3.0,0.062504,4.0541,0.6531
2020,7,2020_07_DAL_WAS,WAS,DAL,25,3,outdoors,grass,46.0,5.0,397.0,0.0,3.0,0.114267,4.4776,0.5357,142.0,1.0,0.0,-0.188017,0.0,0.3929
2020,7,2020_07_TB_LV,LV,TB,20,45,dome,grass,,,347.0,1.0,2.0,-0.052766,3.1746,0.6154,454.0,0.0,6.0,0.285984,8.5714,0.7333
2020,7,2020_07_KC_DEN,DEN,KC,16,43,outdoors,grass,14.0,11.0,411.0,4.0,3.0,-0.214937,3.9474,0.5581,286.0,1.0,4.0,0.197274,7.8431,0.5862
2020,7,2020_07_JAX_LAC,LAC,JAX,39,29,dome,matrixturf,,,484.0,0.0,6.0,-0.025229,7.6923,0.6222,298.0,1.0,3.0,-0.182721,4.8387,0.4118
2020,7,2020_07_SF_NE,NE,SF,6,33,outdoors,grass,49.0,7.0,241.0,4.0,0.0,-0.188896,0.0,0.5556,467.0,2.0,4.0,0.26568,6.3492,0.7692
2020,7,2020_07_SEA_ARI,ARI,SEA,37,34,closed,grass,,,519.0,2.0,4.0,0.073273,4.9383,0.7083,572.0,3.0,4.0,0.070761,4.878,0.6346
2020,7,2020_07_CHI_LA,LA,CHI,24,10,dome,matrixturf,,,371.0,1.0,4.0,-0.119027,5.8824,0.6765,279.0,2.0,0.0,-0.33743,0.0,0.6364
2020,8,2020_08_ATL_CAR,CAR,ATL,17,25,outdoors,grass,76.0,8.0,304.0,1.0,2.0,0.018595,3.8462,0.5333,401.0,1.0,2.0,0.176937,2.9412,0.6562
2020,8,2020_08_PIT_BAL,BAL,PIT,24,28,outdoors,grass,52.0,7.0,457.0,4.0,4.0,-0.064533,5.0633,0.4062,221.0,1.0,3.0,0.022036,6.0,0.6176
2020,8,2020_08_NE_BUF,BUF,NE,24,21,outdoors,astroturf,41.0,17.0,339.0,1.0,3.0,0.109246,5.2632,0.5789,351.0,1.0,2.0,0.076448,3.2258,0.5357
2020,8,2020_08_TEN_CIN,CIN,TEN,31,20,outdoors,grass,48.0,24.0,367.0,0.0,4.0,0.241256,5.7971,0.7027,441.0,1.0,3.0,0.135709,4.918,0.5625
2020,8,2020_08_LV_CLE,CLE,LV,6,16,outdoors,grass,49.0,35.0,223.0,1.0,0.0,-0.070657,0.0,0.48,309.0,0.0,1.0,0.085067,1.4085,0.5769
2020,8,2020_08_IND_DET,DET,IND,21,41,dome,fieldturf,,,326.0,2.0,4.0,-0.198052,6.6667,0.5106,368.0,0.0,5.0,0.108564,6.5789,0.6389
2020,8,2020_08_MIN_GB,GB,MIN,22,28,outdoors,grass,34.0,23.0,402.0,1.0,3.0,0.120298,4.4776,0.6429,324.0,0.0,4.0,0.274544,8.1633,0.7333
2020,8,2020_08_NYJ_KC,KC,NYJ,35,9,outdoors,astroturf,52.0,11.0,496.0,0.0,5.0,0.188433,7.4627,0.7447,221.0,1.0,0.0,-0.13693,0.0,0.5806
2020,8,2020_08_LA_MIA,MIA,LA,28,17,outdoors,grass,86.0,10.0,145.0,2.0,2.0,-0.324931,4.1667,0.5217,471.0,4.0,4.0,-0.296327,4.3478,0.5556
2020,8,2020_08_LAC_DEN,DEN,LAC,31,30,outdoors,grass,64.0,10.0,351.0,1.0,4.0,0.041711,6.7797,0.6047,485.0,2.0,3.0,0.05119,3.5714,0.6304
2020,8,2020_08_NO_CHI,CHI,NO,23,26,outdoors,grass,40.0,20.0,329.0,1.0,2.0,-0.069365,2.8986,0.6087,394.0,0.0,2.0,-0.019218,2.7778,0.7381
2020,8,2020_08_SF_SEA,SEA,SF,37,27,outdoors,fieldturf,55.0,4.0,350.0,0.0,5.0,0.216328,7.4627,0.6923,351.0,2.0,4.0,0.079851,5.9701,0.6444
2020,8,2020_08_DAL_PHI,PHI,DAL,23,9,outdoors,grass,49.0,17.0,224.0,4.0,2.0,-0.191032,3.3333,0.4848,265.0,2.0,1.0,-0.279931,1.2658,0.4773
2020,8,2020_08_TB_NYG,NYG,TB,23,25,outdoors,fieldturf,39.0,8.0,357.0,2.0,3.0,0.009652,4.2857,0.5652,344.0,1.0,2.0,0.086907,2.9851,0.6512
2020,9,2020_09_GB_SF,SF,GB,17,34,outdoors,grass,78.0,5.0,337.0,2.0,2.0,-0.025375,3.7736,0.6111,405.0,0.0,4.0,0.268694,6.3492,0.7812
2020,9,2020_09_DEN_ATL,ATL,DEN,34,27,closed,fieldturf,,,363.0,1.0,4.0,0.081473,5.7971,0.6757,405.0,1.0,3.0,0.011264,4.2254,0.5102
2020,9,2020_09_SEA_BUF,BUF,SEA,44,34,outdoors,astroturf,69.0,4.0,420.0,0.0,5.0,0.182185,7.8125,0.6889,419.0,4.0,4.0,0.076285,6.3492,0.6087
2020,9,2020_09_BAL_IND,IND,BAL,10,24,closed,fieldturf,,,339.0,2.0,2.0,-0.279324,3.0769,0.5682,266.0,1.0,2.0,-0.047096,3.1746,0.76
2020,9,2020_09_HOU_JAX,JAX,HOU,25,27,outdoors,grass,79.0,14.0,403.0,1.0,3.0,0.058373,4.4118,0.6341,374.0,1.0,3.0,0.119388,4.8387,0.5588
2020,9,2020_09_CAR_KC,KC,CAR,33,31,outdoors,astroturf,71.0,19.0,397.0,1.0,4.0,0.240312,6.8966,0.6383,435.0,0.0,4.0,0.174624,5.2632,0.7115
2020,9,2020_09_DET_MIN,MIN,DET,34,20,dome,sportturf,,,487.0,0.0,5.0,0.019917,9.0909,0.619,421.0,3.0,2.0,-0.126305,2.7027,0.6596
2020,9,2020_09_CHI_TEN,TEN,CHI,24,17,outdoors,grass,77.0,14.0,228.0,0.0,2.0,-0.100148,3.6364,0.4167,375.0,2.0,3.0,-0.153628,4.0,0.6545
2020,9,2020_09_NYG_WAS,WAS,NYG,20,23,outdoors,grass,75.0,1.0,402.0,4.0,2.0,0.016442,4.0,0.7073,350.0,1.0,2.0,0.079619,2.7027,0.5897
2020,9,2020_09_LV_LAC,LAC,LV,26,31,dome,matrixturf,,,440.0,0.0,3.0,0.043053,3.9474,0.6364,320.0,2.0,4.0,0.203753,8.0,0.5417
2020,9,2020_09_MIA_ARI,ARI,MIA,31,34,closed,grass,,,442.0,1.0,5.0,0.090482,7.8125,0.7778,312.0,0.0,3.0,0.164519,5.3571,0.6452
2020,9,2020_09_PIT_DAL,DAL,PIT,19,24,closed,fieldturf,,,364.0,2.0,1.0,-0.059988,1.4085,0.525,355.0,0.0,3.0,0.002616,4.6875,0.6739
2020,9,2020_09_NO_TB,TB,NO,3,38,outdoors,grass,77.0,17.0,194.0,3.0,0.0,-0.405914,0.0,0.5366,420.0,2.0,5.0,0.195329,6.8493,0.8056
2020,9,2020_09_NE_NYJ,NYJ,NE,27,30,outdoors,fieldturf,61.0,2.0,322.0,1.0,3.0,0.293973,6.8182,0.6923,433.0,0.0,3.0,0.223172,3.9474,0.7714
2020,10,2020_10_IND_TEN,TEN,IND,17,34,outdoors,grass,56.0,6.0,294.0,0.0,3.0,-0.080963,5.0,0.5357,430.0,0.0,3.0,0.192623,4.3478,0.725
2020,10,2020_10_TB_CAR,CAR,TB,23,46,outdoors,grass,65.0,15.0,187.0,1.0,3.0,-0.074447,6.25,0.625,544.0,1.0,5.0,0.272002,6.4935,0.7
2020,10,2020_10_HOU_CLE,CLE,HOU,10,7,outdoors,grass,59.0,25.0,356.0,0.0,1.0,-0.04013,1.6129,0.5714,243.0,0.0,1.0,-0.088018,1.8519,0.625
2020,10,2020_10_WAS_DET,DET,WAS,30,27,dome,fieldturf,,,372.0,0.0,3.0,0.172677,5.4545,0.7059,464.0,1.0,3.0,0.114561,3.6145,0.6667
2020,10,2020_10_JAX_GB,GB,JAX,24,20,outdoors,grass,38.0,23.0,395.0,2.0,4.0,-0.141689,6.6667,0.6857,260.0,1.0,1.0,-0.149104,1.6393,0.4737
2020,10,2020_10_PHI_NYG,NYG,PHI,27,17,outdoors,fieldturf,56.0,18.0,382.0,0.0,3.0,0.125202,4.4776,0.6774,348.0,0.0,2.0,0.018568,3.0769,0.5122
2020,10,2020_10_BUF_ARI,ARI,BUF,32,30,closed,grass,,,453.0,2.0,3.0,0.036531,4.2254,0.6286,369.0,2.0,3.0,0.013523,4.4118,0.66
2020,10,2020_10_DEN_LV,LV,DEN,37,12,dome,grass,,,357.0,0.0,4.0,0.076609,6.0606,0.64,313.0,5.0,1.0,-0.246918,1.4493,0.46
2020,10,2020_10_LAC_MIA,MIA,LAC,29,21,outdoors,grass,83.0,7.0,280.0,1.0,3.0,-0.046196,5.1724,0.5769,273.0,1.0,3.0,-0.157523,4.7619,0.5882
2020,10,2020_10_SEA_LA,LA,SEA,23,16,dome,matrixturf,,,389.0,1.0,3.0,0.023562,4.3478,0.675,333.0,3.0,1.0,-0.073478,1.5385,0.5116
2020,10,2020_10_SF_NO,NO,SF,27,13,dome,astroturf,,,237.0,3.0,3.0,0.064906,5.3571,0.5385,281.0,3.0,1.0,-0.116536,1.5152,0.5854
2020,10,2020_10_CIN_PIT,PIT,CIN,36,10,outdoors,grass,52.0,21.0,377.0,1.0,4.0,0.111689,5.9701,0.5745,324.0,1.0,1.0,-0.211283,1.5385,0.4773
2020,10,2020_10_BAL_NE,NE,BAL,23,17,outdoors,grass,52.0,13.0,308.0,0.0,3.0,0.117708,5.1724,0.7368,357.0,1.0,2.0,0.031286,3.125,0.6667
2020,10,2020_10_MIN_CHI,CHI,MIN,13,19,outdoors,grass,44.0,11.0,149.0,1.0,1.0,-0.212882,2.0,0.4848,385.0,3.0,2.0,-0.040083,2.8169,0.6579
2020,11,2020_11_ARI_SEA,SEA,ARI,28,21,outdoors,fieldturf,48.0,11.0,347.0,0.0,3.0,0.138152,4.8387,0.7419,314.0,0.0,3.0,0.080089,4.7619,0.6444
2020,11,2020_11_TEN_BAL,BAL,TEN,24,30,outdoors,grass,53.0,6.0,308.0,1.0,2.0,0.07171,3.125,0.5484,425.0,1.0,3.0,0.179656,4.3478,0.6765
2020,11,2020_11_DET_CAR,CAR,DET,20,0,outdoors,grass,65.0,7.0,374.0,2.0,2.0,-0.026979,2.8571,0.6667,185.0,1.0,0.0,-0.372549,0.0,0.4737
2020,11,2020_11_PHI_CLE,CLE,PHI,22,17,outdoors,grass,38.0,8.0,324.0,1.0,1.0,-0.121823,1.5385,0.48,315.0,3.0,3.0,-0.174028,4.6154,0.525
2020,11,2020_11_NE_HOU,HOU,NE,27,20,closed,grass,,,399.0,0.0,3.0,0.163994,5.3571,0.7568,435.0,0.0,2.0,0.094957,3.0303,0.619
2020,11,2020_11_PIT_JAX,JAX,PIT,3,27,outdoors,grass,72.0,3.0,206.0,4.0,0.0,-0.319022,0.0,0.4103,373.0,1.0,3.0,0.047703,4.1096,0.6957
2020,11,2020_11_ATL_NO,NO,ATL,24,9,dome,astroturf,,,376.0,1.0,3.0,-0.025765,4.8387,0.6923,248.0,2.0,0.0,-0.212936,0.0,0.4222
2020,11,2020_11_CIN_WAS,WAS,CIN,20,9,outdoors,grass,57.0,7.0,325.0,1.0,2.0,-0.038408,3.2787,0.6296,272.0,2.0,1.0,-0.175605,1.5152,0.5208
2020,11,2020_11_MIA_DEN,DEN,MIA,20,13,outdoors,grass,45.0,7.0,459.0,2.0,2.0,0.017721,3.1746,0.6,223.0,1.0,1.0,-0.063609,1.6393,0.5227
2020,11,2020_11_NYJ_LAC,LAC,NYJ,34,28,dome,matrixturf,,,376.0,1.0,3.0,0.038597,3.8462,0.7115,292.0,1.0,5.0,-0.019834,9.0909,0.4839
2020,11,2020_11_GB_IND,IND,GB,34,31,closed,fieldturf,,,422.0,2.0,3.0,-0.041327,4.0,0.6486,367.0,4.0,4.0,-0.122557,7.0175,0.6923
2020,11,2020_11_DAL_MIN,MIN,DAL,28,31,dome,sportturf,,,430.0,2.0,4.0,-0.002571,6.5574,0.6875,378.0,1.0,4.0,0.060421,6.1538,0.6667
2020,11,2020_11_KC_LV,LV,KC,31,35,dome,grass,,,364.0,1.0,4.0,0.228351,7.0175,0.7419,460.0,1.0,5.0,0.222814,6.8493,0.7609
2020,11,2020_11_LA_TB,TB,LA,24,27,outdoors,grass,69.0,5.0,251.0,2.0,3.0,-0.082472,4.4776,0.5306,413.0,2.0,3.0,-0.022622,4.2254,0.7647
2020,12,2020_12_HOU_DET,DET,HOU,25,41,dome,fieldturf,,,390.0,3.0,4.0,-0.149304,5.1948,0.5833,386.0,1.0,4.0,0.107135,7.8431,0.6071
2020,12,2020_12_WAS_DAL,DAL,WAS,16,41,closed,fieldturf,,,247.0,2.0,2.0,-0.3476,3.5088,0.641,338.0,1.0,4.0,0.056254,6.0606,0.6667
2020,12,2020_12_LV_ATL,ATL,LV,43,6,closed,fieldturf,,,304.0,1.0,3.0,0.005946,4.1667,0.55,243.0,5.0,1.0,-0.521228,1.7241,0.5682
2020,12,2020_12_LAC_BUF,BUF,LAC,27,17,outdoors,astroturf,48.0,7.0,332.0,3.0,3.0,0.066635,5.1724,0.6786,369.0,1.0,2.0,-0.050249,2.5,0.5536
2020,12,2020_12_NYG_CIN,CIN,NYG,17,19,outdoors,grass,52.0,4.0,155.0,3.0,2.0,-0.125413,4.3478,0.5484,386.0,1.0,1.0,-0.026258,1.25,0.5789
2020,12,2020_12_TEN_IND,IND,TEN,26,45,closed,fieldturf,,,336.0,1.0,4.0,0.022368,5.7971,0.5106,449.0,0.0,6.0,0.276021,8.8235,0.5652
2020,12,2020_12_CLE_JAX,JAX,CLE,25,27,outdoors,grass,70.0,1.0,375.0,0.0,3.0,0.138312,4.8387,0.5405,459.0,1.0,3.0,0.185355,4.6875,0.6129
2020,12,2020_12_CAR_MIN,MIN,CAR,28,27,dome,sportturf,,,389.0,2.0,5.0,-0.036974,6.9444,0.7083,374.0,2.0,1.0,-0.006936,1.5625,0.5278
2020,12,2020_12_ARI_NE,NE,ARI,20,17,outdoors,grass,52.0,8.0,179.0,2.0,2.0,-0.098022,3.9216,0.4286,298.0,1.0,2.0,-0.069966,2.8571,0.6389
2020,12,2020_12_MIA_NYJ,NYJ,MIA,3,20,outdoors,fieldturf,54.0,2.0,260.0,2.0,0.0,-0.350678,0.0,0.5333,345.0,2.0,2.0,-0.036228,2.9412,0.5581
2020,12,2020_12_NO_DEN,DEN,NO,3,31,outdoors,grass,38.0,6.0,112.0,3.0,0.0,-0.487076,0.0,0.1,292.0,1.0,4.0,0.053139,6.3492,0.4737
2020,12,2020_12_SF_LA,LA,SF,20,23,dome,matrixturf,,,308.0,4.0,2.0,-0.374673,3.2787,0.5758,345.0,3.0,2.0,-0.252224,2.8571,0.6486
2020,12,2020_12_KC_TB,TB,KC,24,27,outdoors,grass,81.0,5.0,417.0,2.0,3.0,0.114818,5.4545,0.6429,543.0,1.0,3.0,0.158625,4.1667,0.7115
2020,12,2020_12_CHI_GB,GB,CHI,41,25,outdoors,grass,37.0,13.0,393.0,0.0,5.0,0.252302,7.3529,0.7241,352.0,3.0,4.0,0.041714,6.0606,0.52
2020,12,2020_12_SEA_PHI,PHI,SEA,17,23,outdoors,grass,60.0,16.0,252.0,1.0,2.0,-0.118192,2.9851,0.5,301.0,0.0,2.0,0.001828,3.1746,0.6667
2020,12,2020_12_BAL_PIT,PIT,BAL,19,14,outdoors,grass,36.0,14.0,334.0,1.0,1.0,-0.082499,1.4085,0.7059,219.0,3.0,3.0,-0.168405,6.1224,0.4286
2020,13,2020_13_NO_ATL,ATL,NO,16,21,closed,fieldturf,,,332.0,1.0,1.0,-0.107982,1.5873,0.4524,424.0,1.0,3.0,-0.023314,4.0,0.6923
2020,13,2020_13_DET_CHI,CHI,DET,30,34,outdoors,grass,35.0,5.0,389.0,1.0,4.0,0.084316,5.9701,0.7222,460.0,1.0,5.0,0.160832,7.5758,0.6136
2020,13,2020_13_IND_HOU,HOU,IND,20,26,closed,grass,,,398.0,2.0,2.0,-0.046112,3.2258,0.6047,371.0,0.0,3.0,0.04834,4.4776,0.7105
2020,13,2020_13_CIN_MIA,MIA,CIN,19,7,outdoors,grass,81.0,5.0,406.0,1.0,1.0,0.01373,1.4925,0.6667,196.0,2.0,1.0,-0.185258,2.0,0.5152
2020,13,2020_13_JAX_MIN,MIN,JAX,27,24,dome,sportturf,,,420.0,2.0,4.0,-0.134574,4.7059,0.5957,392.0,4.0,2.0,-0.140221,2.8571,0.6222
2020,13,2020_13_LV_NYJ,NYJ,LV,28,31,outdoors,fieldturf,39.0,18.0,378.0,3.0,4.0,0.041351,6.5574,0.5185,440.0,2.0,4.0,0.090075,5.4054,0.5714
2020,13,2020_13_CLE_TEN,TEN,CLE,35,41,outdoors,grass,52.0,1.0,433.0,3.0,5.0,0.095325,7.3529,0.6042,458.0,1.0,5.0,0.197798,7.1429,0.7647
2020,13,2020_13_LA_ARI,ARI,LA,28,38,closed,grass,,,232.0,3.0,5.0,-0.035071,8.0645,0.5122,463.0,0.0,4.0,0.118636,5.0633,0.7708
2020,13,2020_13_NYG_SEA,SEA,NYG,12,17,outdoors,fieldturf,51.0,4.0,327.0,2.0,1.0,-0.174374,1.4286,0.5625,292.0,1.0,2.0,-0.102282,3.5714,0.52
2020,13,2020_13_PHI_GB,GB,PHI,30,16,outdoors,grass,34.0,9.0,437.0,0.0,5.0,0.17542,8.1967,0.6944,278.0,1.0,1.0,-0.018023,1.6949,0.3235
2020,13,2020_13_NE_LAC,LAC,NE,0,45,dome,matrixturf,,,258.0,2.0,2.0,-0.560398,2.8169,0.4643,291.0,0.0,4.0,0.059735,6.0606,0.6087
2020,13,2020_13_DEN_KC,KC,DEN,22,16,outdoors,astroturf,41.0,9.0,447.0,0.0,1.0,0.144313,1.5873,0.6098,330.0,2.0,2.0,0.081582,3.2258,0.5172
2020,13,2020_13_WAS_PIT,PIT,WAS,17,23,outdoors,grass,34.0,10.0,326.0,1.0,2.0,-0.094376,2.9851,0.6226,318.0,0.0,2.0,-0.00704,2.8571,0.6327
2020,13,2020_13_BUF_SF,SF,BUF,24,34,closed,grass,,,402.0,2.0,3.0,0.060237,5.0,0.6667,449.0,1.0,4.0,0.181743,5.8824,0.7805
2020,13,2020_13_DAL_BAL,BAL,DAL,34,17,outdoors,grass,38.0,9.0,401.0,1.0,4.0,0.190344,7.4074,0.7059,388.0,1.0,2.0,-0.061362,2.5974,0.6327
2020,14,2020_14_NE_LA,LA,NE,24,3,dome,matrixturf,,,318.0,1.0,2.0,-0.082013,3.2258,0.6154,220.0,1.0,1.0,-0.419987,1.7241,0.4828
2020,14,2020_14_DEN_CAR,CAR,DEN,27,32,outdoors,grass,70.0,7.0,370.0,0.0,4.0,-0.020679,6.1538,0.6818,365.0,1.0,4.0,0.075168,6.7797,0.7241
2020,14,2020_14_HOU_CHI,CHI,HOU,36,7,outdoors,grass,34.0,1.0,410.0,1.0,4.0,0.188717,6.7797,0.6667,263.0,1.0,1.0,-0.193678,1.5625,0.5676
2020,14,2020_14_DAL_CIN,CIN,DAL,7,30,outdoors,grass,44.0,5.0,309.0,3.0,2.0,-0.23651,2.8571,0.7,272.0,0.0,2.0,0.174621,4.0,0.64
2020,14,2020_14_TEN_JAX,JAX,TEN,10,31,outdoors,grass,69.0,2.0,354.0,1.0,1.0,-0.10288,1.4493,0.5741,454.0,1.0,4.0,0.196116,6.1538,0.76
2020,14,2020_14_KC_MIA,MIA,KC,27,33,outdoors,grass,81.0,8.0,367.0,1.0,4.0,-0.049591,5.1948,0.5283,448.0,4.0,3.0,0.036709,4.918,0.6486
2020,14,2020_14_ARI_NYG,NYG,ARI,7,26,outdoors,fieldturf,59.0,15.0,159.0,3.0,1.0,-0.416273,2.0408,0.4062,390.0,0.0,2.0,-0.010251,2.5316,0.6667
2020,14,2020_14_MIN_TB,TB,MIN,26,14,outdoors,grass,78.0,5.0,303.0,0.0,3.0,0.18652,6.1224,0.6522,337.0,1.0,2.0,0.00121,2.5974,0.5455
2020,14,2020_14_IND_LV,LV,IND,27,44,dome,grass,,,424.0,3.0,4.0,0.006742,5.8824,0.6957,456.0,0.0,4.0,0.279821,6.7797,0.6786
2020,14,2020_14_NYJ_SEA,SEA,NYJ,40,3,outdoors,fieldturf,43.0,8.0,410.0,1.0,5.0,0.196764,7.2464,0.7576,185.0,1.0,0.0,-0.340802,0.0,0.4828
2020,14,2020_14_GB_DET,DET,GB,24,31,dome,fieldturf,,,293.0,0.0,3.0,0.133449,5.0847,0.6136,410.0,0.0,4.0,0.259345,6.25,0.7879
2020,14,2020_14_ATL_LAC,LAC,ATL,20,17,dome,matrixturf,,,345.0,1.0,2.0,0.03525,2.8169,0.8,319.0,3.0,2.0,0.022211,3.6364,0.6286
2020,14,2020_14_NO_PHI,PHI,NO,24,21,outdoors,grass,57.0,10.0,413.0,1.0,3.0,-0.014986,4.5455,0.5667,358.0,2.0,3.0,-0.046496,4.7619,0.6512
2020,14,2020_14_WAS_SF,SF,WAS,15,23,closed,grass,,,346.0,3.0,4.0,-0.296793,5.1948,0.5,193.0,1.0,0.0,-0.235561,0.0,0.4412
2020,14,2020_14_PIT_BUF,BUF,PIT,26,15,outdoors,astroturf,35.0,11.0,334.0,2.0,2.0,-0.050016,2.8169,0.5455,226.0,2.0,3.0,-0.22137,5.3571,0.5385
2020,14,2020_14_BAL_CLE,CLE,BAL,42,47,outdoors,grass,34.0,18.0,495.0,1.0,6.0,0.165775,7.7922,0.5918,387.0,0.0,6.0,0.319755,10.3448,0.48
2020,15,2020_15_LAC_LV,LV,LAC,27,30,dome,grass,,,449.0,1.0,3.0,0.080114,4.0,0.5882,402.0,0.0,4.0,0.142599,6.4516,0.6667
2020,15,2020_15_BUF_DEN,DEN,BUF,19,48,outdoors,grass,47.0,24.0,255.0,2.0,4.0,-0.061227,6.3492,0.5714,534.0,0.0,5.0,0.381086,7.6923,0.6829
2020,15,2020_15_CAR_GB,GB,CAR,24,16,outdoors,grass,33.0,5.0,291.0,0.0,3.0,0.073657,4.918,0.5882,364.0,1.0,1.0,-0.012643,1.5385,0.5526
2020,15,2020_15_TB_ATL,ATL,TB,27,31,closed,fieldturf,,,369.0,0.0,3.0,0.049631,4.6154,0.6538,416.0,0.0,4.0,0.130465,6.0606,0.6458
2020,15,2020_15_JAX_BAL,BAL,JAX,40,14,outdoors,grass,39.0,3.0,409.0,1.0,5.0,0.276275,7.8125,0.7037,267.0,1.0,2.0,-0.074954,3.5714,0.6471
2020,15,2020_15_SF_DAL,DAL,SF,41,33,closed,fieldturf,,,291.0,1.0,5.0,0.14703,8.6207,0.5556,458.0,3.0,4.0,0.041491,4.9383,0.5778
2020,15,2020_15_HOU_IND,IND,HOU,27,20,closed,fieldturf,,,350.0,0.0,3.0,0.226746,5.6604,0.7333,425.0,2.0,2.0,0.08911,2.9851,0.7174
2020,15,2020_15_NE_MIA,MIA,NE,22,12,outdoors,grass,79.0,9.0,385.0,1.0,3.0,0.104088,4.2254,0.6897,303.0,1.0,0.0,0.027543,0.0,0.5667
2020,15,2020_15_CHI_MIN,MIN,CHI,27,33,dome,sportturf,,,407.0,1.0,3.0,0.039467,4.5455,0.6316,397.0,1.0,3.0,0.162574,4.6875,0.6818
2020,15,2020_15_DET_TEN,TEN,DET,46,25,outdoors,grass,46.0,5.0,465.0,0.0,6.0,0.413204,8.9552,0.75,430.0,3.0,3.0,0.138479,4.6154,0.7105
2020,15,2020_15_SEA_WAS,WAS,SEA,15,20,outdoors,grass,43.0,8.0,353.0,2.0,2.0,-0.01527,2.5,0.6441,302.0,1.0,2.0,0.108754,3.7736,0.6667
2020,15,2020_15_PHI_ARI,ARI,PHI,33,26,closed,grass,,,526.0,3.0,4.0,0.002016,5.8824,0.7368,422.0,0.0,4.0,-0.043747,4.9383,0.48
2020,15,2020_15_NYJ_LA,LA,NYJ,20,23,dome,matrixturf,,,303.0,1.0,2.0,-0.192424,3.5714,0.5946,289.0,0.0,2.0,-0.079211,3.125,0.6667
2020,15,2020_15_KC_NO,NO,KC,29,32,dome,astroturf,,,285.0,1.0,4.0,-0.055071,7.5472,0.4167,413.0,1.0,4.0,0.017753,4.3011,0.5
2020,15,2020_15_CLE_NYG,NYG,CLE,6,20,outdoors,fieldturf,36.0,0.0,288.0,0.0,0.0,-0.058522,0.0,0.5758,392.0,0.0,3.0,0.157035,4.7619,0.8182
2020,15,2020_15_PIT_CIN,CIN,PIT,27,17,outdoors,grass,43.0,10.0,230.0,0.0,3.0,-0.109899,5.3571,0.4667,244.0,3.0,2.0,-0.214627,3.2258,0.5128
2020,16,2020_16_MIN_NO,NO,MIN,52,33,dome,astroturf,,,583.0,2.0,7.0,0.319031,9.589,0.75,364.0,0.0,5.0,0.115704,8.1967,0.6136
2020,16,2020_16_TB_DET,DET,TB,7,47,dome,fieldturf,,,186.0,2.0,0.0,-0.450078,0.0,0.6,588.0,0.0,8.0,0.182399,11.4286,0.7045
2020,16,2020_16_SF_ARI,ARI,SF,12,20,closed,grass,,,350.0,2.0,1.0,-0.1578,1.2346,0.5741,398.0,1.0,3.0,-0.072181,5.4545,0.52
2020,16,2020_16_MIA_LV,LV,MIA,25,26,dome,grass,,,418.0,1.0,2.0,0.001943,3.2787,0.5676,383.0,0.0,2.0,0.052695,3.1746,0.6842
2020,16,2020_16_NYG_BAL,BAL,NYG,27,13,outdoors,grass,38.0,3.0,432.0,1.0,3.0,0.133065,4.5455,0.6538,269.0,0.0,1.0,-0.043612,1.6949,0.5106
2020,16,2020_16_CIN_HOU,HOU,CIN,31,37,closed,grass,,,488.0,1.0,4.0,0.143526,7.8431,0.7059,540.0,0.0,4.0,0.211241,5.6338,0.7632
2020,16,2020_16_CHI_JAX,JAX,CHI,17,41,outdoors,grass,55.0,5.0,279.0,2.0,2.0,-0.143061,3.7037,0.6316,391.0,1.0,5.0,0.232614,7.1429,0.6486
2020,16,2020_16_ATL_KC,KC,ATL,17,14,outdoors,astroturf,49.0,8.0,395.0,2.0,2.0,0.042184,3.0303,0.5333,367.0,1.0,2.0,0.012891,3.2258,0.6923
2020,16,2020_16_CLE_NYJ,NYJ,CLE,23,16,outdoors,fieldturf,37.0,5.0,333.0,0.0,3.0,-0.061434,4.3478,0.4857,299.0,2.0,2.0,-0.116678,2.6667,0.4912
2020,16,2020_16_IND_PIT,PIT,IND,28,24,outdoors,grass,37.0,6.0,354.0,0.0,4.0,0.011178,6.25,0.68,365.0,2.0,3.0,-0.007001,4.4776,0.5385
2020,16,2020_16_DEN_LAC,LAC,DEN,19,16,dome,matrixturf,,,316.0,0.0,1.0,-0.0403,1.8182,0.6,396.0,2.0,1.0,-0.045278,1.2987,0.4898
2020,16,2020_16_CAR_WAS,WAS,CAR,13,20,outdoors,grass,41.0,6.0,386.0,3.0,1.0,-0.088344,1.4493,0.52,280.0,3.0,3.0,0.027428,4.4776,0.5938
2020,16,2020_16_PHI_DAL,DAL,PHI,37,17,closed,fieldturf,,,513.0,1.0,4.0,0.170206,6.0606,0.6875,477.0,3.0,2.0,-0.068033,2.8169,0.5
2020,16,2020_16_LA_SEA,SEA,LA,20,9,outdoors,fieldturf,45.0,2.0,292.0,0.0,2.0,0.011665,3.2787,0.5405,334.0,1.0,0.0,-0.095362,0.0,0.5217
2020,16,2020_16_TEN_GB,GB,TEN,40,14,outdoors,grass,28.0,15.0,448.0,1.0,6.0,0.307691,9.375,0.8077,260.0,2.0,2.0,-0.089103,3.6364,0.3929
2020,16,2020_16_BUF_NE,NE,BUF,9,38,outdoors,grass,41.0,4.0,201.0,0.0,1.0,-0.052067,2.0833,0.375,474.0,0.0,5.0,0.360264,7.0423,0.75
2020,17,2020_17_MIA_BUF,BUF,MIA,56,26,outdoors,astroturf,35.0,1.0,455.0,2.0,6.0,0.176541,9.375,0.6154,454.0,4.0,5.0,-0.162702,6.1728,0.5902
2020,17,2020_17_BAL_CIN,CIN,BAL,3,38,outdoors,grass,39.0,10.0,195.0,2.0,0.0,-0.356806,0.0,0.2857,525.0,1.0,5.0,0.254547,6.8493,0.5789
2020,17,2020_17_PIT_CLE,CLE,PIT,24,22,outdoors,grass,38.0,7.0,358.0,0.0,3.0,0.103754,4.8387,0.5484,394.0,1.0,2.0,0.099222,3.0303,0.5652
2020,17,2020_17_MIN_DET,DET,MIN,35,37,dome,fieldturf,,,417.0,1.0,5.0,0.198478,8.9286,0.5882,508.0,1.0,5.0,0.184529,6.7568,0.6512
2020,17,2020_17_NYJ_NE,NE,NYJ,28,14,outdoors,grass,33.0,5.0,404.0,0.0,4.0,0.138283,6.3492,0.6471,350.0,2.0,2.0,-0.044924,3.2258,0.6216
2020,17,2020_17_DAL_NYG,NYG,DAL,23,19,outdoors,fieldturf,33.0,6.0,336.0,2.0,3.0,-0.034638,5.4545,0.6296,307.0,1.0,1.0,-0.044773,1.25,0.5472
2020,17,2020_17_ATL_TB,TB,ATL,44,27,outdoors,grass,65.0,4.0,485.0,1.0,5.0,0.307257,7.8125,0.619,385.0,2.0,3.0,0.083049,4.2254,0.6444
2020,17,2020_17_NO_CAR,CAR,NO,7,33,outdoors,grass,57.0,2.0,320.0,5.0,1.0,-0.318234,1.6667,0.45,347.0,0.0,4.0,0.116999,6.25,0.6471
2020,17,2020_17_GB_CHI,CHI,GB,16,35,outdoors,grass,32.0,7.0,356.0,3.0,1.0,-0.021768,1.3514,0.7674,316.0,0.0,5.0,0.368608,11.3636,0.76
2020,17,2020_17_LV_DEN,DEN,LV,31,32,outdoors,grass,53.0,10.0,448.0,0.0,3.0,-0.003136,3.9474,0.5682,467.0,4.0,4.0,0.011223,6.1538,0.5714
2020,17,2020_17_TEN_HOU,HOU,TEN,38,41,closed,grass,,,457.0,1.0,4.0,0.203621,6.4516,0.6444,492.0,1.0,5.0,0.23069,7.1429,0.6207
2020,17,2020_17_JAX_IND,IND,JAX,28,14,closed,fieldturf,,,439.0,1.0,3.0,-0.018279,4.6154,0.6071,283.0,1.0,2.0,-0.220724,3.0769,0.5417
2020,17,2020_17_LAC_KC,KC,LAC,21,38,outdoors,astroturf,35.0,6.0,268.0,0.0,3.0,0.132805,6.0,0.697,418.0,1.0,5.0,0.334985,7.1429,0.6286
2020,17,2020_17_ARI_LA,LA,ARI,18,7,dome,matrixturf,,,333.0,2.0,0.0,-0.137659,0.0,0.55,214.0,1.0,2.0,-0.362612,4.0816,0.6129
2020,17,2020_17_SEA_SF,SF,SEA,23,26,closed,grass,,,328.0,1.0,2.0,0.009487,3.125,0.625,280.0,0.0,3.0,0.067938,4.6154,0.5263
2020,17,2020_17_WAS_PHI,PHI,WAS,14,20,outdoors,grass,38.0,10.0,216.0,3.0,2.0,-0.219736,3.0769,0.3611,248.0,2.0,2.0,-0.117507,3.2258,0.6286
2020,18,2020_18_IND_BUF,BUF,IND,27,24,outdoors,astroturf,34.0,6.0,397.0,0.0,3.0,0.175887,5.1724,0.7027,474.0,0.0,3.0,0.134214,3.8462,0.5745
2020,18,2020_18_LA_SEA,SEA,LA,20,30,outdoors,fieldturf,39.0,1.0,278.0,1.0,3.0,-0.138442,5.2632,0.3438,333.0,1.0,2.0,0.021379,2.8169,0.4286
2020,18,2020_18_TB_WAS,WAS,TB,23,31,outdoors,grass,40.0,10.0,375.0,1.0,3.0,0.009748,4.2857,0.5532,507.0,1.0,3.0,0.162544,4.1096,0.5116
2020,18,2020_18_BAL_TEN,TEN,BAL,13,20,outdoors,grass,33.0,1.0,209.0,1.0,1.0,-0.06398,2.0408,0.6667,401.0,1.0,2.0,0.070205,3.125,0.5862
2020,18,2020_18_CHI_NO,NO,CHI,21,9,dome,astroturf,,,385.0,1.0,3.0,-0.023905,4.0,0.7,239.0,0.0,1.0,-0.231799,2.0408,0.6333
2020,18,2020_18_CLE_PIT,PIT,CLE,37,48,outdoors,grass,34.0,1.0,555.0,5.0,6.0,-0.037509,6.8966,0.662,390.0,0.0,5.0,0.156033,7.6923,0.6176
2020,19,2020_19_LA_GB,GB,LA,32,18,outdoors,grass,35.0,13.0,484.0,0.0,4.0,0.202022,5.4054,0.6053,246.0,0.0,2.0,0.04608,3.9216,0.6562
2020,19,2020_19_BAL_BUF,BUF,BAL,17,3,outdoors,astroturf,34.0,13.0,220.0,0.0,1.0,-0.153868,1.8182,0.5897,340.0,1.0,1.0,-0.290977,1.3699,0.4878
2020,19,2020_19_CLE_KC,KC,CLE,22,17,outdoors,astroturf,40.0,13.0,438.0,1.0,2.0,0.103379,3.1746,0.6923,308.0,2.0,2.0,0.062653,3.3333,0.6053
2020,19,2020_19_TB_NO,NO,TB,20,30,dome,astroturf,,,294.0,4.0,2.0,-0.199722,3.3333,0.5714,316.0,0.0,3.0,-0.026347,4.3478,0.5294
2020,20,2020_20_TB_GB,GB,TB,26,31,outdoors,grass,29.0,10.0,381.0,2.0,3.0,0.056255,4.2857,0.6111,351.0,3.0,4.0,0.139002,6.5574,0.5405
2020,20,2020_20_BUF_KC,KC,BUF,38,24,outdoors,astroturf,40.0,7.0,439.0,0.0,5.0,0.309678,7.8125,0.7436,363.0,2.0,2.0,0.125393,2.8169,0.5283
2020,21,2020_21_KC_TB,TB,KC,31,9,outdoors,grass,63.0,9.0,340.0,0.0,4.0,0.197108,6.3492,0.7,350.0,2.0,0.0,-0.085735,0.0,0.5
2021,1,2021_01_DAL_TB,TB,DAL,31,29,outdoors,grass ,82.0,9.0,431.0,4.0,4.0,0.06018,6.25,0.64,451.0,1.0,3.0,0.06616,3.8961,0.7119
2021,1,2021_01_PHI_ATL,ATL,PHI,6,32,open,fieldturf,,,260.0,0.0,0.0,-0.234793,0.0,0.5526,436.0,0.0,4.0,0.094059,5.8824,0.75
2021,1,2021_01_PIT_BUF,BUF,PIT,16,23,outdoors,a_turf,73.0,17.0,371.0,1.0,2.0,-0.124135,2.5316,0.5556,252.0,0.0,1.0,-0.006185,1.8182,0.5294
2021,1,2021_01_NYJ_CAR,CAR,NYJ,19,14,outdoors,grass ,81.0,0.0,381.0,1.0,2.0,-0.077614,3.1746,0.6667,254.0,1.0,2.0,-0.139713,3.2258,0.4545
2021,1,2021_01_MIN_CIN,CIN,MIN,27,24,outdoors,fieldturf,81.0,15.0,366.0,0.0,3.0,0.023605,4.4118,0.625,403.0,1.0,3.0,0.01737,4.0,0.6981
2021,1,2021_01_SF_DET,DET,SF,33,41,dome,fieldturf,,,434.0,1.0,5.0,-0.043749,5.814,0.6129,442.0,2.0,4.0,0.106001,7.2727,0.6667
2021,1,2021_01_JAX_HOU,HOU,JAX,37,21,closed,astroturf,,,449.0,0.0,4.0,0.088506,5.3333,0.6176,395.0,3.0,3.0,-0.101188,4.4118,0.5385
2021,1,2021_01_SEA_IND,IND,SEA,16,28,closed,fieldturf,,,336.0,1.0,2.0,-0.072417,2.7778,0.6098,381.0,1.0,4.0,0.11166,7.5472,0.6923
2021,1,2021_01_ARI_TEN,TEN,ARI,13,38,outdoors,grass ,82.0,8.0,248.0,3.0,2.0,-0.31772,3.125,0.5238,416.0,1.0,5.0,0.080241,7.4627,0.6176
2021,1,2021_01_LAC_WAS,WAS,LAC,16,20,outdoors,grass ,81.0,4.0,259.0,1.0,1.0,-0.06574,2.0408,0.6364,424.0,2.0,2.0,0.01689,2.5641,0.6327
2021,1,2021_01_CLE_KC,KC,CLE,33,29,outdoors,grass ,88.0,8.0,397.0,0.0,4.0,0.24007,6.4516,0.6923,459.0,2.0,4.0,0.182528,7.0175,0.7
2021,1,2021_01_MIA_NE,NE,MIA,16,17,outdoors,fieldturf,81.0,15.0,393.0,2.0,1.0,-0.003187,1.4286,0.725,259.0,1.0,2.0,0.006106,3.8462,0.5517
2021,1,2021_01_GB_NO,NO,GB,38,3,outdoors,grass ,86.0,9.0,322.0,0.0,5.0,0.277206,8.3333,0.7143,229.0,3.0,0.0,-0.2769,0.0,0.5405
2021,1,2021_01_DEN_NYG,NYG,DEN,13,27,outdoors,fieldturf,82.0,19.0,314.0,1.0,2.0,0.021725,3.3898,0.5641,420.0,1.0,3.0,0.239024,4.5455,0.7368
2021,1,2021_01_CHI_LA,LA,CHI,34,14,dome,matrixturf,,,386.0,0.0,4.0,0.222007,8.0,0.7407,322.0,2.0,2.0,-0.106607,2.8986,0.6744
2021,1,2021_01_BAL_LV,LV,BAL,33,27,dome,grass,,,491.0,1.0,4.0,-0.00097,5.0,0.5763,406.0,2.0,3.0,-0.017886,4.4776,0.5758
2021,2,2021_02_NYG_WAS,WAS,NYG,30,29,outdoors,grass ,71.0,0.0,407.0,1.0,3.0,0.117159,4.3478,0.7234,391.0,0.0,2.0,0.165033,3.125,0.6111
2021,2,2021_02_NO_CAR,CAR,NO,26,7,outdoors,grass ,83.0,4.0,383.0,1.0,3.0,0.00765,4.1096,0.65,128.0,2.0,1.0,-0.33163,2.3256,0.4231
2021,2,2021_02_CIN_CHI,CHI,CIN,20,17,outdoors,grass ,80.0,0.0,206.0,1.0,1.0,-0.196814,1.6393,0.5556,248.0,4.0,3.0,-0.291214,5.4545,0.5429
2021,2,2021_02_HOU_CLE,CLE,HOU,31,21,outdoors,grass ,75.0,12.0,355.0,3.0,4.0,0.174287,7.0175,0.8261,302.0,1.0,3.0,0.041886,5.1724,0.6
2021,2,2021_02_LA_IND,IND,LA,24,27,closed,fieldturf,,,356.0,2.0,1.0,-0.022688,1.5152,0.55,371.0,2.0,4.0,0.060857,6.6667,0.6129
2021,2,2021_02_DEN_JAX,JAX,DEN,13,23,outdoors,grass ,80.0,7.0,189.0,2.0,2.0,-0.0679,3.9216,0.4,398.0,0.0,2.0,0.113926,2.9851,0.7027
2021,2,2021_02_BUF_MIA,MIA,BUF,0,35,outdoors,grass ,89.0,7.0,216.0,2.0,0.0,-0.371971,0.0,0.5,314.0,3.0,5.0,0.129429,7.8125,0.5
2021,2,2021_02_NE_NYJ,NYJ,NE,6,25,outdoors,fieldturf,72.0,13.0,336.0,4.0,0.0,-0.275154,0.0,0.5135,260.0,0.0,2.0,0.012532,3.5088,0.6667
2021,2,2021_02_SF_PHI,PHI,SF,11,17,outdoors,grass ,76.0,13.0,330.0,0.0,1.0,0.01144,1.7857,0.4615,306.0,0.0,2.0,0.10562,2.9412,0.7333
2021,2,2021_02_LV_PIT,PIT,LV,17,26,outdoors,grass ,77.0,4.0,331.0,1.0,2.0,0.021266,3.5714,0.6429,425.0,0.0,2.0,0.156775,3.125,0.7179
2021,2,2021_02_MIN_ARI,ARI,MIN,34,33,closed,grass ,,,474.0,2.0,5.0,0.084249,8.3333,0.7436,419.0,0.0,3.0,0.102555,5.0,0.6667
2021,2,2021_02_ATL_TB,TB,ATL,48,25,outdoors,grass ,85.0,0.0,341.0,1.0,5.0,0.024064,8.3333,0.6154,350.0,3.0,5.0,-0.252526,7.1429,0.7143
2021,2,2021_02_DAL_LAC,LAC,DAL,17,20,dome,matrixturf,,,410.0,2.0,1.0,0.022971,1.5873,0.7209,419.0,1.0,2.0,0.088205,3.3333,0.7931
2021,2,2021_02_TEN_SEA,SEA,TEN,30,33,outdoors,fieldturf,62.0,14.0,397.0,0.0,4.0,0.08649,7.6923,0.6471,532.0,1.0,3.0,0.097143,3.6145,0.6279
2021,2,2021_02_KC_BAL,BAL,KC,36,35,outdoors,grass,82.0,8.0,481.0,2.0,6.0,0.12041,8.5714,0.6207,405.0,2.0,4.0,0.181471,8.1633,0.7742
2021,2,2021_02_DET_GB,GB,DET,35,17,outdoors,grass ,73.0,12.0,323.0,0.0,5.0,0.237168,8.1967,0.7333,344.0,2.0,2.0,0.002895,3.5714,0.7027
2021,3,2021_03_CAR_HOU,HOU,CAR,9,24,closed,astroturf,,,193.0,0.0,1.0,-0.151644,2.0408,0.5938,407.0,0.0,3.0,0.112028,4.2857,0.6216
2021,3,2021_03_WAS_BUF,BUF,WAS,43,21,outdoors,a_turf,67.0,21.0,481.0,0.0,5.0,0.111441,6.4103,0.7333,290.0,3.0,3.0,-0.185637,6.0,0.56
2021,3,2021_03_CHI_CLE,CLE,CHI,26,6,outdoors,grass ,70.0,22.0,418.0,0.0,2.0,0.018743,2.5641,0.5278,47.0,0.0,0.0,-0.317349,0.0,0.2069
2021,3,2021_03_BAL_DET,DET,BAL,17,19,dome,fieldturf,,,285.0,0.0,2.0,-0.05322,3.3333,0.6667,387.0,1.0,1.0,0.012874,1.7544,0.4571
2021,3,2021_03_ARI_JAX,JAX,ARI,19,31,outdoors,grass ,81.0,4.0,361.0,4.0,3.0,-0.175874,4.5455,0.5946,407.0,1.0,4.0,0.038362,6.25,0.8235
2021,3,2021_03_LAC_KC,KC,LAC,24,30,outdoors,grass ,81.0,19.0,437.0,4.0,3.0,0.057562,3.9474,0.587,354.0,0.0,4.0,0.164425,6.4516,0.65
2021,3,2021_03_NO_NE,NE,NO,13,28,outdoors,fieldturf,73.0,11.0,300.0,3.0,2.0,-0.232901,2.8571,0.566,252.0,0.0,3.0,-0.035481,4.8387,0.5417
2021,3,2021_03_ATL_NYG,NYG,ATL,14,17,outdoors,fieldturf,69.0,13.0,348.0,1.0,1.0,-0.014737,1.5385,0.6486,296.0,1.0,2.0,0.016619,3.3898,0.6923
2021,3,2021_03_CIN_PIT,PIT,CIN,10,24,outdoors,grass ,67.0,9.0,342.0,2.0,1.0,-0.172483,1.2987,0.6129,268.0,1.0,3.0,0.02416,7.1429,0.7778
2021,3,2021_03_IND_TEN,TEN,IND,25,16,outdoors,grass ,72.0,4.0,370.0,3.0,3.0,0.097149,4.5455,0.6429,265.0,0.0,1.0,-0.015413,1.7544,0.4872
2021,3,2021_03_NYJ_DEN,DEN,NYJ,26,0,outdoors,grass ,82.0,6.0,343.0,1.0,2.0,0.0046,3.125,0.7037,162.0,2.0,0.0,-0.422132,0.0,0.475
2021,3,2021_03_MIA_LV,LV,MIA,31,28,dome,grass,,,497.0,1.0,4.0,-0.021161,4.9383,0.5652,332.0,0.0,2.0,-0.02279,2.5316,0.6154
2021,3,2021_03_TB_LA,LA,TB,34,24,dome,matrixturf,,,407.0,0.0,4.0,0.177604,6.3492,0.6923,446.0,0.0,3.0,0.040158,4.2254,0.7069
2021,3,2021_03_SEA_MIN,MIN,SEA,30,17,dome,sportturf,,,453.0,0.0,3.0,0.193814,4.1096,0.7692,389.0,0.0,2.0,0.066265,3.8462,0.6765
2021,3,2021_03_GB_SF,SF,GB,28,30,outdoors,grass,69.0,15.0,298.0,2.0,4.0,0.129886,6.1538,0.5682,353.0,0.0,3.0,0.213728,5.0847,0.6765
2021,3,2021_03_PHI_DAL,DAL,PHI,41,21,open,matrixturf,,,380.0,1.0,6.0,0.046967,8.4507,0.7,367.0,2.0,3.0,-0.24345,5.6604,0.6098
2021,4,2021_04_JAX_CIN,CIN,JAX,24,21,outdoors,fieldturf,65.0,0.0,420.0,0.0,3.0,0.18482,5.4545,0.7576,341.0,0.0,3.0,0.167005,5.4545,0.68
2021,4,2021_04_WAS_ATL,ATL,WAS,30,34,open,fieldturf,,,374.0,0.0,4.0,0.119062,5.5556,0.5682,412.0,0.0,5.0,0.233198,7.8125,0.6571
2021,4,2021_04_HOU_BUF,BUF,HOU,40,0,outdoors,a_turf,67.0,12.0,450.0,1.0,4.0,0.078719,5.5556,0.6562,109.0,5.0,0.0,-0.642944,0.0,0.4583
2021,4,2021_04_DET_CHI,CHI,DET,24,14,outdoors,grass ,72.0,4.0,373.0,1.0,3.0,0.140324,5.2632,0.6111,351.0,2.0,2.0,-0.000332,2.9851,0.5714
2021,4,2021_04_CAR_DAL,DAL,CAR,36,28,closed,matrixturf,,,433.0,0.0,5.0,0.132233,8.6207,0.5833,379.0,2.0,4.0,0.019127,5.8824,0.5909
2021,4,2021_04_IND_MIA,MIA,IND,17,27,outdoors,grass ,85.0,16.0,203.0,2.0,2.0,0.036086,4.0816,0.6061,349.0,1.0,3.0,0.184777,4.4776,0.7059
2021,4,2021_04_CLE_MIN,MIN,CLE,7,14,dome,sportturf,,,255.0,1.0,1.0,-0.204647,1.5873,0.5,329.0,0.0,1.0,-0.079955,1.3333,0.4054
2021,4,2021_04_NYG_NO,NO,NYG,21,27,dome,sportturf,,,405.0,1.0,3.0,-0.03211,4.6154,0.7308,487.0,1.0,3.0,0.06883,4.918,0.7
2021,4,2021_04_TEN_NYJ,NYJ,TEN,27,24,outdoors,fieldturf,78.0,9.0,355.0,1.0,3.0,0.023117,5.0,0.6,432.0,0.0,2.0,0.001047,2.1277,0.5263
2021,4,2021_04_KC_PHI,PHI,KC,30,42,outdoors,grass ,73.0,8.0,461.0,0.0,3.0,0.195299,4.2857,0.6275,471.0,1.0,6.0,0.379901,9.5238,0.7742
2021,4,2021_04_ARI_LA,LA,ARI,20,37,dome,matrixturf,,,401.0,2.0,2.0,-0.031375,3.125,0.6341,465.0,0.0,4.0,0.218309,5.3333,0.6857
2021,4,2021_04_SEA_SF,SF,SEA,21,28,outdoors,grass,80.0,0.0,459.0,2.0,3.0,-0.11025,4.1096,0.5349,234.0,0.0,4.0,-0.002942,7.4074,0.6154
2021,4,2021_04_BAL_DEN,DEN,BAL,7,23,outdoors,grass ,77.0,11.0,254.0,1.0,1.0,-0.212193,1.6949,0.4524,406.0,0.0,2.0,0.036548,2.8571,0.55
2021,4,2021_04_PIT_GB,GB,PIT,27,17,outdoors,grass ,67.0,4.0,367.0,1.0,3.0,0.031231,4.1667,0.5128,282.0,2.0,2.0,-0.094762,3.4483,0.619
2021,4,2021_04_TB_NE,NE,TB,17,19,outdoors,fieldturf,62.0,4.0,294.0,2.0,2.0,-0.042608,3.7037,0.7174,381.0,0.0,1.0,0.02659,1.3514,0.5
2021,4,2021_04_LV_LAC,LAC,LV,28,14,dome,matrixturf,,,380.0,0.0,4.0,-0.034197,5.3333,0.6098,213.0,1.0,2.0,-0.230723,3.5714,0.5526
2021,5,2021_05_LA_SEA,SEA,LA,17,26,outdoors,fieldturf,56.0,8.0,354.0,2.0,2.0,0.014606,3.3333,0.6,476.0,1.0,3.0,0.152612,4.4776,0.6579
2021,5,2021_05_NYJ_ATL,ATL,NYJ,27,20,outdoors,grass,63.0,8.0,450.0,2.0,3.0,0.18206,4.0,0.7174,232.0,1.0,2.0,0.12333,3.7736,0.5429
2021,5,2021_05_PHI_CAR,CAR,PHI,18,21,outdoors,grass ,76.0,13.0,267.0,3.0,1.0,-0.272897,1.4286,0.525,275.0,2.0,2.0,-0.255809,3.2258,0.55
2021,5,2021_05_GB_CIN,CIN,GB,22,25,outdoors,fieldturf,76.0,12.0,369.0,2.0,3.0,-0.082387,4.5455,0.619,466.0,1.0,2.0,0.024784,3.1746,0.6585
2021,5,2021_05_NE_HOU,HOU,NE,22,25,closed,astroturf,,,360.0,1.0,3.0,0.003188,5.3571,0.6562,352.0,2.0,2.0,0.066419,3.2787,0.7419
2021,5,2021_05_TEN_JAX,JAX,TEN,19,37,outdoors,grass ,78.0,11.0,454.0,2.0,4.0,-0.087095,5.9701,0.6389,368.0,0.0,4.0,0.179403,6.5574,0.56
2021,5,2021_05_DET_MIN,MIN,DET,19,17,dome,sportturf,,,384.0,2.0,1.0,-0.105264,1.5625,0.6944,290.0,2.0,1.0,-0.125835,1.5625,0.525
2021,5,2021_05_DEN_PIT,PIT,DEN,27,19,outdoors,grass ,71.0,9.0,391.0,1.0,3.0,0.157048,4.918,0.5769,374.0,1.0,2.0,0.061297,3.3898,0.5854
2021,5,2021_05_MIA_TB,TB,MIA,45,17,outdoors,grass ,84.0,7.0,558.0,0.0,6.0,0.343328,8.4507,0.7174,301.0,2.0,2.0,0.014748,3.9216,0.6429
2021,5,2021_05_NO_WAS,WAS,NO,22,33,outdoors,grass ,70.0,12.0,373.0,2.0,2.0,-0.062825,2.5974,0.4545,369.0,2.0,5.0,0.080916,9.0909,0.4688
2021,5,2021_05_CLE_LAC,LAC,CLE,47,42,dome,matrixturf,,,495.0,1.0,7.0,0.230888,10.0,0.5652,533.0,0.0,5.0,0.186059,7.2464,0.6765
2021,5,2021_05_CHI_LV,LV,CHI,9,20,dome,grass,,,259.0,1.0,1.0,-0.167105,1.6393,0.5641,252.0,0.0,2.0,0.000607,3.3333,0.5652
2021,5,2021_05_SF_ARI,ARI,SF,17,10,closed,grass ,,,304.0,1.0,2.0,-0.061379,3.3333,0.6667,338.0,1.0,1.0,-0.152188,1.6949,0.4839
2021,5,2021_05_NYG_DAL,DAL,NYG,44,20,closed,matrixturf,,,515.0,2.0,4.0,0.18741,5.4054,0.6571,367.0,2.0,3.0,-0.10458,4.6875,0.5385
2021,5,2021_05_BUF_KC,KC,BUF,20,38,outdoors,grass ,76.0,0.0,392.0,4.0,3.0,-0.081697,3.7975,0.5893,436.0,0.0,4.0,0.202829,7.4074,0.5769
2021,5,2021_05_IND_BAL,BAL,IND,31,25,outdoors,grass,69.0,6.0,527.0,1.0,4.0,0.219587,5.4795,0.7872,513.0,1.0,3.0,0.185658,4.6875,0.6579
2021,6,2021_06_TB_PHI,PHI,TB,22,28,outdoors,grass ,74.0,8.0,215.0,1.0,3.0,0.043709,6.25,0.4138,399.0,1.0,4.0,0.149414,5.4795,0.8095
2021,6,2021_06_MIA_JAX,JAX,MIA,23,20,outdoors,grass,63.0,11.0,396.0,1.0,2.0,0.03259,3.2258,0.5814,431.0,1.0,2.0,0.016338,2.9412,0.7083
2021,6,2021_06_LAC_BAL,BAL,LAC,34,6,outdoors,grass,63.0,15.0,327.0,2.0,4.0,0.097905,5.8824,0.6333,208.0,1.0,1.0,-0.331132,1.8868,0.5366
2021,6,2021_06_MIN_CAR,CAR,MIN,28,34,outdoors,grass ,62.0,7.0,308.0,3.0,2.0,-0.137303,2.8986,0.3696,571.0,1.0,5.0,-0.026501,5.814,0.6735
2021,6,2021_06_GB_CHI,CHI,GB,14,24,outdoors,grass ,59.0,6.0,277.0,1.0,2.0,0.018773,3.5088,0.5161,323.0,0.0,3.0,0.205527,5.2632,0.6538
2021,6,2021_06_CIN_DET,DET,CIN,11,34,dome,fieldturf,,,230.0,1.0,1.0,-0.171838,1.6129,0.6364,398.0,1.0,4.0,0.176797,5.8824,0.625
2021,6,2021_06_HOU_IND,IND,HOU,31,3,open,fieldturf,,,388.0,0.0,4.0,0.205121,8.3333,0.5,353.0,3.0,0.0,-0.208169,0.0,0.6444
2021,6,2021_06_LA_NYG,NYG,LA,11,38,outdoors,fieldturf,61.0,13.0,263.0,4.0,1.0,-0.236779,1.3514,0.5179,365.0,2.0,5.0,0.138618,7.5758,0.6875
2021,6,2021_06_KC_WAS,WAS,KC,13,31,outdoors,grass ,62.0,13.0,276.0,2.0,1.0,-0.178859,1.7241,0.6154,499.0,3.0,4.0,0.095622,5.1282,0.64
2021,6,2021_06_ARI_CLE,CLE,ARI,14,37,outdoors,grass ,58.0,23.0,290.0,3.0,2.0,-0.224385,3.6364,0.5556,352.0,0.0,4.0,0.175465,5.7971,0.625
2021,6,2021_06_LV_DEN,DEN,LV,24,34,outdoors,grass ,76.0,8.0,421.0,4.0,3.0,-0.025204,3.8961,0.6481,426.0,0.0,4.0,0.145236,7.6923,0.6207
2021,6,2021_06_DAL_NE,NE,DAL,29,35,outdoors,fieldturf,62.0,11.0,337.0,2.0,5.0,-0.087053,9.8039,0.625,567.0,2.0,3.0,0.057684,3.6145,0.6923
2021,6,2021_06_SEA_PIT,PIT,SEA,23,20,outdoors,grass ,49.0,6.0,345.0,1.0,2.0,-0.032524,2.8169,0.7073,309.0,1.0,2.0,-0.062149,3.125,0.6216
2021,6,2021_06_BUF_TEN,TEN,BUF,34,31,outdoors,grass ,66.0,6.0,362.0,1.0,4.0,0.199245,7.8431,0.6207,419.0,1.0,3.0,0.139121,4.0541,0.6863
2021,7,2021_07_DEN_CLE,CLE,DEN,17,14,outdoors,grass ,59.0,27.0,376.0,0.0,2.0,0.082311,2.9851,0.6176,223.0,1.0,2.0,0.060908,4.0816,0.6571
2021,7,2021_07_CIN_BAL,BAL,CIN,17,41,outdoors,grass,61.0,6.0,393.0,0.0,2.0,-0.121464,2.8169,0.4255,520.0,1.0,5.0,0.238495,7.9365,0.5897
2021,7,2021_07_WAS_GB,GB,WAS,24,10,outdoors,grass ,49.0,11.0,304.0,1.0,3.0,0.057801,5.6604,0.7105,430.0,2.0,1.0,-0.119115,1.4286,0.6098
2021,7,2021_07_ATL_MIA,MIA,ATL,28,30,outdoors,grass ,85.0,9.0,413.0,2.0,4.0,0.015756,5.7143,0.7805,397.0,2.0,3.0,0.065587,4.7619,0.6098
2021,7,2021_07_NYJ_NE,NE,NYJ,54,13,outdoors,fieldturf,52.0,0.0,551.0,0.0,7.0,0.390363,9.4595,0.6667,299.0,3.0,2.0,-0.124618,3.2258,0.5909
2021,7,2021_07_CAR_NYG,NYG,CAR,25,3,outdoors,fieldturf,57.0,0.0,302.0,0.0,2.0,-0.035736,2.9851,0.6667,173.0,1.0,0.0,-0.333417,0.0,0.4222
2021,7,2021_07_KC_TEN,TEN,KC,27,3,outdoors,grass ,74.0,14.0,369.0,1.0,3.0,0.18452,4.6875,0.7586,334.0,3.0,0.0,-0.134054,0.0,0.5636
2021,7,2021_07_DET_LA,LA,DET,28,19,dome,matrixturf,,,376.0,0.0,3.0,0.105849,4.8387,0.6512,415.0,2.0,1.0,0.024099,1.4925,0.5897
2021,7,2021_07_PHI_LV,LV,PHI,33,22,dome,grass,,,442.0,1.0,4.0,0.168812,6.3492,0.9118,360.0,2.0,3.0,0.005417,4.3478,0.4865
2021,7,2021_07_HOU_ARI,ARI,HOU,31,5,closed,grass ,,,397.0,1.0,4.0,0.02462,5.7971,0.625,160.0,1.0,0.0,-0.374554,0.0,0.6765
2021,7,2021_07_CHI_TB,TB,CHI,38,3,outdoors,grass ,83.0,7.0,408.0,1.0,5.0,0.051778,7.1429,0.5641,311.0,5.0,0.0,-0.420791,0.0,0.6111
2021,7,2021_07_IND_SF,SF,IND,18,30,outdoors,grass,64.0,16.0,280.0,4.0,2.0,-0.200594,3.7037,0.5333,295.0,2.0,4.0,-0.001027,6.5574,0.6071
2021,7,2021_07_NO_SEA,SEA,NO,10,13,outdoors,fieldturf,54.0,16.0,219.0,0.0,1.0,-0.184202,1.8182,0.4444,304.0,1.0,1.0,-0.105966,1.4706,0.5135
2021,8,2021_08_GB_ARI,ARI,GB,21,24,open,grass ,,,334.0,2.0,3.0,0.063899,5.4545,0.6286,335.0,1.0,3.0,0.124101,4.1667,0.5789
2021,8,2021_08_CAR_ATL,ATL,CAR,13,19,open,fieldturf,,,213.0,2.0,1.0,-0.140635,2.0,0.6667,332.0,1.0,1.0,0.008545,1.3889,0.52
2021,8,2021_08_MIA_BUF,BUF,MIA,26,11,outdoors,a_turf,54.0,9.0,351.0,0.0,3.0,0.045457,4.4776,0.6744,264.0,2.0,1.0,-0.143778,1.5385,0.5
2021,8,2021_08_SF_CHI,CHI,SF,22,33,outdoors,grass ,53.0,12.0,324.0,1.0,2.0,0.068295,2.9851,0.6129,469.0,0.0,3.0,0.289118,5.4545,0.5862
2021,8,2021_08_PIT_CLE,CLE,PIT,10,15,outdoors,grass ,57.0,13.0,306.0,1.0,1.0,-0.076947,1.7241,0.5714,370.0,0.0,2.0,0.028077,2.8169,0.5641
2021,8,2021_08_PHI_DET,DET,PHI,6,44,dome,fieldturf,,,228.0,1.0,2.0,-0.371026,3.3898,0.6098,350.0,0.0,4.0,0.264628,6.4516,0.6875
2021,8,2021_08_LA_HOU,HOU,LA,22,38,closed,astroturf,,,325.0,1.0,3.0,-0.073817,5.0847,0.6591,467.0,0.0,5.0,0.175774,7.5758,0.6286
2021,8,2021_08_TEN_IND,IND,TEN,31,34,open,fieldturf,,,307.0,2.0,5.0,-0.052254,6.9444,0.5192,340.0,3.0,3.0,0.033536,4.4118,0.6216
2021,8,2021_08_CIN_NYJ,NYJ,CIN,34,31,outdoors,fieldturf,63.0,11.0,513.0,3.0,4.0,0.023583,5.0,0.7358,318.0,1.0,4.0,0.012315,7.4074,0.5789
2021,8,2021_08_NE_LAC,LAC,NE,24,27,dome,matrixturf,,,369.0,2.0,4.0,-0.117007,6.8966,0.4737,354.0,1.0,1.0,-0.021218,1.3158,0.4865
2021,8,2021_08_JAX_SEA,SEA,JAX,31,7,outdoors,fieldturf,54.0,8.0,229.0,0.0,4.0,0.135662,7.6923,0.7407,309.0,1.0,1.0,-0.175089,1.3514,0.5818
2021,8,2021_08_WAS_DEN,DEN,WAS,17,10,outdoors,grass ,41.0,4.0,273.0,1.0,2.0,0.016776,3.9216,0.6333,342.0,2.0,1.0,-0.072326,1.4706,0.5455
2021,8,2021_08_TB_NO,NO,TB,36,27,dome,sportturf,,,361.0,0.0,3.0,0.033282,4.1667,0.55,421.0,3.0,5.0,-0.081888,8.4746,0.6364
2021,8,2021_08_DAL_MIN,MIN,DAL,16,20,dome,sportturf,,,278.0,0.0,1.0,-0.114942,1.6393,0.6216,419.0,2.0,2.0,-0.03838,2.9412,0.5682
2021,8,2021_08_NYG_KC,KC,NYG,20,17,outdoors,grass ,39.0,4.0,368.0,2.0,2.0,-0.014282,2.5974,0.58,300.0,1.0,2.0,-0.047234,3.5714,0.6389
2021,9,2021_09_NYJ_IND,IND,NYJ,45,30,closed,fieldturf,,,532.0,0.0,6.0,0.354724,9.8361,0.7097,486.0,2.0,4.0,0.134747,5.2632,0.6296
2021,9,2021_09_MIN_BAL,BAL,MIN,34,31,outdoors,grass,56.0,8.0,500.0,2.0,4.0,0.123135,4.4944,0.6136,318.0,0.0,4.0,0.212406,7.6923,0.6071
2021,9,2021_09_NE_CAR,CAR,NE,6,24,outdoors,grass ,61.0,16.0,240.0,3.0,1.0,-0.415765,1.7544,0.4706,273.0,2.0,2.0,-0.120459,3.3898,0.6
2021,9,2021_09_CLE_CIN,CIN,CLE,16,41,outdoors,fieldturf,56.0,0.0,348.0,3.0,3.0,-0.253284,4.2254,0.617,361.0,0.0,4.0,0.126291,8.6957,0.6087
2021,9,2021_09_DEN_DAL,DAL,DEN,16,30,closed,matrixturf,,,294.0,1.0,2.0,-0.146622,3.3898,0.4634,409.0,1.0,3.0,0.111303,4.0541,0.5758
2021,9,2021_09_BUF_JAX,JAX,BUF,9,6,outdoors,grass ,59.0,16.0,218.0,1.0,0.0,-0.14108,0.0,0.5667,301.0,3.0,0.0,-0.166166,0.0,0.6078
2021,9,2021_09_HOU_MIA,MIA,HOU,17,9,outdoors,grass ,72.0,19.0,262.0,4.0,2.0,-0.12413,2.7778,0.5532,272.0,5.0,0.0,-0.199425,0.0,0.4898
2021,9,2021_09_ATL_NO,NO,ATL,25,27,dome,sportturf,,,376.0,1.0,3.0,-0.038089,4.2254,0.6,366.0,0.0,3.0,-0.017496,5.2632,0.7188
2021,9,2021_09_LV_NYG,NYG,LV,23,16,outdoors,fieldturf,54.0,4.0,247.0,1.0,1.0,-0.014927,1.8519,0.6522,403.0,3.0,2.0,-0.096841,2.9851,0.6383
2021,9,2021_09_LAC_PHI,PHI,LAC,24,27,outdoors,grass ,54.0,11.0,331.0,0.0,3.0,0.170738,5.2632,0.6111,447.0,0.0,3.0,0.235736,4.5455,0.8205
2021,9,2021_09_GB_KC,KC,GB,13,7,outdoors,grass ,51.0,12.0,237.0,1.0,1.0,-0.017448,1.5873,0.5263,301.0,1.0,1.0,-0.095247,1.6667,0.5429
2021,9,2021_09_ARI_SF,SF,ARI,17,31,outdoors,grass,57.0,8.0,337.0,3.0,2.0,-0.054202,3.5714,0.6222,437.0,0.0,4.0,0.18139,5.8824,0.7931
2021,9,2021_09_TEN_LA,LA,TEN,16,28,dome,matrixturf,,,347.0,2.0,2.0,-0.2148,2.7027,0.5849,194.0,1.0,3.0,-0.071982,5.3571,0.6333
2021,9,2021_09_CHI_PIT,PIT,CHI,29,27,outdoors,grass ,55.0,7.0,280.0,0.0,3.0,0.076825,4.5455,0.6176,414.0,3.0,3.0,0.048457,5.1724,0.5312
2021,10,2021_10_BAL_MIA,MIA,BAL,22,10,outdoors,grass ,77.0,4.0,350.0,0.0,1.0,-0.074419,1.5873,0.4634,304.0,2.0,2.0,-0.223584,2.8571,0.5532
2021,10,2021_10_ATL_DAL,DAL,ATL,43,3,closed,matrixturf,,,433.0,1.0,5.0,0.123449,6.8493,0.8,214.0,3.0,1.0,-0.476816,1.8868,0.3448
2021,10,2021_10_JAX_IND,IND,JAX,23,17,closed,fieldturf,,,295.0,0.0,1.0,-0.083877,1.6129,0.6286,333.0,1.0,3.0,-0.169949,4.7619,0.4103
2021,10,2021_10_CLE_NE,NE,CLE,45,7,outdoors,fieldturf,48.0,6.0,452.0,0.0,6.0,0.411833,9.6774,0.7857,217.0,1.0,1.0,-0.124007,1.7241,0.5
2021,10,2021_10_BUF_NYJ,NYJ,BUF,17,45,outdoors,fieldturf,47.0,4.0,366.0,5.0,2.0,-0.141096,2.8571,0.5625,489.0,2.0,6.0,0.303888,11.1111,0.7
2021,10,2021_10_DET_PIT,PIT,DET,16,16,outdoors,grass ,37.0,12.0,387.0,3.0,1.0,-0.134325,1.2346,0.6,306.0,0.0,2.0,-0.155057,2.9412,0.4828
2021,10,2021_10_NO_TEN,TEN,NO,23,21,outdoors,grass ,53.0,12.0,264.0,0.0,2.0,-0.015216,3.4483,0.6552,373.0,1.0,3.0,-0.039114,4.8387,0.5122
2021,10,2021_10_TB_WAS,WAS,TB,29,19,outdoors,grass ,47.0,8.0,320.0,1.0,3.0,0.071631,4.1667,0.7027,273.0,2.0,2.0,-0.060953,4.2553,0.6765
2021,10,2021_10_CAR_ARI,ARI,CAR,10,34,closed,grass ,,,169.0,2.0,1.0,-0.389743,1.8868,0.5152,343.0,2.0,3.0,0.039858,4.2254,0.7353
2021,10,2021_10_MIN_LAC,LAC,MIN,20,27,dome,matrixturf,,,253.0,1.0,2.0,-0.072367,3.6364,0.5556,381.0,1.0,3.0,0.050865,4.1667,0.641
2021,10,2021_10_PHI_DEN,DEN,PHI,13,30,outdoors,grass ,57.0,19.0,308.0,1.0,2.0,-0.167469,3.6364,0.5946,386.0,1.0,2.0,0.113826,3.125,0.64
2021,10,2021_10_SEA_GB,GB,SEA,17,0,outdoors,grass ,35.0,11.0,393.0,1.0,2.0,0.031004,2.8571,0.6053,208.0,2.0,0.0,-0.2341,0.0,0.4651
2021,10,2021_10_KC_LV,LV,KC,14,41,dome,grass,,,299.0,3.0,2.0,-0.127411,3.9216,0.6757,516.0,0.0,5.0,0.284195,6.5789,0.7059
2021,10,2021_10_LA_SF,SF,LA,31,10,outdoors,grass,59.0,0.0,335.0,0.0,3.0,0.140569,4.6875,0.75,278.0,2.0,2.0,-0.166761,3.7037,0.6136
2021,11,2021_11_NE_ATL,ATL,NE,0,25,closed,fieldturf,,,165.0,4.0,1.0,-0.511345,1.9231,0.5556,308.0,1.0,1.0,-0.039741,1.6949,0.7586
2021,11,2021_11_IND_BUF,BUF,IND,15,41,outdoors,a_turf,49.0,12.0,313.0,4.0,2.0,-0.187771,3.6364,0.5854,370.0,0.0,5.0,0.253624,7.5758,0.55
2021,11,2021_11_WAS_CAR,CAR,WAS,21,27,outdoors,grass ,54.0,0.0,297.0,0.0,3.0,0.068416,6.1224,0.75,369.0,1.0,3.0,0.146191,4.6154,0.64
2021,11,2021_11_BAL_CHI,CHI,BAL,13,16,outdoors,grass ,46.0,9.0,353.0,1.0,2.0,-0.100476,3.4483,0.3947,299.0,1.0,1.0,-0.035262,1.3158,0.619
2021,11,2021_11_DET_CLE,CLE,DET,13,10,outdoors,grass ,42.0,7.0,349.0,2.0,2.0,-0.112409,3.0303,0.5,245.0,2.0,1.0,-0.179155,2.1739,0.6522
2021,11,2021_11_SF_JAX,JAX,SF,10,30,outdoors,grass ,68.0,17.0,200.0,1.0,1.0,-0.065582,2.2727,0.5714,333.0,1.0,3.0,0.278386,4.5455,0.6667
2021,11,2021_11_GB_MIN,MIN,GB,34,31,dome,sportturf,,,410.0,0.0,4.0,0.250064,5.9701,0.6486,467.0,0.0,4.0,0.250748,7.4074,0.6571
2021,11,2021_11_MIA_NYJ,NYJ,MIA,17,24,outdoors,fieldturf,52.0,4.0,380.0,1.0,2.0,-0.067171,3.3898,0.5854,388.0,1.0,3.0,0.054441,4.4776,0.7941
2021,11,2021_11_NO_PHI,PHI,NO,40,29,outdoors,grass ,51.0,4.0,380.0,1.0,3.0,-0.02031,3.8961,0.4815,323.0,3.0,5.0,-0.159524,7.9365,0.5366
2021,11,2021_11_HOU_TEN,TEN,HOU,13,22,outdoors,grass ,59.0,8.0,420.0,4.0,2.0,-0.183014,2.5316,0.6481,190.0,1.0,2.0,-0.024024,3.2258,0.5833
2021,11,2021_11_CIN_LV,LV,CIN,13,32,dome,grass,,,278.0,2.0,1.0,-0.246653,2.1277,0.6552,288.0,1.0,3.0,0.115975,4.2857,0.625
2021,11,2021_11_DAL_KC,KC,DAL,19,9,outdoors,grass ,57.0,17.0,370.0,2.0,2.0,-0.076936,3.0303,0.575,276.0,3.0,0.0,-0.184889,0.0,0.5833
2021,11,2021_11_ARI_SEA,SEA,ARI,13,23,outdoors,fieldturf,46.0,0.0,266.0,0.0,1.0,-0.064575,2.0408,0.4667,413.0,0.0,3.0,0.089049,3.7975,0.7609
2021,11,2021_11_PIT_LAC,LAC,PIT,41,37,dome,matrixturf,,,533.0,1.0,5.0,0.086674,7.2464,0.6977,300.0,0.0,4.0,0.078436,6.1538,0.5957
2021,11,2021_11_NYG_TB,TB,NYG,30,10,outdoors,grass ,68.0,6.0,402.0,1.0,3.0,0.046032,3.9474,0.6531,215.0,3.0,1.0,-0.256846,1.8519,0.561
2021,12,2021_12_CHI_DET,DET,CHI,14,16,dome,fieldturf,,,239.0,1.0,2.0,-0.139477,4.4444,0.8077,378.0,1.0,1.0,-0.07273,1.4493,0.6
2021,12,2021_12_LV_DAL,DAL,LV,33,36,closed,matrixturf,,,439.0,0.0,4.0,0.069053,5.7143,0.6531,509.0,0.0,3.0,0.147196,3.8961,0.5714
2021,12,2021_12_BUF_NO,NO,BUF,6,31,dome,sportturf,,,190.0,1.0,1.0,-0.366893,1.7241,0.5152,361.0,2.0,4.0,0.08131,6.4516,0.7667
2021,12,2021_12_PIT_CIN,CIN,PIT,41,10,outdoors,fieldturf,43.0,12.0,370.0,1.0,4.0,0.159322,6.1538,0.7407,301.0,3.0,2.0,-0.277117,3.3898,0.5455
2021,12,2021_12_NYJ_HOU,HOU,NYJ,14,21,closed,astroturf,,,202.0,1.0,2.0,-0.242344,3.6364,0.5484,268.0,1.0,2.0,-0.086192,3.1746,0.5
2021,12,2021_12_TB_IND,IND,TB,31,38,closed,fieldturf,,,392.0,4.0,4.0,0.023767,5.9701,0.5745,359.0,3.0,5.0,0.146568,7.9365,0.6944
2021,12,2021_12_ATL_JAX,JAX,ATL,14,21,outdoors,grass ,61.0,4.0,359.0,2.0,1.0,-0.044685,1.3889,0.5227,332.0,1.0,3.0,0.065869,5.0847,0.6333
2021,12,2021_12_CAR_MIA,MIA,CAR,33,10,outdoors,grass ,74.0,4.0,315.0,1.0,3.0,0.026115,4.1667,0.8182,198.0,3.0,2.0,-0.333688,3.7037,0.2778
2021,12,2021_12_TEN_NE,NE,TEN,36,13,outdoors,fieldturf,33.0,6.0,394.0,0.0,3.0,0.233045,5.1724,0.6765,355.0,4.0,2.0,-0.141249,3.2258,0.4783
2021,12,2021_12_PHI_NYG,NYG,PHI,13,7,outdoors,fieldturf,39.0,4.0,264.0,0.0,1.0,-0.102962,1.7241,0.6129,332.0,4.0,1.0,-0.187706,1.5385,0.4375
2021,12,2021_12_LAC_DEN,DEN,LAC,28,13,outdoors,grass ,62.0,0.0,302.0,1.0,3.0,0.074184,5.0847,0.5769,357.0,2.0,3.0,-0.139367,4.6154,0.5833
2021,12,2021_12_LA_GB,GB,LA,36,28,outdoors,grass ,37.0,14.0,399.0,1.0,3.0,0.051256,3.7975,0.5957,355.0,3.0,4.0,-0.052864,6.4516,0.5
2021,12,2021_12_MIN_SF,SF,MIN,34,26,outdoors,grass,68.0,7.0,423.0,1.0,4.0,0.072868,5.9701,0.6071,323.0,2.0,4.0,-0.011692,7.5472,0.6
2021,12,2021_12_CLE_BAL,BAL,CLE,16,10,outdoors,grass,43.0,0.0,303.0,4.0,1.0,-0.082424,1.2987,0.5882,262.0,2.0,1.0,-0.173109,1.7544,0.45
2021,12,2021_12_SEA_WAS,WAS,SEA,17,15,outdoors,grass ,41.0,9.0,373.0,1.0,2.0,-0.002929,2.5,0.75,267.0,1.0,2.0,-0.032933,4.3478,0.5882
2021,13,2021_13_DAL_NO,NO,DAL,17,27,dome,sportturf,,,405.0,4.0,3.0,-0.268817,4.3478,0.4419,377.0,1.0,2.0,-0.11402,3.0769,0.6341
2021,13,2021_13_TB_ATL,ATL,TB,17,30,closed,fieldturf,,,380.0,1.0,1.0,-0.060715,1.4493,0.6522,425.0,1.0,5.0,0.146575,7.3529,0.7451
2021,13,2021_13_ARI_CHI,CHI,ARI,22,33,outdoors,grass ,34.0,8.0,331.0,4.0,3.0,-0.079828,4.1667,0.5778,257.0,0.0,4.0,0.12926,7.6923,0.6471
2021,13,2021_13_LAC_CIN,CIN,LAC,22,41,outdoors,fieldturf,48.0,11.0,356.0,4.0,4.0,-0.263339,5.5556,0.5217,365.0,3.0,4.0,-0.008137,6.4516,0.65
2021,13,2021_13_MIN_DET,DET,MIN,29,27,dome,fieldturf,,,372.0,2.0,3.0,-0.010032,4.2254,0.5682,426.0,1.0,3.0,0.008888,4.0541,0.6667
2021,13,2021_13_IND_HOU,HOU,IND,0,31,closed,astroturf,,,141.0,2.0,0.0,-0.525128,0.0,0.3548,389.0,1.0,4.0,0.041449,5.6338,0.6957
2021,13,2021_13_NYG_MIA,MIA,NYG,20,9,outdoors,grass ,80.0,11.0,297.0,0.0,2.0,-0.032843,2.9412,0.6977,250.0,1.0,0.0,-0.142932,0.0,0.4894
2021,13,2021_13_PHI_NYJ,NYJ,PHI,18,33,outdoors,fieldturf,45.0,0.0,281.0,1.0,3.0,0.028804,5.1724,0.561,418.0,0.0,3.0,0.256795,4.4118,0.7407
2021,13,2021_13_JAX_LA,LA,JAX,37,7,dome,matrixturf,,,418.0,0.0,4.0,0.227339,6.0606,0.6667,197.0,2.0,1.0,-0.232023,1.8182,0.5333
2021,13,2021_13_WAS_LV,LV,WAS,15,17,dome,grass,,,310.0,0.0,1.0,0.025622,1.7544,0.6829,298.0,1.0,2.0,0.060091,3.2787,0.7419
2021,13,2021_13_BAL_PIT,PIT,BAL,20,19,outdoors,grass ,50.0,7.0,323.0,0.0,2.0,0.07692,3.4483,0.6364,326.0,1.0,2.0,0.066509,2.8571,0.5111
2021,13,2021_13_SF_SEA,SEA,SF,30,23,outdoors,fieldturf,41.0,4.0,327.0,3.0,4.0,-0.048864,5.8824,0.7317,365.0,3.0,3.0,-0.100347,5.3571,0.6452
2021,13,2021_13_DEN_KC,KC,DEN,22,9,outdoors,grass ,58.0,22.0,267.0,2.0,1.0,0.073893,1.8519,0.5,404.0,2.0,2.0,-0.109226,2.7397,0.5238
2021,13,2021_13_NE_BUF,BUF,NE,10,14,outdoors,a_turf,36.0,27.0,230.0,2.0,1.0,-0.139935,1.7544,0.4688,243.0,0.0,1.0,-0.05535,2.0,0.6667
2021,14,2021_14_PIT_MIN,MIN,PIT,36,28,dome,sportturf,,,458.0,2.0,4.0,-0.053912,5.9701,0.4516,377.0,1.0,4.0,-0.146984,5.6338,0.5957
2021,14,2021_14_ATL_CAR,CAR,ATL,21,29,outdoors,grass ,48.0,9.0,334.0,3.0,4.0,-0.13818,6.4516,0.5833,318.0,1.0,2.0,0.033817,3.0769,0.6552
2021,14,2021_14_BAL_CLE,CLE,BAL,24,22,outdoors,grass ,46.0,14.0,290.0,1.0,2.0,-0.09434,3.2787,0.6875,389.0,2.0,3.0,-0.093759,4.2857,0.6596
2021,14,2021_14_SEA_HOU,HOU,SEA,13,33,open,astroturf,,,380.0,0.0,1.0,-0.101669,1.3158,0.6471,455.0,0.0,4.0,0.214745,6.8966,0.5862
2021,14,2021_14_LV_KC,KC,LV,48,9,outdoors,grass ,47.0,19.0,372.0,0.0,5.0,0.334353,8.7719,0.7407,290.0,5.0,2.0,-0.23357,3.2787,0.6735
2021,14,2021_14_NO_NYJ,NYJ,NO,9,30,outdoors,fieldturf,46.0,13.0,256.0,0.0,0.0,-0.208924,0.0,0.4222,344.0,0.0,3.0,0.11414,4.4118,0.625
2021,14,2021_14_JAX_TEN,TEN,JAX,20,0,outdoors,grass ,45.0,0.0,263.0,0.0,2.0,-0.043065,2.8986,0.5714,192.0,4.0,0.0,-0.401542,0.0,0.5581
2021,14,2021_14_DAL_WAS,WAS,DAL,20,27,outdoors,grass ,48.0,17.0,226.0,4.0,3.0,-0.323545,4.6875,0.375,325.0,2.0,2.0,-0.154991,2.5316,0.5116
2021,14,2021_14_DET_DEN,DEN,DET,38,10,outdoors,grass ,63.0,8.0,358.0,0.0,5.0,0.251465,7.6923,0.6923,316.0,2.0,1.0,-0.122204,1.6129,0.5854
2021,14,2021_14_NYG_LAC,LAC,NYG,37,21,dome,matrixturf,,,423.0,0.0,4.0,0.125316,5.7143,0.697,318.0,2.0,3.0,-0.090877,4.4776,0.425
2021,14,2021_14_SF_CIN,CIN,SF,23,26,outdoors,fieldturf,48.0,9.0,397.0,0.0,2.0,0.043705,3.0769,0.641,355.0,2.0,3.0,0.097359,4.3478,0.587
2021,14,2021_14_BUF_TB,TB,BUF,33,27,outdoors,grass ,82.0,4.0,488.0,0.0,4.0,0.143938,5.1948,0.6458,466.0,1.0,3.0,0.067133,3.9474,0.6316
2021,14,2021_14_CHI_GB,GB,CHI,45,30,outdoors,grass ,36.0,8.0,439.0,0.0,6.0,0.08687,9.375,0.725,347.0,3.0,3.0,-0.102191,5.1724,0.5143
2021,14,2021_14_LA_ARI,ARI,LA,23,30,open,grass ,,,447.0,2.0,2.0,-0.020559,2.6667,0.6038,356.0,0.0,3.0,0.144068,5.5556,0.697
2021,15,2021_15_KC_LAC,LAC,KC,28,34,dome,matrixturf,,,428.0,2.0,4.0,0.035004,5.1282,0.5641,498.0,2.0,4.0,0.139922,5.7971,0.6327
2021,15,2021_15_NE_IND,IND,NE,27,17,closed,fieldturf,,,275.0,1.0,2.0,-0.060087,3.8462,0.3846,365.0,2.0,3.0,-0.174055,4.6154,0.5652
2021,15,2021_15_CAR_BUF,BUF,CAR,31,14,outdoors,a_turf,30.0,8.0,312.0,1.0,4.0,0.059383,6.1538,0.5,277.0,1.0,2.0,-0.151898,2.7397,0.4186
2021,15,2021_15_ARI_DET,DET,ARI,30,12,dome,fieldturf,,,338.0,1.0,3.0,0.076712,4.8387,0.75,398.0,1.0,1.0,-0.148307,1.3514,0.5472
2021,15,2021_15_HOU_JAX,JAX,HOU,16,30,outdoors,grass,80.0,12.0,296.0,0.0,1.0,-0.099159,1.5152,0.5366,281.0,1.0,3.0,0.101827,5.2632,0.6129
2021,15,2021_15_NYJ_MIA,MIA,NYJ,31,24,outdoors,grass,82.0,9.0,379.0,3.0,5.0,-0.037637,7.1429,0.5714,228.0,1.0,2.0,-0.115156,3.7037,0.4333
2021,15,2021_15_DAL_NYG,NYG,DAL,6,21,outdoors,fieldturf,37.0,8.0,302.0,4.0,0.0,-0.236656,0.0,0.5135,328.0,1.0,2.0,0.004243,2.8571,0.7
2021,15,2021_15_TEN_PIT,PIT,TEN,19,13,outdoors,grass,32.0,11.0,168.0,0.0,1.0,-0.188673,2.2222,0.5714,318.0,4.0,1.0,-0.211814,1.2821,0.6389
2021,15,2021_15_CIN_DEN,DEN,CIN,10,15,outdoors,grass,61.0,19.0,292.0,1.0,1.0,-0.088338,1.4085,0.4865,249.0,0.0,1.0,0.001635,1.9231,0.5769
2021,15,2021_15_ATL_SF,SF,ATL,31,13,outdoors,grass,46.0,0.0,397.0,1.0,4.0,0.118096,7.1429,0.75,275.0,1.0,1.0,-0.109805,1.7241,0.5429
2021,15,2021_15_GB_BAL,BAL,GB,30,31,outdoors,grass,43.0,11.0,354.0,0.0,4.0,0.160214,5.8824,0.6667,346.0,0.0,4.0,0.214256,6.7797,0.6765
2021,15,2021_15_NO_TB,TB,NO,0,9,outdoors,grass,75.0,0.0,302.0,2.0,0.0,-0.327338,0.0,0.5,212.0,0.0,0.0,-0.183444,0.0,0.4483
2021,15,2021_15_LV_CLE,CLE,LV,14,16,outdoors,grass,40.0,8.0,236.0,0.0,2.0,-0.08353,3.7037,0.6667,328.0,2.0,1.0,-0.013131,1.5385,0.625
2021,15,2021_15_MIN_CHI,CHI,MIN,9,17,outdoors,grass,37.0,8.0,370.0,2.0,1.0,-0.162788,1.4286,0.619,193.0,2.0,2.0,-0.030702,3.2787,0.4286
2021,15,2021_15_SEA_LA,LA,SEA,20,10,dome,matrixturf,,,332.0,1.0,2.0,-0.009733,3.2258,0.6364,214.0,1.0,1.0,-0.177385,1.8868,0.5
2021,15,2021_15_WAS_PHI,PHI,WAS,27,17,outdoors,grass,42.0,7.0,519.0,2.0,3.0,0.077146,4.2857,0.6897,237.0,0.0,2.0,-0.061564,3.7037,0.6061
2021,16,2021_16_SF_TEN,TEN,SF,20,17,outdoors,grass,48.0,7.0,278.0,0.0,2.0,0.022066,3.4483,0.6471,389.0,2.0,2.0,0.005196,3.4483,0.7027
2021,16,2021_16_CLE_GB,GB,CLE,24,22,outdoors,grass,35.0,11.0,311.0,0.0,3.0,0.08983,5.1724,0.7059,408.0,4.0,3.0,0.076485,4.4776,0.5
2021,16,2021_16_IND_ARI,ARI,IND,16,22,closed,grass,,,378.0,0.0,2.0,-0.116775,3.125,0.6279,346.0,0.0,2.0,-0.026128,3.1746,0.6
2021,16,2021_16_DET_ATL,ATL,DET,20,16,open,fieldturf,,,254.0,1.0,2.0,0.083644,4.4444,0.6667,338.0,1.0,1.0,0.028334,1.4706,0.7143
2021,16,2021_16_TB_CAR,CAR,TB,6,32,outdoors,grass,73.0,8.0,273.0,1.0,0.0,-0.241448,0.0,0.4231,391.0,0.0,3.0,0.14802,4.7619,0.5625
2021,16,2021_16_BAL_CIN,CIN,BAL,41,21,outdoors,fieldturf,52.0,0.0,575.0,0.0,5.0,0.28234,7.1429,0.7551,334.0,1.0,3.0,0.040209,5.2632,0.6829
2021,16,2021_16_LAC_HOU,HOU,LAC,41,29,closed,astroturf,,,437.0,0.0,4.0,0.215074,6.25,0.75,419.0,3.0,4.0,0.098277,6.6667,0.7105
2021,16,2021_16_LA_MIN,MIN,LA,23,30,dome,sportturf,,,361.0,1.0,3.0,-0.165533,4.7619,0.6585,356.0,3.0,2.0,-0.031548,2.8571,0.5676
2021,16,2021_16_BUF_NE,NE,BUF,21,33,outdoors,fieldturf,38.0,13.0,288.0,2.0,3.0,0.050577,5.0,0.4242,428.0,0.0,4.0,0.250802,5.2632,0.625
2021,16,2021_16_JAX_NYJ,NYJ,JAX,26,21,outdoors,fieldturf,47.0,0.0,373.0,0.0,3.0,0.178518,5.0847,0.6087,384.0,1.0,2.0,0.122742,2.7397,0.6341
2021,16,2021_16_NYG_PHI,PHI,NYG,34,10,outdoors,grass,53.0,9.0,324.0,0.0,3.0,-0.045009,5.0,0.5667,192.0,2.0,2.0,-0.310681,2.7397,0.5
2021,16,2021_16_CHI_SEA,SEA,CHI,24,25,outdoors,fieldturf,25.0,11.0,331.0,0.0,3.0,0.017097,5.6604,0.5517,319.0,0.0,3.0,0.060484,4.2857,0.6
2021,16,2021_16_PIT_KC,KC,PIT,36,10,outdoors,grass,60.0,22.0,381.0,0.0,4.0,0.129331,5.9701,0.7188,303.0,3.0,1.0,-0.215963,1.4286,0.6222
2021,16,2021_16_DEN_LV,LV,DEN,17,13,dome,grass,,,342.0,3.0,2.0,-0.069006,2.9851,0.7407,158.0,0.0,1.0,-0.182285,2.5,0.625
2021,16,2021_16_WAS_DAL,DAL,WAS,56,14,closed,matrixturf,,,497.0,0.0,6.0,0.294106,8.2192,0.6667,257.0,2.0,4.0,-0.262447,7.0175,0.4054
2021,16,2021_16_MIA_NO,NO,MIA,3,20,dome,sportturf,,,164.0,2.0,1.0,-0.52376,1.9608,0.4286,259.0,1.0,1.0,-0.142315,1.6949,0.6552
2021,17,2021_17_LA_BAL,BAL,LA,19,20,outdoors,grass,59.0,6.0,327.0,2.0,0.0,-0.013505,0.0,0.5405,373.0,3.0,4.0,-0.005251,7.0175,0.7027
2021,17,2021_17_ATL_BUF,BUF,ATL,29,15,outdoors,a_turf,26.0,11.0,353.0,3.0,4.0,0.10091,5.5556,0.3929,265.0,1.0,1.0,-0.100614,2.0,0.4643
2021,17,2021_17_NYG_CHI,CHI,NYG,29,3,outdoors,grass,25.0,13.0,249.0,2.0,3.0,-0.09414,4.6154,0.4737,155.0,4.0,0.0,-0.507028,0.0,0.2667
2021,17,2021_17_KC_CIN,CIN,KC,34,31,outdoors,fieldturf,33.0,13.0,475.0,0.0,4.0,0.237564,6.3492,0.6818,414.0,0.0,4.0,0.260416,6.8966,0.7429
2021,17,2021_17_LV_IND,IND,LV,20,23,closed,fieldturf,,,262.0,0.0,2.0,-0.031735,3.7037,0.5714,326.0,2.0,2.0,0.045374,3.2787,0.7059
2021,17,2021_17_JAX_NE,NE,JAX,50,10,outdoors,fieldturf,46.0,4.0,471.0,0.0,7.0,0.331186,9.8592,0.7353,253.0,3.0,1.0,-0.247546,2.1739,0.5862
2021,17,2021_17_TB_NYJ,NYJ,TB,24,28,outdoors,fieldturf,57.0,9.0,374.0,1.0,3.0,0.112773,5.0,0.5588,469.0,1.0,3.0,0.195155,4.1096,0.6667
2021,17,2021_17_MIA_TEN,TEN,MIA,34,3,outdoors,grass,43.0,13.0,308.0,0.0,4.0,0.114791,6.7797,0.6842,256.0,2.0,0.0,-0.342682,0.0,0.4186
2021,17,2021_17_PHI_WAS,WAS,PHI,16,20,outdoors,grass,62.0,4.0,312.0,1.0,1.0,0.020807,1.6393,0.6923,330.0,0.0,2.0,0.110432,3.2787,0.6296
2021,17,2021_17_DEN_LAC,LAC,DEN,34,13,dome,matrixturf,,,341.0,1.0,4.0,0.209052,6.0606,0.7097,319.0,0.0,1.0,-0.082055,1.7857,0.6552
2021,17,2021_17_HOU_SF,SF,HOU,23,7,outdoors,grass,50.0,6.0,416.0,1.0,2.0,0.002167,3.2787,0.6667,222.0,1.0,1.0,-0.218494,1.6129,0.6
2021,17,2021_17_ARI_DAL,DAL,ARI,22,25,closed,matrixturf,,,303.0,1.0,3.0,-0.006262,5.1724,0.6098,399.0,0.0,2.0,0.07613,2.7397,0.6585
2021,17,2021_17_CAR_NO,NO,CAR,18,10,dome,sportturf,,,280.0,0.0,1.0,-0.152151,1.7241,0.5667,178.0,2.0,1.0,-0.265885,1.6949,0.5152
2021,17,2021_17_DET_SEA,SEA,DET,51,29,outdoors,fieldturf,37.0,0.0,497.0,0.0,6.0,0.273207,8.4507,0.6667,359.0,3.0,4.0,0.029172,6.6667,0.5789
2021,17,2021_17_MIN_GB,GB,MIN,37,10,outdoors,grass,11.0,9.0,481.0,0.0,4.0,0.191343,5.4054,0.7381,206.0,0.0,1.0,-0.209118,1.9231,0.5854
2021,17,2021_17_CLE_PIT,PIT,CLE,26,14,outdoors,grass,25.0,12.0,299.0,1.0,2.0,-0.04429,2.5316,0.5,232.0,2.0,2.0,-0.202044,2.9851,0.3404
2021,18,2021_18_KC_DEN,DEN,KC,24,28,outdoors,grass,41.0,4.0,364.0,1.0,4.0,0.085916,7.4074,0.5,392.0,0.0,2.0,0.138022,2.6667,0.6
2021,18,2021_18_DAL_PHI,PHI,DAL,26,51,outdoors,grass,31.0,8.0,315.0,1.0,3.0,0.050015,4.2254,0.5263,475.0,0.0,7.0,0.439916,11.4754,0.7586
2021,18,2021_18_PIT_BAL,BAL,PIT,13,16,outdoors,grass,36.0,0.0,381.0,3.0,1.0,-0.185187,1.4085,0.4571,314.0,1.0,1.0,-0.100223,1.3333,0.6667
2021,18,2021_18_CIN_CLE,CLE,CIN,21,16,outdoors,grass,38.0,22.0,376.0,2.0,4.0,-0.061541,6.0606,0.68,182.0,0.0,1.0,-0.123739,1.9231,0.4412
2021,18,2021_18_GB_DET,DET,GB,37,30,dome,fieldturf,,,404.0,0.0,4.0,0.117956,6.7797,0.6667,380.0,3.0,4.0,0.044528,5.8824,0.6
2021,18,2021_18_TEN_HOU,HOU,TEN,25,28,closed,astroturf,,,355.0,0.0,3.0,0.107836,5.2632,0.6389,405.0,0.0,4.0,0.136311,6.1538,0.697
2021,18,2021_18_IND_JAX,JAX,IND,26,11,outdoors,grass,76.0,19.0,318.0,0.0,2.0,0.048977,3.125,0.697,235.0,2.0,1.0,-0.206351,1.8519,0.4722
2021,18,2021_18_CHI_MIN,MIN,CHI,31,17,dome,sportturf,,,331.0,0.0,3.0,-0.056427,6.383,0.56,358.0,2.0,2.0,-0.178721,2.4691,0.5893
2021,18,2021_18_WAS_NYG,NYG,WAS,7,22,outdoors,fieldturf,38.0,0.0,177.0,3.0,2.0,-0.321945,3.3898,0.4412,325.0,0.0,1.0,-0.069262,1.6949,0.4091
2021,18,2021_18_SEA_ARI,ARI,SEA,30,38,open,grass,,,305.0,1.0,2.0,-0.023545,2.7778,0.6364,431.0,2.0,6.0,0.112876,10.5263,0.5556
2021,18,2021_18_NO_ATL,ATL,NO,20,30,closed,fieldturf,,,257.0,3.0,2.0,-0.126583,4.1667,0.5556,369.0,0.0,3.0,0.060159,4.2254,0.64
2021,18,2021_18_NYJ_BUF,BUF,NYJ,27,10,outdoors,a_turf,36.0,19.0,424.0,0.0,3.0,-0.053699,3.7975,0.5435,53.0,0.0,1.0,-0.365124,2.1739,0.2414
2021,18,2021_18_SF_LA,LA,SF,24,27,dome,matrixturf,,,265.0,2.0,3.0,0.027908,4.6875,0.5676,449.0,2.0,3.0,0.045102,4.4776,0.6667
2021,18,2021_18_NE_MIA,MIA,NE,33,24,outdoors,grass,75.0,8.0,298.0,0.0,2.0,0.102122,3.0303,0.6522,379.0,3.0,5.0,-0.007914,8.4746,0.625
2021,18,2021_18_CAR_TB,TB,CAR,41,17,outdoors,grass,80.0,4.0,409.0,0.0,5.0,0.175102,8.3333,0.725,317.0,2.0,2.0,-0.134302,2.8169,0.6444
2021,18,2021_18_LAC_LV,LV,LAC,35,32,dome,grass,,,346.0,1.0,3.0,0.13926,4.0,0.5122,442.0,1.0,4.0,0.086738,4.4944,0.5
2021,19,2021_19_LV_CIN,CIN,LV,26,19,outdoors,fieldturf,31.0,12.0,308.0,0.0,2.0,0.102302,3.2787,0.6667,385.0,2.0,1.0,0.014284,1.4085,0.5088
2021,19,2021_19_NE_BUF,BUF,NE,47,17,outdoors,a_turf,7.0,8.0,482.0,0.0,7.0,0.529671,12.963,0.84,305.0,2.0,2.0,0.029039,3.2787,0.5854
2021,19,2021_19_PHI_TB,TB,PHI,31,15,outdoors,grass,66.0,21.0,349.0,1.0,4.0,0.116203,5.5556,0.7073,341.0,2.0,2.0,-0.106859,3.1746,0.5
2021,19,2021_19_SF_DAL,DAL,SF,17,23,closed,matrixturf,,,307.0,1.0,2.0,-0.096326,2.8571,0.4898,341.0,1.0,2.0,0.017152,3.1746,0.64
2021,19,2021_19_PIT_KC,KC,PIT,42,21,outdoors,grass,30.0,8.0,478.0,2.0,7.0,0.151474,10.7692,0.7209,257.0,1.0,2.0,-0.106365,3.0303,0.6304
2021,19,2021_19_ARI_LA,LA,ARI,34,11,dome,matrixturf,,,375.0,0.0,3.0,0.06408,5.2632,0.7368,185.0,2.0,2.0,-0.331397,3.6364,0.5135
2021,20,2021_20_CIN_TEN,TEN,CIN,16,19,outdoors,grass,35.0,0.0,353.0,3.0,2.0,-0.124908,3.7736,0.6,345.0,1.0,1.0,-0.033835,1.5625,0.6087
2021,20,2021_20_SF_GB,GB,SF,10,13,outdoors,grass,15.0,12.0,263.0,1.0,2.0,-0.199412,3.7037,0.5882,212.0,1.0,0.0,-0.167644,0.0,0.4783
2021,20,2021_20_LA_TB,TB,LA,27,30,outdoors,grass,50.0,11.0,359.0,2.0,3.0,-0.177739,4.2254,0.5263,428.0,4.0,3.0,-0.100567,4.2857,0.7
2021,20,2021_20_BUF_KC,KC,BUF,42,36,outdoors,grass,35.0,6.0,552.0,0.0,5.0,0.291872,6.8493,0.7174,424.0,0.0,5.0,0.261345,7.8125,0.675
2021,21,2021_21_CIN_KC,KC,CIN,24,27,outdoors,grass,41.0,4.0,375.0,2.0,3.0,0.016382,4.4776,0.6047,361.0,1.0,2.0,0.098925,2.9851,0.575
2021,21,2021_21_SF_LA,LA,SF,20,17,dome,matrixturf,,,396.0,1.0,2.0,-0.012331,2.6316,0.6596,282.0,1.0,2.0,-0.084796,4.0,0.5333
2021,22,2021_22_LA_CIN,CIN,LA,20,23,dome,matrixturf,,,305.0,0.0,2.0,-0.106546,3.2787,0.561,313.0,2.0,3.0,-0.051947,4.4776,0.5909
