season,date,home_team,visitor,score_home,score_visitor,open_total,close_total,open_spread,close_spread,ml_home,ml_visitor,line_quality
2007-08,906,Indianapolis,NewOrleans,41,10,50.5,52.5,5.5,5.5,-240.0,200.0,0
2007-08,909,HoustonTexans,KansasCity,20,3,0.0,37.5,38.5,3.0,-200.0,170.0,2
2007-08,909,Buffalo,Denver,14,15,3.0,3.0,37.0,38.5,150.0,-170.0,1
2007-08,909,Cleveland,Pittsburgh,7,34,4.5,5.0,37.5,36.0,195.0,-235.0,1
2007-08,909,Jacksonville,Tennessee,10,13,37.5,39.5,6.5,7.5,-350.0,290.0,0
2007-08,909,St.Louis,Carolina,13,27,43.0,43.0,1.0,2.5,-125.0,105.0,0
2007-08,909,GreenBay,Philadelphia,16,13,3.0,3.0,43.0,41.5,160.0,-190.0,1
2007-08,909,Minnesota,Atlanta,24,3,36.0,34.0,2.5,3.0,-170.0,150.0,0
2007-08,909,Washington,Miami,16,13,36.0,34.0,3.0,3.0,-175.0,155.0,0
2007-08,909,NYJets,NewEngland,14,38,6.5,6.0,40.5,41.5,220.0,-260.0,1
2007-08,909,Seattle,TampaBay,20,6,41.0,41.0,6.0,6.0,-275.0,235.0,0
2007-08,909,SanDiego,Chicago,14,3,43.0,43.0,6.5,7.0,-325.0,275.0,0
2007-08,909,Oakland,Detroit,21,36,39.0,39.5,2.5,2.5,-160.0,140.0,0
2007-08,909,Dallas,NYGiants,45,35,44.0,43.5,4.0,6.5,-270.0,230.0,0
2007-08,910,Cincinnati,Baltimore,27,20,40.0,40.0,3.0,3.0,-145.0,125.0,0
2007-08,910,SanFrancisco,Arizona,20,17,47.0,47.0,3.0,3.5,-200.0,170.0,0
2007-08,916,Pittsburgh,Buffalo,26,3,37.0,40.0,7.5,10.0,-500.0,400.0,0
2007-08,916,Cleveland,Cincinnati,51,45,6.0,7.0,41.5,41.5,285.0,-335.0,1
2007-08,916,Tennessee,Indianapolis,20,22,7.0,6.5,47.0,45.0,265.0,-315.0,1
2007-08,916,Carolina,HoustonTexans,21,34,37.5,38.0,6.0,6.5,-290.0,240.0,0
2007-08,916,St.Louis,SanFrancisco,16,17,45.0,44.0,3.0,3.0,-160.0,140.0,0
2007-08,916,NYGiants,GreenBay,13,35,38.0,39.5,1.5,3.0,-155.0,135.0,0
2007-08,916,Jacksonville,Atlanta,13,7,35.0,34.5,10.0,10.0,-525.0,425.0,0
2007-08,916,TampaBay,NewOrleans,31,14,3.0,5.5,42.0,41.0,220.0,-260.0,1
2007-08,916,Detroit,Minnesota,20,17,40.0,43.5,3.5,3.0,-175.0,155.0,0
2007-08,916,Miami,Dallas,20,37,4.0,3.0,39.0,39.0,155.0,-175.0,1
2007-08,916,Arizona,Seattle,23,20,3.0,2.5,45.0,42.5,125.0,-145.0,1
2007-08,916,Baltimore,NYJets,20,13,34.0,32.5,12.5,9.0,-475.0,395.0,0
2007-08,916,Denver,Oakland,23,20,37.0,37.0,9.5,9.5,-500.0,400.0,0
2007-08,916,Chicago,KansasCity,20,10,36.0,35.5,12.5,11.5,-625.0,500.0,0
2007-08,916,NewEngland,SanDiego,38,14,47.0,46.0,4.0,3.5,-200.0,170.0,0
2007-08,917,Philadelphia,Washington,12,20,41.0,39.0,7.0,6.5,-300.0,250.0,0
2007-08,923,HoustonTexans,Indianapolis,24,30,5.5,6.5,48.0,46.0,260.0,-310.0,1
2007-08,923,GreenBay,SanDiego,31,24,4.0,5.5,46.0,42.5,235.0,-275.0,1
2007-08,923,KansasCity,Minnesota,13,10,33.0,34.5,1.5,3.0,-165.0,145.0,0
2007-08,923,Philadelphia,Detroit,56,21,44.0,44.5,6.5,4.5,-230.0,190.0,0
2007-08,923,NewEngland,Buffalo,38,7,42.0,41.0,16.5,16.5,-2200.0,1350.0,4
2007-08,923,NYJets,Miami,31,28,35.5,36.5,3.0,3.0,-175.0,155.0,0
2007-08,923,Pittsburgh,SanFrancisco,37,16,37.0,37.5,8.0,10.0,-600.0,475.0,0
2007-08,923,Baltimore,Arizona,26,23,35.0,36.0,7.5,7.0,-330.0,280.0,0
2007-08,923,TampaBay,St.Louis,24,3,38.0,39.0,3.0,3.5,-190.0,160.0,0
2007-08,923,Denver,Jacksonville,14,23,35.5,36.0,3.0,3.5,-200.0,170.0,0
2007-08,923,Seattle,Cincinnati,24,21,49.0,49.0,3.0,3.0,-175.0,155.0,0
2007-08,923,Oakland,Cleveland,26,24,37.0,41.5,3.0,3.0,-160.0,140.0,0
2007-08,923,Atlanta,Carolina,20,27,4.0,4.0,36.5,38.0,190.0,-230.0,1
2007-08,923,Washington,NYGiants,17,24,41.0,42.0,3.5,3.5,-205.0,175.0,0
2007-08,923,Chicago,Dallas,10,34,43.5,41.5,3.0,3.0,-160.0,140.0,0
2007-08,924,NewOrleans,Tennessee,14,31,45.5,46.0,5.0,4.5,-235.0,195.0,0
2007-08,930,Miami,Oakland,17,35,40.0,39.5,4.0,3.5,-200.0,170.0,0
2007-08,930,Atlanta,HoustonTexans,26,16,3.0,2.5,39.5,39.5,120.0,-140.0,1
2007-08,930,Cleveland,Baltimore,27,13,4.5,3.5,38.0,40.0,160.0,-190.0,1
2007-08,930,Detroit,Chicago,37,27,3.0,2.5,44.0,46.0,120.0,-140.0,1
2007-08,930,Minnesota,GreenBay,16,23,1.0,38.0,40.0,0.0,-105.0,-115.0,2
2007-08,930,Dallas,St.Louis,35,7,45.0,47.0,11.0,13.0,-800.0,600.0,0
2007-08,930,Buffalo,NYJets,17,14,4.5,3.0,37.0,37.5,170.0,-200.0,1
2007-08,930,Carolina,TampaBay,7,20,39.5,38.5,3.0,3.0,-155.0,135.0,0
2007-08,930,SanFrancisco,Seattle,3,23,2.0,1.5,41.5,40.0,105.0,-125.0,1
2007-08,930,Arizona,Pittsburgh,21,14,4.0,5.5,40.0,42.5,200.0,-240.0,1
2007-08,930,SanDiego,KansasCity,16,30,40.0,39.0,12.5,12.5,-1000.0,700.0,0
2007-08,930,Indianapolis,Denver,38,20,46.0,46.5,9.5,10.0,-550.0,450.0,0
2007-08,930,NYGiants,Philadelphia,16,3,3.0,2.0,48.0,47.5,110.0,-130.0,1
2007-08,1001,Cincinnati,NewEngland,13,34,6.0,7.5,52.0,54.0,300.0,-360.0,1
2007-08,1007,NewOrleans,Carolina,13,16,45.0,43.5,2.5,3.5,-200.0,170.0,0
2007-08,1007,KansasCity,Jacksonville,7,17,2.0,2.0,34.0,35.5,110.0,-130.0,1
2007-08,1007,Washington,Detroit,34,3,45.5,44.5,3.0,3.5,-200.0,170.0,0
2007-08,1007,Tennessee,Atlanta,20,13,40.0,41.5,8.0,7.0,-325.0,275.0,0
2007-08,1007,HoustonTexans,Miami,22,19,42.5,43.5,5.5,4.5,-215.0,185.0,0
2007-08,1007,Pittsburgh,Seattle,21,0,39.5,41.0,6.0,5.0,-230.0,190.0,0
2007-08,1007,NewEngland,Cleveland,34,17,47.5,48.0,16.5,15.5,-1600.0,1050.0,0
2007-08,1007,St.Louis,Arizona,31,34,3.0,3.5,41.0,40.0,170.0,-200.0,1
2007-08,1007,NYGiants,NYJets,35,24,42.0,41.0,3.0,3.5,-205.0,175.0,0
2007-08,1007,Indianapolis,TampaBay,33,14,47.0,44.5,10.0,8.5,-425.0,355.0,0
2007-08,1007,Denver,SanDiego,3,41,41.5,1.5,2.0,43.5,105.0,-125.0,1
2007-08,1007,SanFrancisco,Baltimore,7,9,3.5,4.0,35.5,34.5,185.0,-215.0,1
2007-08,1007,GreenBay,Chicago,20,27,41.0,40.5,3.5,3.0,-190.0,160.0,0
2007-08,1008,Buffalo,Dallas,24,25,11.5,11.5,45.0,44.0,475.0,-600.0,1
2007-08,1014,KansasCity,Cincinnati,27,20,3.0,2.5,41.5,44.0,120.0,-140.0,1
2007-08,1014,Jacksonville,HoustonTexans,37,17,37.0,37.0,6.5,6.0,-300.0,250.0,0
2007-08,1014,Cleveland,Miami,41,31,44.0,45.0,5.5,3.5,-190.0,160.0,0
2007-08,1014,Chicago,Minnesota,31,34,37.5,35.5,6.0,5.0,-240.0,200.0,0
2007-08,1014,NYJets,Philadelphia,9,16,3.0,4.0,41.0,43.5,200.0,-240.0,1
2007-08,1014,Baltimore,St.Louis,22,3,38.0,36.5,9.5,9.0,-450.0,370.0,0
2007-08,1014,TampaBay,Tennessee,13,10,38.0,37.0,3.0,2.0,-130.0,110.0,0
2007-08,1014,GreenBay,Washington,17,14,41.0,40.5,3.5,3.0,-160.0,140.0,0
2007-08,1014,Arizona,Carolina,10,25,40.0,38.5,4.5,6.0,-270.0,230.0,0
2007-08,1014,Dallas,NewEngland,27,48,3.5,4.5,52.0,52.0,200.0,-240.0,1
2007-08,1014,SanDiego,Oakland,28,14,44.5,44.0,10.0,9.5,-500.0,400.0,0
2007-08,1014,Seattle,NewOrleans,17,28,41.5,43.0,7.0,5.5,-250.0,210.0,0
2007-08,1015,Atlanta,NYGiants,10,31,3.0,5.0,43.0,43.5,205.0,-245.0,1
2007-08,1021,Washington,Arizona,21,19,38.0,35.5,6.0,8.0,-375.0,315.0,0
2007-08,1021,NewOrleans,Atlanta,22,16,43.0,42.5,9.0,7.5,-350.0,290.0,0
2007-08,1021,Buffalo,Baltimore,19,14,3.0,3.0,34.0,33.5,125.0,-145.0,1
2007-08,1021,Dallas,Minnesota,24,14,46.0,45.5,10.0,9.0,-425.0,355.0,0
2007-08,1021,Miami,NewEngland,28,49,13.5,15.5,51.0,50.0,1100.0,-1700.0,1
2007-08,1021,NYGiants,SanFrancisco,33,15,40.0,39.0,9.0,9.5,-525.0,425.0,0
2007-08,1021,Detroit,TampaBay,23,16,44.0,45.0,2.0,2.5,-140.0,120.0,0
2007-08,1021,HoustonTexans,Tennessee,36,38,38.5,37.5,3.0,2.5,-140.0,120.0,0
2007-08,1021,Oakland,KansasCity,10,12,38.0,37.5,3.0,2.0,-135.0,115.0,0
2007-08,1021,Cincinnati,NYJets,38,31,47.0,48.5,6.0,5.5,-245.0,205.0,0
2007-08,1021,Philadelphia,Chicago,16,19,41.5,42.0,6.0,5.5,-240.0,200.0,0
2007-08,1021,Seattle,St.Louis,33,6,40.0,39.0,9.5,7.5,-325.0,275.0,0
2007-08,1021,Denver,Pittsburgh,31,28,3.5,4.0,38.5,38.0,190.0,-230.0,1
2007-08,1022,Jacksonville,Indianapolis,7,29,2.0,3.0,45.0,45.0,145.0,-165.0,1
2007-08,1028,St.Louis,Cleveland,20,27,3.0,3.0,44.0,46.5,130.0,-150.0,1
2007-08,1028,Chicago,Detroit,7,16,43.5,45.5,4.0,6.0,-300.0,250.0,0
2007-08,1028,Carolina,Indianapolis,7,31,5.5,7.0,44.0,43.5,275.0,-325.0,1
2007-08,1028,Tennessee,Oakland,13,9,41.5,39.0,7.5,6.5,-300.0,250.0,0
2007-08,1028,Minnesota,Philadelphia,16,23,1.5,37.5,39.5,0.0,-110.0,-110.0,2
2007-08,1028,Cincinnati,Pittsburgh,13,24,3.0,4.0,48.5,48.0,180.0,-210.0,1
2007-08,1028,NYJets,Buffalo,3,13,36.5,38.5,3.0,3.0,-155.0,135.0,0
2007-08,1028,SanDiego,HoustonTexans,35,10,45.0,45.5,11.0,10.0,-560.0,460.0,0
2007-08,1028,TampaBay,Jacksonville,23,24,33.5,32.5,4.5,3.5,-205.0,175.0,0
2007-08,1028,SanFrancisco,NewOrleans,10,31,2.5,2.0,41.0,39.5,115.0,-135.0,1
2007-08,1028,NewEngland,Washington,52,7,50.0,46.5,16.5,15.0,-1500.0,1000.0,0
2007-08,1029,Denver,GreenBay,13,19,41.5,43.5,3.0,3.0,-155.0,135.0,0
2007-08,1104,NYJets,Washington,20,23,3.5,3.5,36.0,36.0,170.0,-200.0,1
2007-08,1104,KansasCity,GreenBay,22,33,39.0,37.5,1.0,2.5,-150.0,130.0,0
2007-08,1104,TampaBay,Arizona,17,10,36.5,39.0,3.5,3.0,-190.0,160.0,0
2007-08,1104,Tennessee,Carolina,20,7,36.0,35.0,4.0,5.5,-250.0,210.0,0
2007-08,1104,Atlanta,SanFrancisco,20,16,37.0,37.0,3.0,3.5,-200.0,170.0,0
2007-08,1104,NewOrleans,Jacksonville,41,24,40.0,39.5,4.0,3.5,-200.0,170.0,0
2007-08,1104,Detroit,Denver,44,7,46.0,47.0,3.0,3.0,-150.0,130.0,0
2007-08,1104,Buffalo,Cincinnati,33,21,43.5,1.5,2.0,44.0,100.0,-120.0,1
2007-08,1104,Minnesota,SanDiego,35,17,7.0,7.0,41.0,42.0,250.0,-300.0,1
2007-08,1104,Cleveland,Seattle,33,30,47.0,46.5,2.5,1.5,-125.0,105.0,0
2007-08,1104,Indianapolis,NewEngland,20,24,4.0,4.5,57.0,56.0,180.0,-210.0,1
2007-08,1104,Oakland,HoustonTexans,17,24,42.0,41.0,3.0,3.0,-160.0,140.0,0
2007-08,1104,Philadelphia,Dallas,17,38,3.0,3.0,46.0,46.0,155.0,-175.0,1
2007-08,1105,Pittsburgh,Baltimore,38,7,37.0,36.0,7.5,9.0,-410.0,340.0,0
2007-08,1111,Tennessee,Jacksonville,13,28,35.0,36.0,5.0,5.0,-215.0,185.0,0
2007-08,1111,KansasCity,Denver,11,27,37.0,37.0,4.0,3.0,-165.0,145.0,0
2007-08,1111,Miami,Buffalo,10,13,3.0,2.5,41.0,41.0,115.0,-135.0,1
2007-08,1111,Pittsburgh,Cleveland,31,28,47.5,46.5,9.5,9.0,-450.0,370.0,0
2007-08,1111,NewOrleans,St.Louis,29,37,44.5,47.0,12.0,10.0,-505.0,405.0,0
2007-08,1111,Carolina,Atlanta,13,20,36.5,35.0,4.5,3.0,-175.0,155.0,0
2007-08,1111,Washington,Philadelphia,25,33,38.0,37.5,3.0,2.5,-150.0,130.0,0
2007-08,1111,GreenBay,Minnesota,34,0,40.5,40.5,6.5,5.5,-230.0,190.0,0
2007-08,1111,Baltimore,Cincinnati,7,21,44.5,44.0,5.5,3.0,-155.0,135.0,0
2007-08,1111,Oakland,Chicago,6,17,3.0,3.5,38.5,38.0,160.0,-190.0,1
2007-08,1111,NYGiants,Dallas,20,31,1.0,2.0,51.0,47.5,115.0,-135.0,1
2007-08,1111,Arizona,Detroit,31,21,1.0,45.0,45.5,2.5,-145.0,125.0,2
2007-08,1111,SanDiego,Indianapolis,23,21,3.0,3.5,49.0,47.0,160.0,-190.0,1
2007-08,1112,Seattle,SanFrancisco,24,0,39.5,37.5,9.5,8.5,-375.0,315.0,0
2007-08,1118,Jacksonville,SanDiego,24,17,40.5,40.5,3.0,3.0,-170.0,150.0,0
2007-08,1118,Indianapolis,KansasCity,13,10,44.5,41.5,14.5,14.5,-1500.0,1000.0,0
2007-08,1118,Minnesota,Oakland,29,22,36.5,35.5,6.5,4.5,-230.0,190.0,0
2007-08,1118,Baltimore,Cleveland,30,33,3.0,1.0,44.5,43.5,100.0,-120.0,1
2007-08,1118,NYJets,Pittsburgh,19,16,8.5,9.0,40.5,40.5,355.0,-425.0,1
2007-08,1118,Atlanta,TampaBay,7,31,3.0,3.0,35.5,35.5,155.0,-175.0,1
2007-08,1118,Cincinnati,Arizona,27,35,48.5,48.5,3.0,3.0,-175.0,155.0,0
2007-08,1118,Philadelphia,Miami,17,7,41.0,40.5,11.0,9.5,-500.0,400.0,0
2007-08,1118,Buffalo,NewEngland,10,56,14.5,15.5,47.5,46.5,750.0,-1100.0,1
2007-08,1118,Dallas,Washington,28,23,46.5,47.0,11.0,10.5,-550.0,450.0,0
2007-08,1118,HoustonTexans,NewOrleans,23,10,3.0,49.5,47.0,2.0,-130.0,110.0,2
2007-08,1118,GreenBay,Carolina,31,17,38.0,37.0,10.0,10.0,-500.0,400.0,0
2007-08,1118,Detroit,NYGiants,10,16,50.5,2.5,2.5,48.0,130.0,-150.0,1
2007-08,1118,SanFrancisco,St.Louis,9,13,3.0,3.5,41.0,39.0,170.0,-200.0,1
2007-08,1118,Seattle,Chicago,30,23,37.5,37.5,4.5,6.0,-265.0,225.0,0
2007-08,1119,Denver,Tennessee,34,20,39.5,38.0,3.0,1.0,-115.0,-105.0,0
2007-08,1122,Detroit,GreenBay,26,37,3.0,3.0,48.5,47.0,155.0,-175.0,1
2007-08,1122,Dallas,NYJets,34,3,47.5,47.5,14.5,15.5,-1600.0,1050.0,0
2007-08,1122,Atlanta,Indianapolis,13,31,12.0,14.0,42.5,42.0,600.0,-800.0,1
2007-08,1125,Chicago,Denver,37,34,41.0,42.5,2.5,1.0,-120.0,100.0,0
2007-08,1125,Cincinnati,Tennessee,35,6,47.0,47.0,0.0,1.0,-120.0,100.0,0
2007-08,1125,Jacksonville,Buffalo,36,14,36.0,37.0,7.5,8.5,-410.0,340.0,0
2007-08,1125,KansasCity,Oakland,17,20,34.5,34.5,6.0,4.0,-240.0,200.0,0
2007-08,1125,Cleveland,HoustonTexans,27,17,52.5,52.0,4.0,3.0,-175.0,155.0,0
2007-08,1125,St.Louis,Seattle,19,24,3.0,3.0,44.0,46.0,150.0,-170.0,1
2007-08,1125,NYGiants,Minnesota,17,41,41.0,40.0,7.5,7.0,-325.0,275.0,0
2007-08,1125,Carolina,NewOrleans,6,31,41.5,3.0,0.0,42.0,155.0,-175.0,1
2007-08,1125,TampaBay,Washington,19,13,36.5,38.0,3.5,3.0,-200.0,170.0,0
2007-08,1125,Arizona,SanFrancisco,31,37,38.0,37.5,10.5,10.0,-550.0,450.0,0
2007-08,1125,SanDiego,Baltimore,32,14,38.5,39.0,9.5,9.5,-475.0,395.0,0
2007-08,1125,NewEngland,Philadelphia,31,28,50.5,51.0,22.0,23.5,-3000.0,1800.0,4
2007-08,1126,Pittsburgh,Miami,3,0,43.5,37.0,16.0,15.0,-800.0,600.0,0
2007-08,1129,Dallas,GreenBay,37,27,51.5,51.5,7.0,7.0,-300.0,250.0,0
2007-08,1202,St.Louis,Atlanta,28,16,42.0,40.0,3.5,3.0,-170.0,150.0,0
2007-08,1202,Washington,Buffalo,16,17,37.5,37.0,6.5,6.5,-300.0,250.0,0
2007-08,1202,Minnesota,Detroit,42,10,45.0,44.5,3.0,5.5,-240.0,200.0,0
2007-08,1202,Tennessee,HoustonTexans,28,20,43.0,39.0,4.0,3.0,-190.0,160.0,0
2007-08,1202,Indianapolis,Jacksonville,28,25,45.0,45.0,7.0,7.0,-305.0,255.0,0
2007-08,1202,Miami,NYJets,13,40,38.0,37.0,1.0,2.0,-135.0,115.0,0
2007-08,1202,KansasCity,SanDiego,10,24,4.5,5.5,37.5,37.5,210.0,-250.0,1
2007-08,1202,Philadelphia,Seattle,24,28,43.0,40.5,3.0,3.0,-170.0,150.0,0
2007-08,1202,Carolina,SanFrancisco,31,14,35.0,35.0,2.5,3.0,-170.0,150.0,0
2007-08,1202,NewOrleans,TampaBay,23,27,42.0,41.0,3.0,6.0,-255.0,215.0,0
2007-08,1202,Arizona,Cleveland,27,21,53.0,52.0,0.0,1.0,-120.0,100.0,0
2007-08,1202,Oakland,Denver,34,20,3.5,3.5,42.0,41.0,170.0,-200.0,1
2007-08,1202,Chicago,NYGiants,16,21,2.5,39.5,43.5,0.0,-110.0,-110.0,2
2007-08,1202,Pittsburgh,Cincinnati,24,10,48.0,39.5,7.5,6.5,-270.0,230.0,0
2007-08,1203,Baltimore,NewEngland,24,27,20.0,19.5,51.5,46.5,955.0,-1505.0,1
2007-08,1206,Washington,Chicago,24,16,38.0,39.5,3.0,3.0,-175.0,155.0,0
2007-08,1209,Jacksonville,Carolina,37,6,37.5,38.5,10.5,11.0,-645.0,520.0,0
2007-08,1209,Detroit,Dallas,27,28,10.0,10.5,53.5,50.0,450.0,-550.0,1
2007-08,1209,Buffalo,Miami,38,17,37.5,34.0,7.0,6.5,-290.0,240.0,0
2007-08,1209,Philadelphia,NYGiants,13,16,42.5,42.0,3.0,3.0,-170.0,150.0,0
2007-08,1209,GreenBay,Oakland,38,7,42.0,40.0,12.5,10.0,-500.0,400.0,0
2007-08,1209,NewEngland,Pittsburgh,34,13,52.0,49.5,12.5,11.0,-525.0,425.0,0
2007-08,1209,Tennessee,SanDiego,17,23,41.0,2.0,0.0,40.0,110.0,-130.0,1
2007-08,1209,Cincinnati,St.Louis,19,10,47.0,45.5,6.0,10.0,-515.0,415.0,0
2007-08,1209,HoustonTexans,TampaBay,28,14,1.5,3.0,40.5,39.5,130.0,-150.0,1
2007-08,1209,Seattle,Arizona,42,21,44.5,44.0,6.5,8.0,-360.0,300.0,0
2007-08,1209,SanFrancisco,Minnesota,7,27,7.0,7.5,39.0,39.0,290.0,-350.0,1
2007-08,1209,NYJets,Cleveland,18,24,3.5,3.0,49.0,47.0,150.0,-170.0,1
2007-08,1209,Denver,KansasCity,41,7,37.5,37.0,6.5,7.5,-350.0,290.0,0
2007-08,1209,Baltimore,Indianapolis,20,44,9.5,9.0,44.0,42.0,330.0,-400.0,1
2007-08,1210,Atlanta,NewOrleans,14,34,4.5,4.0,42.0,44.0,175.0,-205.0,1
2007-08,1213,HoustonTexans,Denver,31,13,46.0,3.0,3.0,47.5,125.0,-145.0,1
2007-08,1215,SanFrancisco,Cincinnati,20,13,8.5,9.5,43.0,42.5,320.0,-400.0,1
2007-08,1216,NewOrleans,Arizona,31,24,46.0,49.5,3.5,4.0,-210.0,180.0,0
2007-08,1216,TampaBay,Atlanta,37,3,39.0,37.5,11.5,13.0,-800.0,600.0,0
2007-08,1216,Miami,Baltimore,22,16,3.0,3.0,37.5,37.0,155.0,-175.0,1
2007-08,1216,Cleveland,Buffalo,8,0,47.0,36.0,5.5,4.0,-215.0,185.0,0
2007-08,1216,St.Louis,GreenBay,14,33,7.5,7.0,44.5,47.0,275.0,-325.0,1
2007-08,1216,Pittsburgh,Jacksonville,22,29,38.0,35.0,5.5,3.0,-165.0,145.0,0
2007-08,1216,NewEngland,NYJets,20,10,51.0,42.0,24.5,20.0,-1400.0,900.0,0
2007-08,1216,Carolina,Seattle,13,10,7.0,7.0,37.5,37.0,275.0,-325.0,1
2007-08,1216,KansasCity,Tennessee,17,26,4.0,3.5,33.5,34.5,170.0,-200.0,1
2007-08,1216,Oakland,Indianapolis,14,21,10.5,9.5,45.0,45.0,370.0,-450.0,1
2007-08,1216,SanDiego,Detroit,51,14,47.0,45.5,9.5,9.5,-530.0,430.0,0
2007-08,1216,Dallas,Philadelphia,6,10,49.0,48.5,9.5,10.0,-500.0,400.0,0
2007-08,1216,NYGiants,Washington,10,22,41.0,36.5,3.5,6.0,-255.0,215.0,0
2007-08,1217,Minnesota,Chicago,20,13,43.0,43.5,7.0,10.5,-475.0,395.0,0
2007-08,1220,St.Louis,Pittsburgh,24,41,9.0,8.0,45.5,43.0,305.0,-365.0,1
2007-08,1222,Carolina,Dallas,13,20,13.0,10.5,44.0,42.5,500.0,-625.0,1
2007-08,1223,Cincinnati,Cleveland,19,14,2.0,2.0,49.0,43.0,110.0,-130.0,1
2007-08,1223,Chicago,GreenBay,35,7,9.0,7.5,541.0,31.5,280.0,-330.0,1
2007-08,1223,Indianapolis,HoustonTexans,38,15,48.0,45.0,9.0,6.5,-290.0,240.0,0
2007-08,1223,Detroit,KansasCity,25,20,43.0,43.5,5.0,6.0,-275.0,235.0,0
2007-08,1223,NewEngland,Miami,28,7,46.5,46.0,23.0,22.5,-2500.0,1500.0,4
2007-08,1223,Buffalo,NYGiants,21,38,36.0,2.0,0.5,31.5,110.0,-130.0,1
2007-08,1223,Jacksonville,Oakland,49,11,39.5,40.5,13.0,14.0,-1000.0,700.0,0
2007-08,1223,NewOrleans,Philadelphia,23,38,46.0,47.5,3.0,3.0,-160.0,140.0,0
2007-08,1223,Minnesota,Washington,21,32,41.0,40.5,6.5,6.0,-250.0,210.0,0
2007-08,1223,Arizona,Atlanta,30,27,43.0,44.0,10.5,11.0,-600.0,475.0,0
2007-08,1223,Seattle,Baltimore,27,6,39.0,38.5,10.5,13.0,-825.0,625.0,0
2007-08,1223,Tennessee,NYJets,10,6,38.0,37.5,9.5,8.0,-350.0,290.0,0
2007-08,1223,SanFrancisco,TampaBay,21,19,7.0,6.5,37.0,36.5,240.0,-290.0,1
2007-08,1224,SanDiego,Denver,23,3,46.0,47.0,7.5,9.0,-400.0,330.0,0
2007-08,1229,NYGiants,NewEngland,35,38,12.0,13.0,45.0,46.5,600.0,-800.0,1
2007-08,1230,Philadelphia,Buffalo,17,9,38.0,38.5,7.0,9.0,-400.0,330.0,0
2007-08,1230,TampaBay,Carolina,23,31,36.0,3.0,6.0,35.5,140.0,-160.0,1
2007-08,1230,Miami,Cincinnati,25,38,2.5,3.0,47.0,45.0,125.0,-145.0,1
2007-08,1230,Washington,Dallas,27,6,39.0,38.5,7.0,9.0,-410.0,340.0,0
2007-08,1230,GreenBay,Detroit,34,13,38.0,38.5,6.0,3.0,-190.0,160.0,0
2007-08,1230,HoustonTexans,Jacksonville,42,28,42.5,42.0,4.0,8.0,-325.0,275.0,0
2007-08,1230,Chicago,NewOrleans,33,25,3.0,42.0,37.5,1.0,-120.0,100.0,2
2007-08,1230,Baltimore,Pittsburgh,27,21,3.0,3.0,35.0,34.5,170.0,-200.0,1
2007-08,1230,Atlanta,Seattle,44,41,3.5,2.0,39.5,38.5,110.0,-130.0,1
2007-08,1230,Cleveland,SanFrancisco,20,7,40.0,41.0,13.5,11.5,-550.0,450.0,0
2007-08,1230,Indianapolis,Tennessee,10,16,43.0,4.5,3.0,41.0,185.0,-215.0,1
2007-08,1230,Denver,Minnesota,22,19,3.0,2.5,42.5,40.5,120.0,-140.0,1
2007-08,1230,Oakland,SanDiego,17,30,8.0,9.0,44.5,41.5,345.0,-415.0,1
2007-08,1230,Arizona,St.Louis,48,19,48.0,49.5,7.0,6.0,-250.0,210.0,0
2007-08,1230,NYJets,KansasCity,13,10,35.0,35.5,6.0,4.5,-215.0,185.0,0
2007-08,105,Seattle,Washington,35,14,40.0,38.5,4.0,3.0,-175.0,155.0,0
2007-08,105,Pittsburgh,Jacksonville,29,31,0.0,2.0,38.5,40.5,130.0,-150.0,1
2007-08,106,TampaBay,NYGiants,14,24,39.5,39.5,3.0,3.0,-165.0,145.0,0
2007-08,106,SanDiego,Tennessee,17,6,41.0,39.5,8.5,10.5,-600.0,475.0,0
2007-08,112,GreenBay,Seattle,42,20,43.0,44.0,7.5,7.5,-320.0,260.0,0
2007-08,112,NewEngland,Jacksonville,31,20,49.5,51.5,13.0,13.5,-750.0,550.0,0
2007-08,113,Indianapolis,SanDiego,24,28,49.0,46.5,8.0,10.5,-550.0,450.0,0
2007-08,113,Dallas,NYGiants,17,21,48.0,47.5,7.0,7.0,-290.0,240.0,0
2007-08,120,NewEngland,SanDiego,21,12,51.0,48.0,15.0,14.0,-800.0,600.0,0
2007-08,120,GreenBay,NYGiants,20,23,43.5,41.0,6.5,7.5,-305.0,255.0,0
2008-09,904,NYGiants,Washington,16,7,40.0,41.5,3.5,4.5,-210.0,175.0,0
2008-09,907,Baltimore,Cincinnati,17,10,41.0,1.5,0.0,38.0,110.0,-130.0,1
2008-09,907,Miami,NYJets,14,20,3.0,3.0,36.0,36.0,130.0,-150.0,1
2008-09,907,NewEngland,KansasCity,17,10,48.0,43.0,16.5,16.0,-1999.0,1000.0,0
2008-09,907,Pittsburgh,HoustonTexans,38,17,43.5,43.0,6.5,6.0,-280.0,240.0,0
2008-09,907,Tennessee,Jacksonville,17,10,3.0,3.0,37.0,36.5,135.0,-155.0,1
2008-09,907,Atlanta,Detroit,34,21,1.0,3.0,41.5,41.0,155.0,-175.0,1
2008-09,907,Buffalo,Seattle,34,10,39.5,38.5,0.0,1.0,-135.0,115.0,0
2008-09,907,NewOrleans,TampaBay,24,20,42.5,42.5,3.0,3.0,-170.0,150.0,0
2008-09,907,Philadelphia,St.Louis,38,3,45.5,44.0,6.5,7.5,-400.0,320.0,0
2008-09,907,Cleveland,Dallas,10,28,3.0,6.0,48.5,48.5,230.0,-270.0,1
2008-09,907,SanDiego,Carolina,24,26,42.5,40.5,9.5,9.0,-500.0,350.0,0
2008-09,907,SanFrancisco,Arizona,13,23,3.0,2.5,42.0,43.0,120.0,-140.0,1
2008-09,907,Indianapolis,Chicago,13,29,44.5,42.5,9.5,10.5,-600.0,400.0,0
2008-09,908,GreenBay,Minnesota,24,19,38.5,37.5,3.0,2.5,-130.0,110.0,0
2008-09,908,Oakland,Denver,14,41,1.0,3.0,41.5,40.0,130.0,-150.0,1
2008-09,914,KansasCity,Oakland,8,23,34.5,36.0,4.0,3.5,-175.0,155.0,0
2008-09,914,Cincinnati,Tennessee,7,24,39.5,37.0,0.0,0.0,100.0,-120.0,0
2008-09,914,Minnesota,Indianapolis,15,18,1.0,1.0,43.5,43.5,-110.0,-110.0,1
2008-09,914,Washington,NewOrleans,29,24,43.0,43.5,0.0,1.0,-115.0,-105.0,0
2008-09,914,Detroit,GreenBay,25,48,3.0,3.0,44.5,47.0,140.0,-160.0,1
2008-09,914,Carolina,Chicago,20,17,37.5,37.5,3.0,3.0,-175.0,155.0,0
2008-09,914,St.Louis,NYGiants,13,41,9.0,8.0,41.5,43.5,320.0,-400.0,1
2008-09,914,Jacksonville,Buffalo,16,20,37.0,37.0,6.0,4.0,-200.0,170.0,0
2008-09,914,TampaBay,Atlanta,24,9,38.5,37.5,9.0,7.0,-320.0,260.0,0
2008-09,914,Seattle,SanFrancisco,30,33,40.0,38.0,10.0,6.5,-260.0,220.0,0
2008-09,914,Arizona,Miami,31,10,39.5,40.5,8.0,6.5,-270.0,230.0,0
2008-09,914,NYJets,NewEngland,10,19,36.5,1.0,1.0,37.5,100.0,-120.0,1
2008-09,914,Denver,SanDiego,39,38,1.0,46.5,44.5,1.0,-125.0,105.0,2
2008-09,914,Cleveland,Pittsburgh,6,10,6.0,6.5,45.0,43.0,230.0,-270.0,1
2008-09,915,Dallas,Philadelphia,41,37,47.0,46.5,9.0,6.5,-265.0,225.0,0
2008-09,921,Atlanta,KansasCity,38,14,36.0,37.0,4.0,6.0,-275.0,235.0,0
2008-09,921,Buffalo,Oakland,24,23,37.5,37.0,10.0,10.0,-525.0,400.0,0
2008-09,921,Tennessee,HoustonTexans,31,12,37.5,40.0,5.0,4.5,-225.0,185.0,0
2008-09,921,NYGiants,Cincinnati,26,23,41.5,42.0,14.0,13.0,-750.0,550.0,0
2008-09,921,Washington,Arizona,24,17,41.5,43.5,3.0,3.0,-175.0,155.0,0
2008-09,921,NewEngland,Miami,13,38,34.5,37.0,14.0,12.5,-750.0,550.0,0
2008-09,921,Chicago,TampaBay,24,27,35.5,35.0,3.0,3.0,-170.0,150.0,0
2008-09,921,Minnesota,Carolina,20,10,36.5,37.5,3.0,3.0,-175.0,155.0,0
2008-09,921,Seattle,St.Louis,37,13,44.0,44.0,11.0,8.0,-370.0,300.0,0
2008-09,921,SanFrancisco,Detroit,31,13,44.5,47.0,3.5,5.0,-225.0,185.0,0
2008-09,921,Denver,NewOrleans,34,32,51.0,51.5,4.0,5.5,-240.0,200.0,0
2008-09,921,Philadelphia,Pittsburgh,15,6,45.5,44.5,3.0,3.5,-195.0,165.0,0
2008-09,921,Indianapolis,Jacksonville,21,23,42.0,41.5,6.0,4.0,-210.0,175.0,0
2008-09,921,Baltimore,Cleveland,28,10,39.0,37.0,1.5,2.5,-145.0,125.0,0
2008-09,921,GreenBay,Dallas,16,27,3.0,3.0,52.0,50.0,145.0,-165.0,1
2008-09,922,SanDiego,NYJets,48,29,42.5,46.5,9.0,8.0,-360.0,300.0,0
2008-09,928,KansasCity,Denver,33,19,11.0,9.0,46.5,47.0,340.0,-440.0,1
2008-09,928,Cincinnati,Cleveland,12,20,42.5,42.0,3.5,1.0,-110.0,-110.0,0
2008-09,928,Jacksonville,HoustonTexans,30,27,40.0,43.0,9.0,6.5,-300.0,250.0,0
2008-09,928,NYJets,Arizona,56,35,45.5,43.5,1.0,1.0,-125.0,105.0,0
2008-09,928,NewOrleans,SanFrancisco,31,17,50.0,48.5,7.0,4.0,-195.0,165.0,0
2008-09,928,Carolina,Atlanta,24,9,39.0,39.0,9.0,7.0,-305.0,255.0,0
2008-09,928,Tennessee,Minnesota,30,17,37.0,35.0,3.0,3.0,-163.0,143.0,0
2008-09,928,TampaBay,GreenBay,30,21,42.0,43.0,2.5,2.0,-135.0,115.0,0
2008-09,928,St.Louis,Buffalo,14,31,11.0,9.0,42.0,43.5,305.0,-375.0,1
2008-09,928,Oakland,SanDiego,18,28,7.5,8.0,46.0,45.5,320.0,-400.0,1
2008-09,928,Dallas,Washington,24,26,47.0,47.0,13.0,10.0,-490.0,390.0,0
2008-09,928,Chicago,Philadelphia,24,20,2.5,3.0,41.0,39.5,150.0,-170.0,1
2008-09,929,Pittsburgh,Baltimore,23,20,34.0,34.5,7.0,6.0,-250.0,210.0,0
2008-09,1005,HoustonTexans,Indianapolis,27,31,3.0,4.5,47.0,48.5,175.0,-210.0,1
2008-09,1005,Baltimore,Tennessee,10,13,3.0,1.0,35.0,33.5,100.0,-120.0,1
2008-09,1005,Miami,SanDiego,17,10,7.5,6.0,45.5,44.5,210.0,-250.0,1
2008-09,1005,Carolina,KansasCity,34,0,37.0,38.0,10.0,10.0,-500.0,350.0,0
2008-09,1005,Philadelphia,Washington,17,23,43.0,42.0,7.0,6.5,-280.0,240.0,0
2008-09,1005,Detroit,Chicago,7,34,3.0,3.0,44.5,45.5,155.0,-175.0,1
2008-09,1005,GreenBay,Atlanta,24,27,40.5,42.5,3.5,5.0,-240.0,200.0,0
2008-09,1005,NYGiants,Seattle,44,6,44.0,43.5,9.0,6.5,-280.0,240.0,0
2008-09,1005,Denver,TampaBay,16,13,48.5,47.0,3.0,4.0,-210.0,175.0,0
2008-09,1005,SanFrancisco,NewEngland,21,30,3.0,3.0,42.0,41.0,150.0,-170.0,1
2008-09,1005,Arizona,Buffalo,41,17,44.5,44.5,1.0,2.5,-140.0,120.0,0
2008-09,1005,Dallas,Cincinnati,31,22,45.5,46.0,18.0,16.0,-1100.0,700.0,0
2008-09,1005,Jacksonville,Pittsburgh,21,26,36.5,38.0,4.0,5.5,-240.0,200.0,0
2008-09,1006,NewOrleans,Minnesota,27,30,47.0,47.0,3.0,3.0,-155.0,135.0,0
2008-09,1012,NewOrleans,Oakland,34,3,47.5,47.0,9.0,7.0,-300.0,250.0,0
2008-09,1012,Indianapolis,Baltimore,31,3,39.0,39.0,7.0,4.0,-210.0,175.0,0
2008-09,1012,NYJets,Cincinnati,26,14,46.0,44.0,7.0,10.0,-440.0,340.0,0
2008-09,1012,TampaBay,Carolina,27,3,37.0,37.0,1.0,2.0,-140.0,120.0,0
2008-09,1012,Minnesota,Detroit,12,10,47.0,44.0,14.0,13.0,-600.0,450.0,0
2008-09,1012,Atlanta,Chicago,22,20,1.0,3.0,43.0,43.5,120.0,-140.0,1
2008-09,1012,HoustonTexans,Miami,29,28,46.0,45.0,3.0,3.0,-160.0,140.0,0
2008-09,1012,Washington,St.Louis,17,19,44.0,44.0,15.0,12.0,-525.0,400.0,0
2008-09,1012,Denver,Jacksonville,17,24,48.0,48.5,3.0,3.0,-165.0,145.0,0
2008-09,1012,SanFrancisco,Philadelphia,26,40,4.5,5.0,44.0,41.5,190.0,-230.0,1
2008-09,1012,Arizona,Dallas,30,24,7.0,5.0,48.5,53.5,185.0,-225.0,1
2008-09,1012,Seattle,GreenBay,17,27,47.0,44.5,2.0,0.0,-115.0,-105.0,0
2008-09,1012,SanDiego,NewEngland,30,10,45.5,45.0,5.5,6.0,-260.0,220.0,0
2008-09,1013,Cleveland,NYGiants,35,14,8.0,8.0,43.0,43.5,280.0,-360.0,1
2008-09,1019,KansasCity,Tennessee,10,34,8.0,9.0,35.5,35.0,290.0,-350.0,1
2008-09,1019,Buffalo,SanDiego,23,14,1.0,44.5,46.5,0.0,-110.0,-110.0,2
2008-09,1019,Cincinnati,Pittsburgh,10,38,11.0,8.5,37.0,36.5,300.0,-360.0,1
2008-09,1019,Miami,Baltimore,13,27,34.5,35.5,3.0,3.0,-155.0,135.0,0
2008-09,1019,St.Louis,Dallas,34,14,12.0,8.5,48.0,45.0,300.0,-360.0,1
2008-09,1019,Chicago,Minnesota,48,41,39.5,38.0,3.0,3.0,-175.0,155.0,0
2008-09,1019,Carolina,NewOrleans,30,7,44.0,44.5,3.0,3.0,-145.0,125.0,0
2008-09,1019,NYGiants,SanFrancisco,29,17,45.5,47.0,13.0,10.5,-500.0,350.0,0
2008-09,1019,HoustonTexans,Detroit,28,21,47.0,47.5,10.0,11.0,-500.0,350.0,0
2008-09,1019,Oakland,NYJets,16,13,3.0,3.0,43.0,41.0,150.0,-170.0,1
2008-09,1019,Washington,Cleveland,14,11,43.0,41.5,7.5,7.0,-300.0,250.0,0
2008-09,1019,GreenBay,Indianapolis,34,14,47.0,2.5,0.0,46.5,120.0,-140.0,1
2008-09,1019,TampaBay,Seattle,20,10,39.0,40.0,12.0,11.5,-500.0,350.0,0
2008-09,1020,NewEngland,Denver,41,7,46.0,48.0,3.5,3.0,-135.0,115.0,0
2008-09,1026,Baltimore,Oakland,29,10,35.0,36.0,8.0,7.0,-380.0,310.0,0
2008-09,1026,NYJets,KansasCity,28,24,38.5,39.0,13.0,13.0,-750.0,525.0,0
2008-09,1026,Miami,Buffalo,25,16,1.0,1.5,40.5,42.0,-115.0,-105.0,1
2008-09,1026,Dallas,TampaBay,13,9,40.5,40.5,0.0,1.5,-125.0,105.0,0
2008-09,1026,Philadelphia,Atlanta,27,14,46.0,45.5,8.5,9.0,-400.0,320.0,0
2008-09,1026,NewEngland,St.Louis,23,16,43.5,43.5,7.0,7.0,-380.0,310.0,0
2008-09,1026,Carolina,Arizona,27,23,43.5,43.5,4.5,4.5,-240.0,200.0,0
2008-09,1026,Detroit,Washington,17,25,9.0,8.0,45.5,42.5,250.0,-300.0,1
2008-09,1026,Jacksonville,Cleveland,17,23,41.0,42.0,7.5,7.0,-325.0,265.0,0
2008-09,1026,Pittsburgh,NYGiants,14,21,43.0,41.0,2.0,3.0,-145.0,125.0,0
2008-09,1026,SanFrancisco,Seattle,13,34,42.5,41.5,4.5,5.5,-240.0,200.0,0
2008-09,1026,HoustonTexans,Cincinnati,35,6,44.5,44.0,11.0,9.5,-375.0,315.0,0
2008-09,1027,Tennessee,Indianapolis,31,21,42.0,41.5,3.5,4.0,-180.0,160.0,0
2008-09,1102,Minnesota,HoustonTexans,28,21,47.0,46.5,4.5,6.0,-250.0,210.0,0
2008-09,1102,Cincinnati,Jacksonville,21,19,8.0,7.0,40.5,40.0,260.0,-320.0,1
2008-09,1102,KansasCity,TampaBay,27,30,9.0,9.5,36.5,36.5,325.0,-450.0,1
2008-09,1102,Cleveland,Baltimore,27,37,36.0,36.5,0.0,3.0,-155.0,135.0,0
2008-09,1102,Buffalo,NYJets,17,26,41.0,43.0,5.5,5.0,-230.0,190.0,0
2008-09,1102,St.Louis,Arizona,13,34,2.5,3.0,49.5,50.0,150.0,-170.0,1
2008-09,1102,Chicago,Detroit,27,23,43.5,43.5,12.5,13.0,-600.0,400.0,0
2008-09,1102,Tennessee,GreenBay,19,16,42.5,41.0,5.5,3.0,-185.0,165.0,0
2008-09,1102,Denver,Miami,17,26,47.0,50.5,3.0,4.5,-220.0,180.0,0
2008-09,1102,Oakland,Atlanta,0,24,2.5,3.0,40.0,41.5,125.0,-145.0,1
2008-09,1102,NYGiants,Dallas,35,14,41.0,42.5,7.5,8.5,-380.0,310.0,0
2008-09,1102,Seattle,Philadelphia,7,26,7.5,7.0,43.5,43.5,250.0,-300.0,1
2008-09,1102,Indianapolis,NewEngland,18,15,45.0,44.5,5.5,7.0,-300.0,250.0,0
2008-09,1103,Washington,Pittsburgh,6,23,37.0,37.5,3.0,2.5,-140.0,120.0,0
2008-09,1106,Cleveland,Denver,30,34,48.0,47.0,3.0,3.0,-165.0,145.0,0
2008-09,1109,Detroit,Jacksonville,14,38,7.0,6.0,45.5,43.0,220.0,-260.0,1
2008-09,1109,Chicago,Tennessee,14,21,3.0,3.0,39.5,37.0,120.0,-140.0,1
2008-09,1109,NewEngland,Buffalo,20,10,41.0,41.0,4.0,3.5,-190.0,160.0,0
2008-09,1109,Atlanta,NewOrleans,34,20,49.0,51.0,0.0,1.5,-125.0,105.0,0
2008-09,1109,NYJets,St.Louis,47,3,45.0,43.0,9.0,9.5,-400.0,320.0,0
2008-09,1109,Miami,Seattle,21,19,43.5,42.0,10.5,7.5,-330.0,270.0,0
2008-09,1109,Minnesota,GreenBay,28,27,45.5,44.5,1.0,2.5,-135.0,115.0,0
2008-09,1109,Oakland,Carolina,6,17,9.0,10.0,38.0,37.5,325.0,-450.0,1
2008-09,1109,SanDiego,KansasCity,20,19,46.5,47.5,14.0,15.0,-900.0,600.0,0
2008-09,1109,Pittsburgh,Indianapolis,20,24,39.0,39.0,3.5,3.0,-175.0,155.0,0
2008-09,1109,Philadelphia,NYGiants,31,36,43.5,43.0,2.5,3.0,-150.0,130.0,0
2008-09,1109,HoustonTexans,Baltimore,13,41,41.0,44.0,1.0,2.5,-135.0,115.0,0
2008-09,1110,Arizona,SanFrancisco,29,24,46.5,47.5,11.0,9.5,-450.0,325.0,0
2008-09,1113,NewEngland,NYJets,31,34,40.0,41.0,3.0,3.0,-147.0,127.0,0
2008-09,1116,Atlanta,Denver,20,24,51.0,51.0,5.5,7.0,-280.0,240.0,0
2008-09,1116,Miami,Oakland,17,15,39.5,37.5,12.0,10.0,-500.0,350.0,0
2008-09,1116,NYGiants,Baltimore,30,10,42.0,40.0,7.0,6.5,-280.0,240.0,0
2008-09,1116,Indianapolis,HoustonTexans,33,27,49.0,50.5,10.0,7.5,-320.0,260.0,0
2008-09,1116,Jacksonville,Tennessee,14,24,3.0,2.5,40.0,39.5,115.0,-135.0,1
2008-09,1116,GreenBay,Chicago,37,3,43.0,43.5,3.5,3.5,-185.0,165.0,0
2008-09,1116,Cincinnati,Philadelphia,13,13,10.0,9.0,43.0,41.0,325.0,-450.0,1
2008-09,1116,KansasCity,NewOrleans,20,30,4.5,6.0,47.5,51.0,220.0,-260.0,1
2008-09,1116,Carolina,Detroit,31,22,40.0,40.5,15.0,14.0,-900.0,650.0,0
2008-09,1116,TampaBay,Minnesota,19,13,39.5,39.0,4.0,5.0,-230.0,190.0,0
2008-09,1116,SanFrancisco,St.Louis,35,16,44.5,43.5,7.0,7.0,-280.0,240.0,0
2008-09,1116,Seattle,Arizona,20,26,2.5,3.0,48.5,48.0,130.0,-150.0,1
2008-09,1116,Pittsburgh,SanDiego,11,10,43.0,40.5,3.5,4.5,-210.0,175.0,0
2008-09,1116,Washington,Dallas,10,14,0.0,1.5,44.0,43.0,110.0,-130.0,1
2008-09,1117,Buffalo,Cleveland,27,29,43.0,41.0,4.5,5.0,-220.0,180.0,0
2008-09,1120,Pittsburgh,Cincinnati,27,10,36.0,34.5,10.5,12.0,-900.0,650.0,0
2008-09,1123,Cleveland,HoustonTexans,6,16,48.5,50.0,3.0,3.0,-150.0,130.0,0
2008-09,1123,KansasCity,Buffalo,31,54,3.0,3.0,43.5,42.5,130.0,-150.0,1
2008-09,1123,Tennessee,NYJets,13,34,40.0,40.5,5.0,6.0,-240.0,200.0,0
2008-09,1123,Miami,NewEngland,28,48,42.0,1.5,2.0,42.5,110.0,-130.0,1
2008-09,1123,Dallas,SanFrancisco,35,22,47.5,46.0,12.0,9.5,-455.0,355.0,0
2008-09,1123,Detroit,TampaBay,20,38,10.0,8.0,41.0,41.5,300.0,-370.0,1
2008-09,1123,Baltimore,Philadelphia,36,7,39.0,39.5,0.0,2.0,-125.0,105.0,0
2008-09,1123,St.Louis,Chicago,3,27,9.0,7.5,43.5,44.5,250.0,-300.0,1
2008-09,1123,Jacksonville,Minnesota,12,30,40.0,41.0,0.0,2.5,-135.0,115.0,0
2008-09,1123,Atlanta,Carolina,45,28,41.5,1.0,0.0,41.0,-110.0,-110.0,1
2008-09,1123,Denver,Oakland,10,31,43.5,44.0,11.0,9.0,-400.0,320.0,0
2008-09,1123,Seattle,Washington,17,20,3.5,3.0,41.5,40.0,130.0,-150.0,1
2008-09,1123,Arizona,NYGiants,29,37,3.0,3.0,48.5,49.0,130.0,-150.0,1
2008-09,1123,SanDiego,Indianapolis,20,23,50.5,49.0,2.5,3.0,-142.0,122.0,0
2008-09,1124,NewOrleans,GreenBay,51,29,53.0,52.0,2.5,0.0,-110.0,-110.0,0
2008-09,1127,Detroit,Tennessee,10,47,11.0,11.0,43.5,44.0,430.0,-560.0,1
2008-09,1127,Dallas,Seattle,34,9,47.5,46.5,13.0,12.0,-750.0,550.0,0
2008-09,1127,Philadelphia,Arizona,48,20,47.0,49.0,3.0,3.0,-165.0,145.0,0
2008-09,1130,NYJets,Denver,17,34,47.5,48.5,7.5,8.0,-340.0,280.0,0
2008-09,1130,Buffalo,SanFrancisco,3,10,47.5,41.5,7.0,6.5,-280.0,240.0,0
2008-09,1130,TampaBay,NewOrleans,23,20,48.0,44.5,3.5,4.5,-185.0,165.0,0
2008-09,1130,GreenBay,Carolina,31,35,43.0,41.5,3.0,3.0,-150.0,130.0,0
2008-09,1130,Washington,NYGiants,7,23,3.0,4.0,42.0,40.5,170.0,-200.0,1
2008-09,1130,St.Louis,Miami,12,16,10.0,7.0,45.0,44.0,250.0,-300.0,1
2008-09,1130,Cincinnati,Baltimore,3,34,7.0,7.0,36.5,36.0,250.0,-300.0,1
2008-09,1130,Cleveland,Indianapolis,6,10,4.5,5.0,46.0,44.0,185.0,-225.0,1
2008-09,1130,SanDiego,Atlanta,16,22,49.0,48.0,5.5,6.0,-280.0,240.0,0
2008-09,1130,NewEngland,Pittsburgh,10,33,40.0,40.0,0.0,2.5,-130.0,110.0,0
2008-09,1130,Oakland,KansasCity,13,20,41.0,41.0,3.0,3.0,-175.0,155.0,0
2008-09,1130,Minnesota,Chicago,34,14,43.0,42.5,3.5,5.0,-210.0,175.0,0
2008-09,1201,HoustonTexans,Jacksonville,30,17,48.0,48.5,3.5,3.0,-170.0,150.0,0
2008-09,1204,SanDiego,Oakland,34,7,43.0,41.0,11.0,9.0,-450.0,360.0,0
2008-09,1207,Indianapolis,Cincinnati,35,3,42.5,41.5,15.0,13.5,-700.0,500.0,0
2008-09,1207,Chicago,Jacksonville,23,10,40.5,40.0,8.0,6.5,-300.0,250.0,0
2008-09,1207,GreenBay,HoustonTexans,21,24,48.0,47.5,6.0,7.0,-300.0,250.0,0
2008-09,1207,Tennessee,Cleveland,28,9,37.0,36.5,15.0,13.5,-800.0,600.0,0
2008-09,1207,Detroit,Minnesota,16,20,11.0,11.0,47.0,44.5,400.0,-600.0,1
2008-09,1207,Baltimore,Washington,24,10,35.5,34.5,5.0,6.0,-270.0,230.0,0
2008-09,1207,NYGiants,Philadelphia,14,20,44.5,40.5,9.0,6.5,-280.0,240.0,0
2008-09,1207,NewOrleans,Atlanta,29,25,53.0,51.5,3.5,3.0,-160.0,140.0,0
2008-09,1207,SanFrancisco,NYJets,24,14,4.0,5.0,44.5,45.0,180.0,-220.0,1
2008-09,1207,Buffalo,Miami,3,16,43.0,43.0,0.0,2.0,-130.0,110.0,0
2008-09,1207,Denver,KansasCity,24,17,47.5,49.0,10.0,9.0,-400.0,320.0,0
2008-09,1207,Arizona,St.Louis,34,10,49.0,48.5,14.0,14.5,-800.0,600.0,0
2008-09,1207,Pittsburgh,Dallas,20,13,41.5,38.0,3.0,4.0,-200.0,170.0,0
2008-09,1207,Seattle,NewEngland,21,24,5.0,7.5,43.0,43.0,250.0,-300.0,1
2008-09,1208,Carolina,TampaBay,38,23,38.0,40.0,3.0,3.0,-175.0,155.0,0
2008-09,1211,Chicago,NewOrleans,27,24,46.0,46.0,3.0,3.0,-145.0,125.0,0
2008-09,1214,Jacksonville,GreenBay,20,16,1.0,3.0,45.5,45.5,125.0,-145.0,1
2008-09,1214,Indianapolis,Detroit,31,21,45.5,45.0,17.0,17.0,-1600.0,1000.0,0
2008-09,1214,Cincinnati,Washington,20,13,6.5,6.5,35.5,36.5,250.0,-300.0,1
2008-09,1214,Atlanta,TampaBay,13,10,44.5,43.5,2.5,5.5,-240.0,200.0,0
2008-09,1214,Miami,SanFrancisco,14,9,43.0,41.0,7.0,5.5,-240.0,200.0,0
2008-09,1214,St.Louis,Seattle,20,23,2.5,1.5,43.0,43.0,105.0,-125.0,1
2008-09,1214,NYJets,Buffalo,31,27,42.0,41.0,7.5,8.0,-360.0,300.0,0
2008-09,1214,HoustonTexans,Tennessee,13,12,3.0,3.0,45.0,45.0,140.0,-160.0,1
2008-09,1214,Baltimore,Pittsburgh,9,13,33.0,34.0,1.0,3.0,-160.0,140.0,0
2008-09,1214,Carolina,Denver,30,10,47.0,48.0,9.0,7.5,-360.0,300.0,0
2008-09,1214,KansasCity,SanDiego,21,22,4.5,6.0,47.0,41.0,230.0,-270.0,1
2008-09,1214,Arizona,Minnesota,14,35,47.0,46.5,3.0,4.5,-210.0,175.0,0
2008-09,1214,Oakland,NewEngland,26,49,7.5,7.0,40.0,38.5,250.0,-300.0,1
2008-09,1214,Dallas,NYGiants,20,8,44.0,47.0,2.5,3.0,-150.0,130.0,0
2008-09,1215,Philadelphia,Cleveland,30,10,38.0,40.0,14.0,16.0,-800.0,600.0,0
2008-09,1218,Jacksonville,Indianapolis,24,31,7.5,5.0,45.0,43.5,200.0,-240.0,1
2008-09,1220,Dallas,Baltimore,24,33,39.0,39.0,5.0,5.5,-240.0,200.0,0
2008-09,1221,Tennessee,Pittsburgh,31,14,34.5,3.0,1.0,34.0,130.0,-150.0,1
2008-09,1221,KansasCity,Miami,31,38,4.0,3.0,41.0,37.0,160.0,-190.0,1
2008-09,1221,NewEngland,Arizona,47,7,45.0,41.0,9.0,8.0,-350.0,290.0,0
2008-09,1221,Cleveland,Cincinnati,0,14,35.0,31.0,3.0,2.0,-135.0,115.0,0
2008-09,1221,Washington,Philadelphia,10,3,5.0,5.5,39.5,37.5,190.0,-230.0,1
2008-09,1221,St.Louis,SanFrancisco,16,17,4.5,3.5,44.5,42.0,170.0,-200.0,1
2008-09,1221,Minnesota,Atlanta,17,24,46.0,43.5,3.0,3.0,-175.0,155.0,0
2008-09,1221,Detroit,NewOrleans,7,42,7.5,7.0,50.0,50.5,250.0,-300.0,1
2008-09,1221,NYGiants,Carolina,34,28,40.0,38.0,3.0,4.0,-210.0,175.0,0
2008-09,1221,Seattle,NYJets,13,3,4.5,4.0,44.0,41.0,160.0,-190.0,1
2008-09,1221,Oakland,HoustonTexans,27,16,7.5,7.0,44.0,43.5,260.0,-320.0,1
2008-09,1221,Denver,Buffalo,23,30,44.0,46.0,7.0,6.5,-270.0,230.0,0
2008-09,1221,TampaBay,SanDiego,24,41,42.5,42.5,3.0,4.5,-220.0,180.0,0
2008-09,1222,Chicago,GreenBay,20,17,42.0,41.0,4.5,4.0,-215.0,175.0,0
2008-09,1228,TampaBay,Oakland,24,31,38.5,39.5,14.0,11.0,-600.0,400.0,0
2008-09,1228,GreenBay,Detroit,31,21,43.0,41.5,10.0,11.0,-600.0,400.0,0
2008-09,1228,Philadelphia,Dallas,44,6,43.0,41.0,0.0,2.0,-130.0,110.0,0
2008-09,1228,Minnesota,NYGiants,20,19,42.0,41.0,7.0,7.0,-300.0,250.0,0
2008-09,1228,HoustonTexans,Chicago,31,24,47.0,46.5,0.0,3.0,-155.0,135.0,0
2008-09,1228,NewOrleans,Carolina,31,33,3.0,1.5,53.0,51.5,110.0,-130.0,1
2008-09,1228,Atlanta,St.Louis,31,27,44.0,44.0,15.0,14.0,-1100.0,750.0,0
2008-09,1228,Cincinnati,KansasCity,16,6,37.5,40.0,2.5,1.5,-120.0,100.0,0
2008-09,1228,Baltimore,Jacksonville,27,7,35.5,37.5,11.5,10.5,-600.0,400.0,0
2008-09,1228,Indianapolis,Tennessee,23,0,3.0,3.0,38.0,39.5,125.0,-145.0,1
2008-09,1228,Pittsburgh,Cleveland,31,0,32.0,33.5,11.5,11.0,-600.0,400.0,0
2008-09,1228,NYJets,Miami,17,24,41.0,43.0,2.5,2.5,-140.0,120.0,0
2008-09,1228,Buffalo,NewEngland,0,13,7.0,5.5,42.0,35.0,200.0,-240.0,1
2008-09,1228,Arizona,Seattle,34,21,45.0,47.0,3.5,7.0,-300.0,250.0,0
2008-09,1228,SanFrancisco,Washington,27,24,37.0,37.0,3.0,3.0,-145.0,125.0,0
2008-09,1228,SanDiego,Denver,52,21,50.0,50.5,9.0,7.0,-320.0,260.0,0
2008-09,103,Arizona,Atlanta,30,24,2.5,52.0,51.0,2.0,-130.0,110.0,2
2008-09,103,SanDiego,Indianapolis,23,17,0.0,2.5,49.5,50.0,105.0,-125.0,1
2008-09,104,Miami,Baltimore,9,27,2.0,3.5,36.5,38.0,160.0,-190.0,1
2008-09,104,Minnesota,Philadelphia,14,26,2.0,3.5,43.0,41.0,150.0,-170.0,1
2008-09,110,Tennessee,Baltimore,10,13,34.0,33.5,2.0,3.0,-155.0,135.0,0
2008-09,110,Carolina,Arizona,13,33,46.0,50.0,10.5,10.0,-525.0,400.0,0
2008-09,111,NYGiants,Philadelphia,11,23,40.0,39.0,5.0,4.0,-190.0,165.0,0
2008-09,111,Pittsburgh,SanDiego,35,24,39.5,38.5,7.0,6.5,-280.0,240.0,0
2008-09,118,Arizona,Philadelphia,32,25,3.0,3.0,49.5,47.0,155.0,-175.0,1
2008-09,118,Pittsburgh,Baltimore,23,14,33.5,35.0,5.0,6.0,-250.0,210.0,0
2009-10,910,Pittsburgh,Tennessee,13,10,35.0,36.0,5.5,6.0,-275.0,235.0,0
2009-10,913,Atlanta,Miami,19,7,43.0,44.5,4.0,4.0,-220.0,180.0,0
2009-10,913,Baltimore,KansasCity,38,24,37.5,36.5,8.5,13.0,-730.0,530.0,0
2009-10,913,Carolina,Philadelphia,10,38,44.5,2.5,1.0,43.5,115.0,-135.0,1
2009-10,913,Cincinnati,Denver,7,12,44.5,41.0,1.0,5.0,-240.0,200.0,0
2009-10,913,Cleveland,Minnesota,20,34,2.5,4.5,39.5,40.0,195.0,-235.0,1
2009-10,913,Houston,NYJets,7,24,43.0,45.0,4.0,4.5,-230.0,190.0,0
2009-10,913,Indianapolis,Jacksonville,14,12,45.0,45.0,7.5,6.0,-265.0,225.0,0
2009-10,913,NewOrleans,Detroit,45,27,48.5,50.0,12.0,14.0,-1000.0,700.0,0
2009-10,913,TampaBay,Dallas,21,34,3.0,5.0,42.0,40.0,210.0,-250.0,1
2009-10,913,Arizona,SanFrancisco,16,20,47.0,45.0,6.5,4.5,-230.0,190.0,0
2009-10,913,NYGiants,Washington,23,17,39.5,37.0,6.0,6.0,-265.0,225.0,0
2009-10,913,Seattle,St.Louis,28,0,43.0,41.0,7.0,7.0,-345.0,285.0,0
2009-10,913,GreenBay,Chicago,21,15,44.0,47.0,3.0,5.0,-240.0,200.0,0
2009-10,914,NewEngland,Buffalo,25,24,46.5,47.5,10.0,13.5,-875.0,635.0,0
2009-10,914,Oakland,SanDiego,20,24,6.5,10.0,44.0,43.0,425.0,-550.0,1
2009-10,920,KansasCity,Oakland,10,13,41.0,40.0,3.0,1.5,-125.0,105.0,0
2009-10,920,Tennessee,Houston,31,34,41.0,41.0,7.0,7.0,-320.0,260.0,0
2009-10,920,NYJets,NewEngland,16,9,4.5,3.5,47.5,45.0,150.0,-170.0,1
2009-10,920,GreenBay,Cincinnati,24,31,44.0,42.0,9.0,7.5,-400.0,320.0,0
2009-10,920,Detroit,Minnesota,13,27,9.5,10.0,47.5,45.0,370.0,-470.0,1
2009-10,920,Philadelphia,NewOrleans,22,48,47.0,2.5,1.0,46.0,130.0,-150.0,1
2009-10,920,Atlanta,Carolina,28,20,44.0,43.5,6.5,5.5,-240.0,200.0,0
2009-10,920,Washington,St.Louis,9,7,38.0,37.0,9.5,10.0,-525.0,400.0,0
2009-10,920,Jacksonville,Arizona,17,31,43.5,44.0,4.5,3.0,-165.0,145.0,0
2009-10,920,SanFrancisco,Seattle,23,10,40.5,39.0,1.0,1.0,-120.0,100.0,0
2009-10,920,Buffalo,TampaBay,33,20,42.0,42.0,4.0,4.0,-200.0,170.0,0
2009-10,920,Denver,Cleveland,27,6,40.0,38.5,3.0,3.0,-190.0,160.0,0
2009-10,920,SanDiego,Baltimore,26,31,42.5,41.0,3.5,1.0,-115.0,-105.0,0
2009-10,920,Chicago,Pittsburgh,17,14,3.0,3.0,38.0,38.5,125.0,-145.0,1
2009-10,920,Dallas,NYGiants,31,33,44.0,45.5,2.5,3.0,-160.0,140.0,0
2009-10,921,Miami,Indianapolis,23,27,3.5,3.0,43.0,41.5,140.0,-160.0,1
2009-10,927,NYJets,Tennessee,24,17,38.0,36.0,2.0,1.0,-130.0,110.0,0
2009-10,927,Houston,Jacksonville,24,31,46.0,47.0,4.5,4.0,-220.0,180.0,0
2009-10,927,Philadelphia,KansasCity,34,14,40.5,39.0,8.5,7.0,-320.0,260.0,0
2009-10,927,Baltimore,Cleveland,34,3,40.0,38.0,14.0,13.5,-800.0,600.0,0
2009-10,927,TampaBay,NYGiants,0,24,6.5,6.0,42.5,45.5,230.0,-270.0,1
2009-10,927,Detroit,Washington,19,14,6.5,6.5,38.5,39.5,220.0,-260.0,1
2009-10,927,St.Louis,GreenBay,17,36,8.5,6.5,42.0,42.5,235.0,-275.0,1
2009-10,927,Minnesota,SanFrancisco,27,24,42.0,39.0,6.5,7.0,-270.0,230.0,0
2009-10,927,NewEngland,Atlanta,26,10,46.5,45.5,5.0,4.5,-220.0,180.0,0
2009-10,927,Seattle,Chicago,19,25,1.0,2.5,37.0,37.5,125.0,-145.0,1
2009-10,927,Buffalo,NewOrleans,7,27,6.0,5.5,53.0,51.0,200.0,-240.0,1
2009-10,927,SanDiego,Miami,23,13,44.0,45.0,7.5,5.5,-240.0,200.0,0
2009-10,927,Cincinnati,Pittsburgh,23,20,6.0,3.0,36.5,36.5,160.0,-180.0,1
2009-10,927,Oakland,Denver,3,23,37.0,2.5,2.5,38.5,115.0,-135.0,1
2009-10,927,Arizona,Indianapolis,10,31,47.0,49.0,0.0,3.0,-160.0,140.0,0
2009-10,928,Dallas,Carolina,21,7,45.0,48.5,11.0,8.5,-380.0,310.0,0
2009-10,1004,Houston,Oakland,29,6,42.5,43.0,9.5,8.0,-390.0,315.0,0
2009-10,1004,Jacksonville,Tennessee,37,17,1.0,3.5,41.0,42.0,160.0,-180.0,1
2009-10,1004,NewEngland,Baltimore,27,21,44.0,45.0,3.0,2.0,-135.0,115.0,0
2009-10,1004,Cleveland,Cincinnati,20,23,4.0,6.5,38.5,37.5,240.0,-280.0,1
2009-10,1004,KansasCity,NYGiants,16,27,7.5,9.5,42.5,43.0,330.0,-420.0,1
2009-10,1004,Chicago,Detroit,48,24,38.0,43.0,11.0,9.5,-500.0,400.0,0
2009-10,1004,Washington,TampaBay,16,13,37.5,35.5,7.5,9.0,-400.0,320.0,0
2009-10,1004,Indianapolis,Seattle,34,17,44.0,43.5,12.0,10.5,-575.0,435.0,0
2009-10,1004,NewOrleans,NYJets,24,10,47.5,47.0,6.5,7.5,-320.0,260.0,0
2009-10,1004,Miami,Buffalo,38,10,38.5,37.5,1.5,1.5,110.0,-130.0,0
2009-10,1004,SanFrancisco,St.Louis,35,0,38.0,36.5,11.5,9.5,-460.0,360.0,0
2009-10,1004,Denver,Dallas,17,10,3.0,3.0,43.5,44.0,120.0,-140.0,1
2009-10,1004,Pittsburgh,SanDiego,38,28,41.0,43.5,5.0,5.5,-235.0,195.0,0
2009-10,1005,Minnesota,GreenBay,30,23,47.0,46.5,3.0,5.0,-220.0,180.0,0
2009-10,1011,St.Louis,Minnesota,10,38,10.0,10.0,40.0,40.5,400.0,-600.0,1
2009-10,1011,KansasCity,Dallas,20,26,9.0,7.0,43.0,43.5,300.0,-360.0,1
2009-10,1011,Carolina,Washington,20,17,37.5,38.0,4.5,5.0,-250.0,210.0,0
2009-10,1011,Philadelphia,TampaBay,33,14,43.5,42.0,14.0,15.5,-1200.0,750.0,0
2009-10,1011,NYGiants,Oakland,44,7,42.5,38.5,15.0,15.0,-1200.0,750.0,0
2009-10,1011,Buffalo,Cleveland,3,6,39.0,42.0,6.0,5.5,-250.0,210.0,0
2009-10,1011,Baltimore,Cincinnati,14,17,41.5,42.0,8.0,9.0,-500.0,350.0,0
2009-10,1011,Detroit,Pittsburgh,20,28,12.0,11.0,42.0,44.0,450.0,-650.0,1
2009-10,1011,SanFrancisco,Atlanta,10,45,43.0,39.5,3.0,0.0,-110.0,-110.0,0
2009-10,1011,Denver,NewEngland,20,17,3.5,3.0,44.0,41.0,145.0,-165.0,1
2009-10,1011,Arizona,Houston,28,21,49.0,50.5,5.0,5.5,-260.0,220.0,0
2009-10,1011,Seattle,Jacksonville,41,0,44.0,44.0,2.0,2.0,-130.0,110.0,0
2009-10,1011,Tennessee,Indianapolis,9,31,3.0,3.5,46.0,44.0,170.0,-200.0,1
2009-10,1012,Miami,NYJets,31,27,2.5,3.0,37.0,36.0,140.0,-160.0,1
2009-10,1018,Washington,KansasCity,6,14,37.0,36.5,4.5,6.5,-270.0,230.0,0
2009-10,1018,Cincinnati,Houston,17,28,45.0,46.0,4.5,4.0,-190.0,165.0,0
2009-10,1018,Pittsburgh,Cleveland,27,14,38.0,38.0,13.5,14.0,-950.0,675.0,0
2009-10,1018,Minnesota,Baltimore,33,31,45.0,45.5,3.0,3.0,-145.0,125.0,0
2009-10,1018,Jacksonville,St.Louis,23,20,40.0,42.5,12.5,9.5,-440.0,340.0,0
2009-10,1018,NewOrleans,NYGiants,48,27,49.0,47.5,3.5,3.0,-180.0,160.0,0
2009-10,1018,TampaBay,Carolina,21,28,4.0,3.5,37.0,40.5,155.0,-175.0,1
2009-10,1018,GreenBay,Detroit,26,0,49.0,48.5,11.5,14.0,-950.0,675.0,0
2009-10,1018,Oakland,Philadelphia,13,9,13.5,14.5,41.0,40.5,675.0,-950.0,1
2009-10,1018,Seattle,Arizona,3,27,46.5,46.0,2.5,3.0,-155.0,135.0,0
2009-10,1018,NYJets,Buffalo,13,16,38.0,35.5,9.5,9.5,-450.0,350.0,0
2009-10,1018,NewEngland,Tennessee,59,0,38.0,38.5,9.0,9.5,-450.0,350.0,0
2009-10,1018,Atlanta,Chicago,21,14,45.5,46.0,3.0,4.0,-230.0,190.0,0
2009-10,1019,SanDiego,Denver,23,34,43.5,44.5,4.0,3.0,-175.0,155.0,0
2009-10,1025,KansasCity,SanDiego,7,37,4.5,5.5,43.0,44.0,210.0,-250.0,1
2009-10,1025,St.Louis,Indianapolis,6,42,13.0,14.5,45.5,45.0,675.0,-950.0,1
2009-10,1025,Cincinnati,Chicago,45,10,44.0,2.0,1.0,43.0,105.0,-125.0,1
2009-10,1025,Cleveland,GreenBay,3,31,6.5,9.0,43.0,41.5,320.0,-400.0,1
2009-10,1025,Pittsburgh,Minnesota,27,17,44.5,46.5,4.0,6.0,-260.0,220.0,0
2009-10,1025,Houston,SanFrancisco,24,21,44.0,44.5,3.0,3.0,-190.0,165.0,0
2009-10,1025,Oakland,NYJets,0,38,7.0,6.0,34.0,34.0,240.0,-280.0,1
2009-10,1025,Carolina,Buffalo,9,20,37.0,37.0,7.0,7.0,-300.0,250.0,0
2009-10,1025,Miami,NewOrleans,34,46,6.0,6.5,47.5,48.0,220.0,-260.0,1
2009-10,1025,Dallas,Atlanta,37,21,47.0,48.0,3.0,5.0,-230.0,190.0,0
2009-10,1025,NYGiants,Arizona,17,24,46.5,47.0,7.0,8.0,-350.0,290.0,0
2009-10,1026,Washington,Philadelphia,17,27,6.5,9.0,38.5,38.0,320.0,-400.0,1
2009-10,1101,Baltimore,Denver,30,7,39.5,42.5,3.5,4.5,-225.0,185.0,0
2009-10,1101,Chicago,Cleveland,30,6,40.5,40.0,13.5,12.0,-600.0,400.0,0
2009-10,1101,Buffalo,Houston,10,31,3.5,3.0,40.5,42.0,170.0,-200.0,1
2009-10,1101,GreenBay,Minnesota,26,38,48.0,46.5,3.5,3.0,-185.0,165.0,0
2009-10,1101,Indianapolis,SanFrancisco,18,14,46.5,45.0,11.5,13.0,-800.0,600.0,0
2009-10,1101,NYJets,Miami,25,30,40.0,40.0,4.0,3.5,-200.0,170.0,0
2009-10,1101,Detroit,St.Louis,10,17,45.0,43.5,5.5,3.0,-165.0,145.0,0
2009-10,1101,Dallas,Seattle,38,17,45.5,46.5,9.5,9.5,-500.0,350.0,0
2009-10,1101,SanDiego,Oakland,24,16,42.5,41.5,16.5,16.0,-1500.0,950.0,0
2009-10,1101,Tennessee,Jacksonville,30,13,44.0,44.0,3.0,3.0,-165.0,145.0,0
2009-10,1101,Arizona,Carolina,21,34,44.0,43.5,7.5,10.0,-500.0,350.0,0
2009-10,1101,Philadelphia,NYGiants,40,17,47.0,3.0,3.0,43.5,110.0,-130.0,1
2009-10,1102,NewOrleans,Atlanta,35,27,53.5,56.0,9.0,11.0,-540.0,420.0,0
2009-10,1108,Jacksonville,KansasCity,24,21,42.5,41.5,7.0,7.0,-320.0,260.0,0
2009-10,1108,Cincinnati,Baltimore,17,7,3.0,3.0,43.5,45.0,125.0,-145.0,1
2009-10,1108,Indianapolis,Houston,20,17,49.0,50.5,10.0,7.5,-370.0,300.0,0
2009-10,1108,Atlanta,Washington,31,17,42.0,41.0,10.0,8.5,-450.0,350.0,0
2009-10,1108,TampaBay,GreenBay,38,28,10.0,9.5,43.5,43.0,400.0,-525.0,1
2009-10,1108,Chicago,Arizona,21,41,45.5,44.5,3.0,2.0,-128.0,108.0,0
2009-10,1108,NewEngland,Miami,27,17,48.5,47.0,10.5,11.0,-625.0,475.0,0
2009-10,1108,NewOrleans,Carolina,30,20,52.0,51.0,14.5,12.0,-600.0,450.0,0
2009-10,1108,Seattle,Detroit,32,20,43.5,42.0,10.0,11.0,-600.0,450.0,0
2009-10,1108,SanFrancisco,Tennessee,27,34,41.0,41.0,6.0,4.0,-220.0,180.0,0
2009-10,1108,NYGiants,SanDiego,20,21,47.5,48.5,3.0,5.0,-255.0,215.0,0
2009-10,1108,Philadelphia,Dallas,16,20,49.0,49.5,3.0,3.0,-150.0,130.0,0
2009-10,1109,Denver,Pittsburgh,10,28,2.5,3.0,40.0,41.5,130.0,-150.0,1
2009-10,1112,SanFrancisco,Chicago,10,6,43.5,43.5,3.0,3.0,-180.0,160.0,0
2009-10,1115,NYJets,Jacksonville,22,24,39.0,41.0,6.0,6.5,-275.0,235.0,0
2009-10,1115,Washington,Denver,27,17,4.5,3.5,36.0,36.5,165.0,-185.0,1
2009-10,1115,Pittsburgh,Cincinnati,12,18,42.0,41.0,6.5,6.5,-310.0,255.0,0
2009-10,1115,Tennessee,Buffalo,41,17,41.0,41.0,6.0,7.5,-340.0,280.0,0
2009-10,1115,Minnesota,Detroit,27,10,49.0,47.0,15.0,17.0,-1450.0,1025.0,0
2009-10,1115,St.Louis,NewOrleans,23,28,14.0,14.0,50.0,51.0,625.0,-850.0,1
2009-10,1115,Carolina,Atlanta,28,19,2.0,1.0,44.0,43.5,-103.0,-117.0,1
2009-10,1115,Miami,TampaBay,25,23,43.5,43.0,9.5,10.0,-460.0,385.0,0
2009-10,1115,Oakland,KansasCity,10,16,36.5,36.5,2.5,2.5,-145.0,125.0,0
2009-10,1115,Arizona,Seattle,31,20,47.0,46.5,7.5,8.0,-335.0,275.0,0
2009-10,1115,SanDiego,Philadelphia,31,23,1.0,47.0,48.0,1.0,-120.0,100.0,2
2009-10,1115,GreenBay,Dallas,17,7,0.0,3.0,48.5,48.0,127.0,-147.0,1
2009-10,1115,Indianapolis,NewEngland,35,34,50.0,48.5,3.0,2.5,-135.0,115.0,0
2009-10,1116,Cleveland,Baltimore,0,16,10.5,11.0,40.5,39.5,430.0,-580.0,1
2009-10,1119,Carolina,Miami,17,24,45.0,41.5,3.0,3.5,-210.0,170.0,0
2009-10,1122,Detroit,Cleveland,38,37,39.0,37.5,4.5,3.0,-190.0,160.0,0
2009-10,1122,Jacksonville,Buffalo,18,15,42.0,41.0,8.0,8.0,-380.0,310.0,0
2009-10,1122,KansasCity,Pittsburgh,27,24,9.5,11.0,39.0,39.5,500.0,-700.0,1
2009-10,1122,Baltimore,Indianapolis,15,17,45.0,1.0,1.0,44.0,100.0,-120.0,1
2009-10,1122,NYGiants,Atlanta,34,31,46.5,46.5,5.5,7.0,-370.0,300.0,0
2009-10,1122,GreenBay,SanFrancisco,30,24,42.5,41.5,5.5,6.0,-260.0,220.0,0
2009-10,1122,Minnesota,Seattle,35,9,48.0,47.5,11.0,10.5,-550.0,425.0,0
2009-10,1122,Dallas,Washington,7,6,41.5,41.5,12.5,10.5,-550.0,425.0,0
2009-10,1122,TampaBay,NewOrleans,7,38,12.5,10.0,52.5,50.5,425.0,-550.0,1
2009-10,1122,St.Louis,Arizona,13,21,9.5,8.5,46.0,46.5,330.0,-420.0,1
2009-10,1122,NewEngland,NYJets,31,14,45.0,45.0,10.5,11.0,-650.0,475.0,0
2009-10,1122,Oakland,Cincinnati,20,17,9.5,8.5,35.0,36.0,350.0,-450.0,1
2009-10,1122,Denver,SanDiego,3,32,5.0,6.0,43.0,41.0,235.0,-275.0,1
2009-10,1122,Chicago,Philadelphia,20,24,2.5,3.5,45.5,46.5,160.0,-190.0,1
2009-10,1123,Houston,Tennessee,17,20,49.0,47.5,3.5,3.5,-190.0,160.0,0
2009-10,1126,Detroit,GreenBay,12,34,11.0,11.0,46.0,48.0,500.0,-700.0,1
2009-10,1126,Dallas,Oakland,24,7,40.5,40.5,14.0,13.5,-850.0,650.0,0
2009-10,1126,Denver,NYGiants,26,6,5.0,4.5,42.0,43.5,175.0,-210.0,1
2009-10,1129,Houston,Indianapolis,27,35,3.5,3.0,49.0,48.0,125.0,-145.0,1
2009-10,1129,Cincinnati,Cleveland,16,7,37.5,39.0,14.0,12.0,-630.0,490.0,0
2009-10,1129,Minnesota,Chicago,36,10,47.0,47.0,9.5,10.5,-550.0,425.0,0
2009-10,1129,Philadelphia,Washington,27,24,41.0,40.5,9.0,10.0,-480.0,405.0,0
2009-10,1129,Buffalo,Miami,31,14,3.0,3.5,39.5,38.5,170.0,-200.0,1
2009-10,1129,Tennessee,Arizona,20,17,47.5,44.0,0.0,3.5,-190.0,165.0,0
2009-10,1129,St.Louis,Seattle,17,27,2.5,3.5,42.0,42.5,155.0,-175.0,1
2009-10,1129,Atlanta,TampaBay,20,17,46.0,46.0,11.0,12.5,-600.0,475.0,0
2009-10,1129,NYJets,Carolina,17,6,41.5,41.5,3.0,3.0,-175.0,155.0,0
2009-10,1129,SanFrancisco,Jacksonville,20,3,41.5,42.0,3.0,3.0,-175.0,155.0,0
2009-10,1129,SanDiego,KansasCity,43,14,45.0,45.0,13.5,13.0,-725.0,550.0,0
2009-10,1129,Baltimore,Pittsburgh,20,17,36.0,35.0,9.0,7.5,-350.0,290.0,0
2009-10,1130,NewOrleans,NewEngland,38,17,56.0,56.5,3.0,2.0,-130.0,110.0,0
2009-10,1203,Buffalo,NYJets,13,19,3.0,3.5,37.0,37.0,170.0,-200.0,1
2009-10,1206,KansasCity,Denver,13,44,4.0,6.0,37.5,39.0,230.0,-290.0,1
2009-10,1206,Pittsburgh,Oakland,24,27,37.0,37.0,15.0,15.0,-1200.0,800.0,0
2009-10,1206,Jacksonville,Houston,23,18,47.0,1.5,0.0,47.5,100.0,-120.0,1
2009-10,1206,Indianapolis,Tennessee,27,17,47.0,47.0,7.5,6.0,-270.0,220.0,0
2009-10,1206,Atlanta,Philadelphia,7,34,3.0,4.0,44.5,43.5,190.0,-230.0,1
2009-10,1206,Cincinnati,Detroit,23,13,42.0,42.0,13.0,13.5,-850.0,600.0,0
2009-10,1206,Washington,NewOrleans,30,33,9.5,8.0,48.0,47.0,375.0,-500.0,1
2009-10,1206,Carolina,TampaBay,16,6,43.5,40.0,6.0,3.5,-190.0,160.0,0
2009-10,1206,Chicago,St.Louis,17,9,41.0,41.0,9.0,9.0,-520.0,395.0,0
2009-10,1206,Cleveland,SanDiego,23,30,11.5,14.0,43.0,42.5,625.0,-875.0,1
2009-10,1206,Seattle,SanFrancisco,20,17,1.0,1.0,41.0,41.5,100.0,-120.0,1
2009-10,1206,Arizona,Minnesota,30,17,3.0,3.0,48.0,48.0,165.0,-195.0,1
2009-10,1206,NYGiants,Dallas,31,24,45.5,1.0,0.0,45.5,100.0,-120.0,1
2009-10,1206,Miami,NewEngland,22,21,4.5,5.0,46.5,46.5,220.0,-270.0,1
2009-10,1207,GreenBay,Baltimore,27,14,44.0,43.0,3.0,4.0,-200.0,170.0,0
2009-10,1210,Cleveland,Pittsburgh,13,6,10.0,10.0,34.0,34.0,435.0,-530.0,1
2009-10,1213,Indianapolis,Denver,28,16,44.0,43.5,8.0,6.5,-305.0,245.0,0
2009-10,1213,Minnesota,Cincinnati,30,10,44.5,42.0,7.0,5.5,-260.0,210.0,0
2009-10,1213,TampaBay,NYJets,3,26,3.0,3.5,36.5,36.5,170.0,-200.0,1
2009-10,1213,KansasCity,Buffalo,10,16,38.5,2.5,1.5,38.0,125.0,-145.0,1
2009-10,1213,Chicago,GreenBay,14,21,3.5,3.5,43.5,42.0,185.0,-225.0,1
2009-10,1213,Atlanta,NewOrleans,23,26,11.0,10.0,51.0,50.0,425.0,-550.0,1
2009-10,1213,Baltimore,Detroit,48,3,41.0,40.5,13.0,14.0,-975.0,675.0,0
2009-10,1213,Jacksonville,Miami,10,14,45.0,43.0,2.5,1.5,-120.0,100.0,0
2009-10,1213,NewEngland,Carolina,20,10,44.0,43.5,13.0,12.5,-725.0,525.0,0
2009-10,1213,Houston,Seattle,34,7,45.5,44.5,4.5,7.0,-360.0,280.0,0
2009-10,1213,Tennessee,St.Louis,47,7,41.5,40.0,13.0,14.0,-850.0,600.0,0
2009-10,1213,Oakland,Washington,13,34,36.0,2.0,2.0,37.5,110.0,-130.0,1
2009-10,1213,Dallas,SanDiego,17,20,47.5,48.5,3.0,3.0,-165.0,140.0,0
2009-10,1213,NYGiants,Philadelphia,38,45,47.5,1.0,1.0,42.0,105.0,-125.0,1
2009-10,1214,SanFrancisco,Arizona,24,9,3.0,4.0,44.5,44.5,180.0,-230.0,1
2009-10,1217,Jacksonville,Indianapolis,31,35,6.0,3.0,44.0,43.0,160.0,-180.0,1
2009-10,1219,NewOrleans,Dallas,17,24,52.0,53.5,7.0,7.5,-340.0,280.0,0
2009-10,1220,Pittsburgh,GreenBay,37,36,41.0,42.0,1.0,3.0,-145.0,125.0,0
2009-10,1220,Tennessee,Miami,27,24,42.5,42.5,3.0,5.0,-230.0,190.0,0
2009-10,1220,Buffalo,NewEngland,10,17,7.0,7.0,41.0,41.5,255.0,-310.0,1
2009-10,1220,Detroit,Arizona,24,31,10.5,14.0,46.5,46.5,625.0,-850.0,1
2009-10,1220,Philadelphia,SanFrancisco,27,13,43.5,41.0,9.5,7.0,-350.0,290.0,0
2009-10,1220,NYJets,Atlanta,7,10,36.0,36.5,5.5,5.0,-250.0,210.0,0
2009-10,1220,Baltimore,Chicago,31,7,41.0,39.5,10.0,10.5,-525.0,410.0,0
2009-10,1220,KansasCity,Cleveland,34,41,37.0,39.0,1.0,2.0,-145.0,125.0,0
2009-10,1220,St.Louis,Houston,13,16,10.5,14.0,43.5,43.0,650.0,-900.0,1
2009-10,1220,SanDiego,Cincinnati,27,24,44.0,44.5,7.0,6.5,-310.0,255.0,0
2009-10,1220,Denver,Oakland,19,20,37.5,37.0,11.5,13.5,-875.0,635.0,0
2009-10,1220,Seattle,TampaBay,7,24,39.0,39.0,7.0,6.5,-280.0,240.0,0
2009-10,1220,Carolina,Minnesota,26,7,7.0,8.5,42.0,42.5,320.0,-400.0,1
2009-10,1221,Washington,NYGiants,12,45,2.5,3.0,42.0,44.0,120.0,-140.0,1
2009-10,1225,Tennessee,SanDiego,17,42,47.5,47.5,2.5,2.0,-135.0,115.0,0
2009-10,1227,GreenBay,Seattle,48,10,42.0,43.5,13.5,13.5,-735.0,555.0,0
2009-10,1227,Cleveland,Oakland,23,9,37.5,37.0,3.0,3.0,-180.0,160.0,0
2009-10,1227,Cincinnati,KansasCity,17,10,39.5,39.5,13.5,13.0,-620.0,485.0,0
2009-10,1227,Atlanta,Buffalo,31,3,41.0,40.0,7.0,7.5,-360.0,300.0,0
2009-10,1227,Miami,Houston,20,27,46.0,47.0,3.0,1.0,-130.0,110.0,0
2009-10,1227,NYGiants,Carolina,9,41,42.5,43.0,7.0,8.5,-390.0,320.0,0
2009-10,1227,NewOrleans,TampaBay,17,20,50.0,48.5,16.0,13.5,-800.0,600.0,0
2009-10,1227,NewEngland,Jacksonville,35,7,44.0,44.5,8.0,9.0,-440.0,350.0,0
2009-10,1227,Pittsburgh,Baltimore,23,20,39.0,43.0,2.0,3.0,-145.0,125.0,0
2009-10,1227,Philadelphia,Denver,30,27,41.5,43.0,8.0,7.0,-300.0,250.0,0
2009-10,1227,Arizona,St.Louis,31,10,44.0,44.0,14.0,16.5,-1400.0,1000.0,0
2009-10,1227,SanFrancisco,Detroit,20,6,42.0,41.0,11.5,14.0,-850.0,625.0,0
2009-10,1227,Indianapolis,NYJets,15,29,42.5,40.5,7.0,3.0,-190.0,165.0,0
2009-10,1227,Washington,Dallas,0,17,6.0,7.0,42.0,42.0,260.0,-320.0,1
2009-10,1228,Chicago,Minnesota,36,30,7.5,8.0,42.0,41.0,305.0,-370.0,1
2009-10,103,Buffalo,Indianapolis,30,7,40.0,32.5,6.0,8.0,-360.0,300.0,0
2009-10,103,Carolina,NewOrleans,23,10,44.0,41.0,7.5,10.0,-410.0,330.0,0
2009-10,103,Cleveland,Jacksonville,23,17,40.0,35.5,2.5,2.0,-125.0,105.0,0
2009-10,103,Dallas,Philadelphia,24,0,48.5,47.0,3.0,2.5,-160.0,140.0,0
2009-10,103,Detroit,Chicago,23,37,2.5,4.5,45.0,44.0,178.0,-215.0,1
2009-10,103,Houston,NewEngland,34,27,45.5,46.5,6.5,8.5,-295.0,248.0,0
2009-10,103,Miami,Pittsburgh,24,30,3.0,3.0,45.5,45.5,130.0,-150.0,1
2009-10,103,Minnesota,NYGiants,44,7,48.0,47.5,9.0,8.5,-355.0,295.0,0
2009-10,103,NYJets,Cincinnati,37,0,37.5,33.5,7.0,9.5,-490.0,390.0,0
2009-10,103,St.Louis,SanFrancisco,6,28,7.0,7.0,40.5,39.5,255.0,-310.0,1
2009-10,103,TampaBay,Atlanta,10,20,41.5,3.0,1.0,41.5,130.0,-150.0,1
2009-10,103,Arizona,GreenBay,7,33,45.5,42.0,3.0,3.0,-155.0,135.0,0
2009-10,103,Denver,KansasCity,24,44,39.0,38.0,11.0,9.0,-440.0,350.0,0
2009-10,103,Oakland,Baltimore,13,21,10.0,10.0,38.0,39.0,413.0,-490.0,1
2009-10,103,SanDiego,Washington,23,20,41.5,39.0,8.0,3.0,-165.0,145.0,0
2009-10,103,Seattle,Tennessee,13,17,5.5,6.0,43.5,45.0,205.0,-245.0,1
2009-10,109,Cincinnati,NYJets,14,24,34.5,34.5,1.0,2.5,-145.0,125.0,0
2009-10,109,Dallas,Philadelphia,34,14,45.5,45.0,3.5,4.0,-200.0,170.0,0
2009-10,110,NewEngland,Baltimore,14,33,43.0,44.0,4.0,4.0,-205.0,175.0,0
2009-10,110,Arizona,GreenBay,51,45,48.5,2.5,2.5,48.5,118.0,-138.0,1
2009-10,116,NewOrleans,Arizona,45,14,56.5,57.0,7.0,7.0,-300.0,250.0,0
2009-10,116,Indianapolis,Baltimore,20,3,44.5,44.0,6.5,6.5,-260.0,220.0,0
2009-10,117,Minnesota,Dallas,34,3,48.0,45.0,3.0,2.5,-140.0,120.0,0
2009-10,117,SanDiego,NYJets,14,17,42.5,43.0,9.0,8.5,-410.0,330.0,0
2009-10,124,Indianapolis,NYJets,30,17,41.0,40.0,7.0,8.0,-350.0,290.0,0
2009-10,124,NewOrleans,Minnesota,31,28,54.0,54.0,4.5,4.0,-185.0,165.0,0
2010-11,909,NewOrleans,Minnesota,14,9,51.5,49.5,4.5,5.0,-230.0,190.0,0
2010-11,912,NYGiants,Carolina,31,18,40.0,40.5,7.0,6.0,-260.0,220.0,0
2010-11,912,Buffalo,Miami,10,15,3.0,3.0,37.5,39.5,155.0,-175.0,1
2010-11,912,Pittsburgh,Atlanta,15,9,40.5,1.5,0.0,39.5,110.0,-130.0,1
2010-11,912,Chicago,Detroit,19,14,42.5,45.0,6.5,6.5,-280.0,240.0,0
2010-11,912,NewEngland,Cincinnati,38,24,44.0,45.0,6.0,5.0,-230.0,190.0,0
2010-11,912,TampaBay,Cleveland,17,14,36.5,37.0,1.5,2.5,-140.0,120.0,0
2010-11,912,Jacksonville,Denver,24,17,41.5,41.5,1.5,3.0,-175.0,155.0,0
2010-11,912,Houston,Indianapolis,34,24,3.0,1.5,47.0,48.0,110.0,-130.0,1
2010-11,912,Tennessee,Oakland,38,13,41.0,40.0,7.0,6.5,-260.0,220.0,0
2010-11,912,Philadelphia,GreenBay,20,27,45.5,3.0,0.0,48.0,130.0,-150.0,1
2010-11,912,Seattle,SanFrancisco,31,6,1.5,3.0,38.0,37.0,155.0,-175.0,1
2010-11,912,St.Louis,Arizona,13,17,3.5,3.0,41.5,39.5,140.0,-160.0,1
2010-11,912,Washington,Dallas,13,7,3.5,4.0,43.0,40.5,170.0,-200.0,1
2010-11,913,NYJets,Baltimore,9,10,37.0,36.0,3.0,1.5,-130.0,110.0,0
2010-11,913,KansasCity,SanDiego,21,14,5.5,4.0,45.0,45.5,180.0,-220.0,1
2010-11,919,Cleveland,KansasCity,14,16,38.5,38.0,2.5,3.0,-170.0,150.0,0
2010-11,919,GreenBay,Buffalo,34,7,43.5,43.0,13.5,13.0,-680.0,490.0,0
2010-11,919,Cincinnati,Baltimore,15,10,1.0,3.0,38.5,39.5,120.0,-140.0,1
2010-11,919,Tennessee,Pittsburgh,11,19,38.5,37.0,6.0,6.0,-260.0,220.0,0
2010-11,919,Detroit,Philadelphia,32,35,3.0,6.5,41.0,41.0,245.0,-290.0,1
2010-11,919,Dallas,Chicago,20,27,41.0,41.5,9.0,7.0,-350.0,290.0,0
2010-11,919,Carolina,TampaBay,7,20,39.0,37.5,3.5,4.0,-210.0,175.0,0
2010-11,919,Atlanta,Arizona,41,7,41.5,43.5,7.0,7.0,-300.0,250.0,0
2010-11,919,Minnesota,Miami,10,14,41.0,41.0,5.5,6.0,-250.0,210.0,0
2010-11,919,Oakland,St.Louis,16,14,38.5,37.5,3.5,3.0,-175.0,155.0,0
2010-11,919,Denver,Seattle,31,14,39.5,41.0,3.0,3.5,-180.0,160.0,0
2010-11,919,Washington,Houston,27,30,3.0,3.0,44.5,42.5,115.0,-135.0,1
2010-11,919,SanDiego,Jacksonville,38,13,45.5,45.0,9.0,7.0,-310.0,255.0,0
2010-11,919,NYJets,NewEngland,28,14,1.0,3.0,39.0,39.5,135.0,-155.0,1
2010-11,919,Indianapolis,NYGiants,38,14,47.5,48.0,5.5,4.0,-230.0,190.0,0
2010-11,920,SanFrancisco,NewOrleans,22,25,4.5,5.5,44.5,44.0,200.0,-240.0,1
2010-11,926,NYGiants,Tennessee,10,29,43.0,43.5,3.5,3.0,-155.0,135.0,0
2010-11,926,NewEngland,Buffalo,38,30,43.0,42.5,11.0,14.5,-900.0,650.0,0
2010-11,926,Baltimore,Cleveland,24,17,38.0,36.5,10.0,12.5,-700.0,500.0,0
2010-11,926,TampaBay,Pittsburgh,13,38,2.5,2.5,34.0,33.0,125.0,-145.0,1
2010-11,926,Carolina,Cincinnati,7,20,3.5,3.0,40.0,37.0,155.0,-175.0,1
2010-11,926,NewOrleans,Atlanta,24,27,50.0,49.0,4.5,3.0,-175.0,155.0,0
2010-11,926,KansasCity,SanFrancisco,31,10,36.0,3.0,0.0,38.0,120.0,-140.0,1
2010-11,926,Minnesota,Detroit,24,10,42.0,42.5,10.0,13.0,-700.0,500.0,0
2010-11,926,Houston,Dallas,13,27,46.5,47.5,2.0,2.5,-135.0,115.0,0
2010-11,926,St.Louis,Washington,30,16,5.0,5.0,38.0,39.0,200.0,-240.0,1
2010-11,926,Jacksonville,Philadelphia,3,28,3.0,3.0,44.0,44.5,120.0,-140.0,1
2010-11,926,Denver,Indianapolis,13,27,5.5,6.0,48.0,47.0,210.0,-250.0,1
2010-11,926,Seattle,SanDiego,27,20,4.5,4.0,45.0,44.0,170.0,-200.0,1
2010-11,926,Arizona,Oakland,24,23,40.0,39.0,4.0,5.5,-240.0,200.0,0
2010-11,926,Miami,NYJets,23,31,35.0,36.0,1.5,1.5,-135.0,115.0,0
2010-11,927,Chicago,GreenBay,20,17,3.5,3.0,45.0,45.5,135.0,-155.0,1
2010-11,1003,Tennessee,Denver,20,26,41.5,43.5,7.0,6.5,-270.0,230.0,0
2010-11,1003,Pittsburgh,Baltimore,14,17,34.5,34.5,1.0,2.0,-130.0,110.0,0
2010-11,1003,Cleveland,Cincinnati,23,20,3.0,2.5,38.0,37.0,110.0,-130.0,1
2010-11,1003,GreenBay,Detroit,28,26,45.5,46.5,14.5,14.5,-950.0,675.0,0
2010-11,1003,NewOrleans,Carolina,16,14,45.0,43.5,13.5,12.5,-700.0,500.0,0
2010-11,1003,Atlanta,SanFrancisco,16,14,42.0,42.5,7.0,7.0,-300.0,250.0,0
2010-11,1003,St.Louis,Seattle,20,3,1.5,2.0,38.0,40.0,110.0,-130.0,1
2010-11,1003,Buffalo,NYJets,14,38,4.5,6.0,36.5,37.0,210.0,-250.0,1
2010-11,1003,Jacksonville,Indianapolis,31,28,7.0,7.0,46.5,45.5,280.0,-340.0,1
2010-11,1003,Oakland,Houston,24,31,3.5,3.5,44.0,43.5,165.0,-190.0,1
2010-11,1003,SanDiego,Arizona,41,10,46.0,47.5,9.0,10.0,-500.0,400.0,0
2010-11,1003,Philadelphia,Washington,12,17,43.0,44.5,6.5,5.5,-230.0,190.0,0
2010-11,1003,NYGiants,Chicago,17,3,42.5,44.0,3.0,3.5,-190.0,165.0,0
2010-11,1004,Miami,NewEngland,14,41,1.0,48.5,46.0,1.0,-111.0,101.0,2
2010-11,1010,Baltimore,Denver,31,17,39.0,39.5,7.0,8.0,-380.0,310.0,0
2010-11,1010,Buffalo,Jacksonville,26,36,40.5,41.5,1.0,2.5,-135.0,115.0,0
2010-11,1010,Indianapolis,KansasCity,19,9,44.0,46.5,9.0,7.5,-360.0,300.0,0
2010-11,1010,Detroit,St.Louis,44,6,42.0,44.0,3.0,3.0,-150.0,130.0,0
2010-11,1010,Cleveland,Atlanta,10,20,3.0,3.0,41.5,41.5,140.0,-160.0,1
2010-11,1010,Cincinnati,TampaBay,21,24,38.5,38.5,7.0,7.0,-300.0,250.0,0
2010-11,1010,Carolina,Chicago,6,23,3.0,33.0,36.0,3.0,-150.0,130.0,2
2010-11,1010,Washington,GreenBay,16,13,3.0,3.0,43.5,45.5,125.0,-145.0,1
2010-11,1010,Houston,NYGiants,10,34,48.0,48.5,3.0,3.0,-170.0,150.0,0
2010-11,1010,Arizona,NewOrleans,30,20,6.5,7.0,46.5,46.0,260.0,-320.0,1
2010-11,1010,Oakland,SanDiego,35,27,5.5,7.0,44.5,44.0,260.0,-320.0,1
2010-11,1010,Dallas,Tennessee,27,34,42.0,43.5,6.5,7.0,-300.0,250.0,0
2010-11,1010,SanFrancisco,Philadelphia,24,27,38.0,39.5,3.0,3.5,-175.0,155.0,0
2010-11,1011,NYJets,Minnesota,29,20,37.0,38.5,3.0,4.0,-210.0,175.0,0
2010-11,1017,St.Louis,SanDiego,20,17,7.5,8.5,44.0,45.0,325.0,-400.0,1
2010-11,1017,Houston,KansasCity,35,31,44.0,46.0,3.5,4.5,-210.0,175.0,0
2010-11,1017,NewEngland,Baltimore,23,20,46.0,44.0,3.0,3.0,-145.0,125.0,0
2010-11,1017,TampaBay,NewOrleans,6,31,6.5,5.5,46.0,43.5,210.0,-250.0,1
2010-11,1017,Philadelphia,Atlanta,31,17,41.5,43.0,3.0,2.0,-125.0,105.0,0
2010-11,1017,NYGiants,Detroit,28,20,44.5,45.5,10.5,10.0,-550.0,425.0,0
2010-11,1017,Chicago,Seattle,20,23,37.0,37.5,6.5,6.0,-260.0,220.0,0
2010-11,1017,GreenBay,Miami,20,23,44.0,44.0,3.0,3.0,-160.0,140.0,0
2010-11,1017,Pittsburgh,Cleveland,28,10,40.0,37.5,13.0,14.0,-900.0,650.0,0
2010-11,1017,Denver,NYJets,20,24,3.0,3.5,40.0,43.0,170.0,-200.0,1
2010-11,1017,SanFrancisco,Oakland,17,9,40.5,41.0,6.0,7.5,-350.0,290.0,0
2010-11,1017,Minnesota,Dallas,24,21,44.0,43.5,1.0,1.5,-130.0,110.0,0
2010-11,1017,Washington,Indianapolis,24,27,4.0,3.0,44.5,45.0,150.0,-170.0,1
2010-11,1018,Jacksonville,Tennessee,3,30,3.0,3.0,44.5,43.5,135.0,-155.0,1
2010-11,1024,Miami,Pittsburgh,22,23,3.0,3.0,40.0,40.5,135.0,-155.0,1
2010-11,1024,Atlanta,Cincinnati,39,32,42.5,43.0,5.0,3.5,-210.0,175.0,0
2010-11,1024,KansasCity,Jacksonville,42,20,37.5,39.0,9.5,9.0,-450.0,350.0,0
2010-11,1024,Tennessee,Philadelphia,37,19,43.0,42.0,3.0,3.0,-140.0,120.0,0
2010-11,1024,Chicago,Washington,14,17,40.0,40.0,3.0,3.0,-160.0,140.0,0
2010-11,1024,NewOrleans,Cleveland,17,30,44.0,44.0,14.0,12.5,-630.0,465.0,0
2010-11,1024,Baltimore,Buffalo,37,34,37.0,40.0,13.0,12.5,-650.0,475.0,0
2010-11,1024,Carolina,SanFrancisco,23,20,3.0,2.5,34.5,35.5,115.0,-135.0,1
2010-11,1024,TampaBay,St.Louis,18,17,38.0,39.0,1.0,3.0,-160.0,140.0,0
2010-11,1024,Seattle,Arizona,22,10,41.0,40.5,3.5,6.5,-280.0,240.0,0
2010-11,1024,SanDiego,NewEngland,20,23,48.0,49.5,3.0,1.5,-135.0,115.0,0
2010-11,1024,Denver,Oakland,14,59,42.5,43.0,7.0,7.0,-325.0,265.0,0
2010-11,1024,GreenBay,Minnesota,28,24,44.0,44.5,3.0,2.5,-135.0,115.0,0
2010-11,1025,Dallas,NYGiants,35,41,44.5,45.5,3.0,3.5,-180.0,160.0,0
2010-11,1031,Dallas,Jacksonville,17,35,45.0,43.5,11.0,6.5,-300.0,250.0,0
2010-11,1031,Detroit,Washington,37,25,44.5,45.0,1.0,2.5,-140.0,120.0,0
2010-11,1031,NYJets,GreenBay,0,9,42.0,42.0,4.5,6.0,-300.0,250.0,0
2010-11,1031,St.Louis,Carolina,20,10,35.0,37.5,3.0,2.5,-130.0,110.0,0
2010-11,1031,Cincinnati,Miami,14,22,44.0,1.0,1.0,44.0,100.0,-120.0,1
2010-11,1031,KansasCity,Buffalo,13,10,43.0,45.5,9.0,7.0,-330.0,270.0,0
2010-11,1031,SanDiego,Tennessee,33,25,43.5,45.0,3.5,5.5,-245.0,205.0,0
2010-11,1031,Arizona,TampaBay,35,38,40.0,38.0,3.5,3.0,-175.0,155.0,0
2010-11,1031,Oakland,Seattle,33,3,40.0,40.5,1.5,1.5,-130.0,110.0,0
2010-11,1031,NewEngland,Minnesota,28,18,44.0,45.0,3.5,5.0,-220.0,180.0,0
2010-11,1031,NewOrleans,Pittsburgh,20,10,43.0,45.0,0.0,1.0,-115.0,-105.0,0
2010-11,1101,Indianapolis,Houston,30,17,49.0,50.5,5.5,5.0,-230.0,190.0,0
2010-11,1107,Buffalo,Chicago,19,22,1.0,3.0,40.5,41.5,130.0,-150.0,1
2010-11,1107,Houston,SanDiego,23,29,1.5,3.0,49.5,50.0,120.0,-140.0,1
2010-11,1107,Carolina,NewOrleans,3,34,6.5,5.5,41.0,40.0,220.0,-260.0,1
2010-11,1107,Minnesota,Arizona,27,24,41.0,42.5,9.0,7.0,-350.0,290.0,0
2010-11,1107,Atlanta,TampaBay,27,21,45.0,44.5,9.0,10.0,-500.0,400.0,0
2010-11,1107,Detroit,NYJets,20,23,3.5,5.5,43.0,42.5,210.0,-250.0,1
2010-11,1107,Baltimore,Miami,26,10,40.0,41.0,5.5,5.0,-220.0,180.0,0
2010-11,1107,Cleveland,NewEngland,34,14,5.0,4.0,44.0,43.5,175.0,-210.0,1
2010-11,1107,Seattle,NYGiants,7,41,5.5,7.0,41.0,40.5,290.0,-350.0,1
2010-11,1107,Oakland,KansasCity,23,20,41.5,41.0,2.5,0.0,-130.0,110.0,0
2010-11,1107,Philadelphia,Indianapolis,26,24,47.0,46.0,2.5,3.0,-160.0,140.0,0
2010-11,1107,GreenBay,Dallas,45,7,44.0,46.0,9.0,7.5,-320.0,260.0,0
2010-11,1108,Cincinnati,Pittsburgh,21,27,3.5,5.5,41.5,42.0,190.0,-230.0,1
2010-11,1111,Atlanta,Baltimore,26,21,43.0,44.0,1.0,1.0,-125.0,113.0,0
2010-11,1114,Indianapolis,Cincinnati,23,17,47.5,47.0,8.0,7.0,-325.0,265.0,0
2010-11,1114,Jacksonville,Houston,31,24,1.0,48.0,50.0,0.0,-110.0,-110.0,2
2010-11,1114,Miami,Tennessee,29,17,41.5,43.0,2.0,1.5,-125.0,105.0,0
2010-11,1114,Chicago,Minnesota,27,13,1.5,1.0,38.0,40.5,-110.0,-110.0,1
2010-11,1114,Buffalo,Detroit,14,12,42.5,45.0,3.0,1.5,-130.0,110.0,0
2010-11,1114,Cleveland,NYJets,20,26,3.5,3.5,36.5,37.0,160.0,-190.0,1
2010-11,1114,TampaBay,Carolina,31,16,35.0,37.0,7.5,7.0,-305.0,255.0,0
2010-11,1114,Denver,KansasCity,49,29,2.5,1.0,42.0,44.5,100.0,-120.0,1
2010-11,1114,SanFrancisco,St.Louis,23,20,38.0,38.5,5.5,5.0,-235.0,195.0,0
2010-11,1114,Arizona,Seattle,18,36,41.0,41.0,3.0,3.5,-200.0,170.0,0
2010-11,1114,NYGiants,Dallas,20,33,44.5,46.0,13.5,12.5,-600.0,450.0,0
2010-11,1114,Pittsburgh,NewEngland,26,39,45.0,44.5,4.0,4.0,-210.0,175.0,0
2010-11,1115,Washington,Philadelphia,28,59,3.0,3.0,41.5,44.0,155.0,-175.0,1
2010-11,1118,Miami,Chicago,0,16,39.5,40.0,3.0,2.5,-135.0,115.0,0
2010-11,1121,Pittsburgh,Oakland,35,3,41.5,41.0,9.0,7.0,-300.0,250.0,0
2010-11,1121,NYJets,Houston,30,27,44.5,46.0,7.0,6.5,-280.0,240.0,0
2010-11,1121,Carolina,Baltimore,13,37,9.0,13.5,37.0,37.0,610.0,-825.0,1
2010-11,1121,Tennessee,Washington,16,19,43.0,44.5,7.0,7.0,-310.0,255.0,0
2010-11,1121,Dallas,Detroit,35,19,46.0,47.5,9.0,5.5,-240.0,200.0,0
2010-11,1121,Minnesota,GreenBay,3,31,1.0,3.0,43.5,45.0,135.0,-155.0,1
2010-11,1121,Cincinnati,Buffalo,31,49,43.5,41.0,5.0,4.0,-210.0,175.0,0
2010-11,1121,Jacksonville,Cleveland,24,20,42.0,43.0,3.0,2.5,-135.0,115.0,0
2010-11,1121,KansasCity,Arizona,31,13,42.0,45.0,7.0,7.0,-350.0,290.0,0
2010-11,1121,NewOrleans,Seattle,34,19,44.0,45.0,12.0,11.0,-550.0,425.0,0
2010-11,1121,St.Louis,Atlanta,17,34,3.0,3.5,43.0,43.5,165.0,-190.0,1
2010-11,1121,SanFrancisco,TampaBay,0,21,40.5,41.5,3.5,3.5,-180.0,160.0,0
2010-11,1121,NewEngland,Indianapolis,31,28,51.0,50.0,3.0,4.5,-200.0,170.0,0
2010-11,1121,Philadelphia,NYGiants,27,17,48.0,48.5,3.0,3.5,-180.0,160.0,0
2010-11,1122,SanDiego,Denver,35,14,47.0,51.0,9.5,9.0,-410.0,335.0,0
2010-11,1125,Detroit,NewEngland,24,45,6.5,7.0,51.0,50.5,230.0,-270.0,1
2010-11,1125,Dallas,NewOrleans,27,30,3.0,4.5,50.5,49.0,190.0,-230.0,1
2010-11,1125,NYJets,Cincinnati,26,10,43.5,43.5,8.5,9.5,-420.0,345.0,0
2010-11,1128,Washington,Minnesota,13,17,43.0,2.5,1.5,43.5,120.0,-140.0,1
2010-11,1128,Buffalo,Pittsburgh,16,19,6.0,6.5,42.0,43.5,260.0,-320.0,1
2010-11,1128,Houston,Tennessee,20,0,46.5,46.5,6.0,4.5,-210.0,175.0,0
2010-11,1128,NYGiants,Jacksonville,24,20,45.5,42.5,9.5,7.5,-350.0,290.0,0
2010-11,1128,Cleveland,Carolina,24,23,37.5,37.5,9.0,8.0,-390.0,320.0,0
2010-11,1128,Baltimore,TampaBay,17,10,42.0,42.0,9.5,8.0,-325.0,265.0,0
2010-11,1128,Chicago,Philadelphia,31,26,3.5,3.0,41.5,42.0,150.0,-170.0,1
2010-11,1128,Atlanta,GreenBay,20,17,47.5,46.5,0.0,1.5,-140.0,120.0,0
2010-11,1128,Oakland,Miami,17,33,38.0,38.0,2.5,3.0,-150.0,130.0,0
2010-11,1128,Seattle,KansasCity,24,42,1.0,2.5,43.0,46.5,105.0,-125.0,1
2010-11,1128,Denver,St.Louis,33,36,44.0,47.0,5.0,3.0,-175.0,155.0,0
2010-11,1128,Indianapolis,SanDiego,14,36,51.5,49.5,3.0,1.5,-140.0,120.0,0
2010-11,1129,Arizona,SanFrancisco,6,27,2.5,2.0,38.5,42.0,120.0,-140.0,1
2010-11,1202,Philadelphia,Houston,34,24,49.5,51.5,8.0,9.0,-380.0,310.0,0
2010-11,1205,Minnesota,Buffalo,38,14,45.0,43.5,6.5,5.0,-230.0,190.0,0
2010-11,1205,Miami,Cleveland,10,13,43.0,43.5,5.5,6.0,-250.0,200.0,0
2010-11,1205,Tennessee,Jacksonville,6,17,43.5,43.5,3.0,3.0,-165.0,140.0,0
2010-11,1205,KansasCity,Denver,10,6,47.0,48.5,6.5,8.5,-430.0,330.0,0
2010-11,1205,NYGiants,Washington,31,7,45.5,43.0,8.0,7.5,-400.0,310.0,0
2010-11,1205,Detroit,Chicago,20,24,3.5,5.5,43.5,43.5,220.0,-270.0,1
2010-11,1205,GreenBay,SanFrancisco,34,16,41.5,41.0,9.5,9.0,-515.0,390.0,0
2010-11,1205,Cincinnati,NewOrleans,30,34,6.5,6.5,47.0,45.0,260.0,-320.0,1
2010-11,1205,TampaBay,Atlanta,24,28,2.5,3.0,45.0,43.0,145.0,-170.0,1
2010-11,1205,SanDiego,Oakland,13,28,46.5,45.0,12.5,13.0,-775.0,575.0,0
2010-11,1205,Seattle,Carolina,31,14,40.0,40.5,6.5,5.0,-250.0,200.0,0
2010-11,1205,Indianapolis,Dallas,35,38,48.0,48.0,5.0,6.0,-300.0,240.0,0
2010-11,1205,Arizona,St.Louis,6,19,3.0,3.0,42.0,44.0,150.0,-175.0,1
2010-11,1205,Baltimore,Pittsburgh,10,13,39.5,38.5,2.5,3.0,-180.0,150.0,0
2010-11,1206,NewEngland,NYJets,45,3,47.0,44.5,3.0,4.0,-220.0,180.0,0
2010-11,1209,Tennessee,Indianapolis,28,30,2.0,3.5,44.0,44.0,175.0,-210.0,1
2010-11,1212,Jacksonville,Oakland,38,31,43.0,41.5,4.5,3.5,-200.0,170.0,0
2010-11,1212,Pittsburgh,Cincinnati,23,7,40.5,40.0,9.0,8.5,-475.0,365.0,0
2010-11,1212,Chicago,NewEngland,7,36,3.0,3.0,45.0,37.5,145.0,-170.0,1
2010-11,1212,Buffalo,Cleveland,13,6,43.5,39.0,1.5,0.0,-115.0,-105.0,0
2010-11,1212,Detroit,GreenBay,7,3,6.5,7.0,44.5,46.0,290.0,-370.0,1
2010-11,1212,Carolina,Atlanta,10,31,7.0,8.0,42.0,41.5,310.0,-400.0,1
2010-11,1212,Washington,TampaBay,16,17,1.0,1.0,41.0,41.0,105.0,-125.0,1
2010-11,1212,NewOrleans,St.Louis,31,13,45.5,47.5,9.5,9.5,-515.0,390.0,0
2010-11,1212,SanFrancisco,Seattle,40,21,41.0,42.0,4.0,4.5,-220.0,180.0,0
2010-11,1212,NYJets,Miami,6,10,41.0,37.5,6.0,5.0,-260.0,210.0,0
2010-11,1212,Arizona,Denver,43,13,6.0,4.0,43.0,44.0,175.0,-215.0,1
2010-11,1212,SanDiego,KansasCity,31,0,47.0,45.5,7.0,10.0,-600.0,450.0,0
2010-11,1212,Dallas,Philadelphia,27,30,3.0,4.0,49.5,50.5,185.0,-225.0,1
2010-11,1213,Houston,Baltimore,28,34,3.0,3.0,45.5,46.5,140.0,-160.0,1
2010-11,1213,Minnesota,NYGiants,3,21,3.0,5.0,43.0,43.5,210.0,-250.0,1
2010-11,1216,SanDiego,SanFrancisco,34,7,44.0,45.0,9.0,10.5,-550.0,430.0,0
2010-11,1219,St.Louis,KansasCity,13,27,1.0,42.5,43.5,3.0,-155.0,135.0,2
2010-11,1219,Tennessee,Houston,31,17,47.5,47.0,1.0,2.0,-130.0,110.0,0
2010-11,1219,Indianapolis,Jacksonville,34,24,48.5,48.0,5.0,4.5,-240.0,200.0,0
2010-11,1219,Carolina,Arizona,19,12,37.5,37.5,2.5,2.5,-140.0,120.0,0
2010-11,1219,Cincinnati,Cleveland,19,17,40.0,41.0,1.0,0.0,-110.0,-110.0,0
2010-11,1219,Miami,Buffalo,14,17,41.0,40.0,6.0,6.0,-260.0,220.0,0
2010-11,1219,NYGiants,Philadelphia,31,38,46.0,47.0,3.0,3.0,-155.0,135.0,0
2010-11,1219,Dallas,Washington,33,30,45.0,44.0,6.0,9.0,-450.0,350.0,0
2010-11,1219,TampaBay,Detroit,20,23,42.5,43.0,5.5,4.0,-210.0,175.0,0
2010-11,1219,Baltimore,NewOrleans,30,24,43.5,45.0,2.5,2.5,-135.0,115.0,0
2010-11,1219,Seattle,Atlanta,18,34,6.0,5.5,45.5,46.5,200.0,-240.0,1
2010-11,1219,Pittsburgh,NYJets,17,22,36.0,36.0,6.0,3.5,-200.0,170.0,0
2010-11,1219,Oakland,Denver,39,23,44.0,41.5,6.5,7.5,-350.0,290.0,0
2010-11,1219,NewEngland,GreenBay,31,27,43.5,43.5,13.0,14.0,-1000.0,700.0,0
2010-11,1220,Minnesota,Chicago,14,40,9.0,6.5,33.0,34.5,220.0,-260.0,1
2010-11,1223,Pittsburgh,Carolina,27,3,37.0,38.0,13.0,14.5,-900.0,650.0,0
2010-11,1224,Arizona,Dallas,27,26,6.0,7.5,45.0,45.0,280.0,-340.0,1
2010-11,1226,Miami,Detroit,27,34,41.0,41.5,3.5,3.5,-190.0,165.0,0
2010-11,1226,Jacksonville,Washington,17,20,45.0,45.5,6.5,7.0,-280.0,240.0,0
2010-11,1226,St.Louis,SanFrancisco,25,17,39.5,40.5,1.0,2.5,-135.0,115.0,0
2010-11,1226,TampaBay,Seattle,38,15,42.5,43.5,6.0,5.5,-230.0,190.0,0
2010-11,1226,Buffalo,NewEngland,3,34,8.0,7.5,45.5,46.0,300.0,-360.0,1
2010-11,1226,Chicago,NYJets,38,34,36.5,36.0,1.0,3.0,-135.0,115.0,0
2010-11,1226,Cleveland,Baltimore,10,20,3.0,4.0,39.0,40.0,170.0,-200.0,1
2010-11,1226,KansasCity,Tennessee,34,14,41.5,42.5,5.0,4.0,-200.0,170.0,0
2010-11,1226,Oakland,Indianapolis,26,31,3.0,2.5,47.0,46.5,115.0,-135.0,1
2010-11,1226,Denver,Houston,24,23,3.0,2.0,49.0,49.5,110.0,-130.0,1
2010-11,1226,GreenBay,NYGiants,45,17,43.0,43.0,3.0,3.0,-170.0,150.0,0
2010-11,1226,Cincinnati,SanDiego,34,20,7.0,9.0,44.5,44.0,305.0,-370.0,1
2010-11,1227,Atlanta,NewOrleans,14,17,47.5,50.5,2.0,2.5,-130.0,110.0,0
2010-11,1228,Philadelphia,Minnesota,14,24,38.0,44.5,13.5,14.5,-970.0,685.0,0
2010-11,102,KansasCity,Oakland,10,31,43.5,43.5,4.0,5.0,-220.0,180.0,0
2010-11,102,NewEngland,Miami,38,7,42.5,44.0,2.0,4.5,-210.0,175.0,0
2010-11,102,Indianapolis,Tennessee,23,20,47.0,48.0,8.5,9.0,-500.0,400.0,0
2010-11,102,Houston,Jacksonville,34,17,2.5,47.5,49.5,5.0,-225.0,185.0,2
2010-11,102,Cleveland,Pittsburgh,9,41,6.0,6.5,38.0,38.5,220.0,-260.0,1
2010-11,102,Baltimore,Cincinnati,13,7,43.5,43.0,9.5,9.5,-500.0,400.0,0
2010-11,102,Detroit,Minnesota,20,13,42.0,44.0,3.0,3.5,-210.0,175.0,0
2010-11,102,Washington,NYGiants,14,17,3.5,5.0,45.5,45.0,180.0,-220.0,1
2010-11,102,GreenBay,Chicago,10,3,41.5,43.5,10.0,11.5,-700.0,500.0,0
2010-11,102,Philadelphia,Dallas,13,14,42.0,2.0,2.5,43.5,115.0,-135.0,1
2010-11,102,NYJets,Buffalo,38,7,41.0,38.0,2.0,1.0,-110.0,-110.0,0
2010-11,102,Atlanta,Carolina,31,10,41.0,41.5,14.5,14.5,-1100.0,750.0,0
2010-11,102,NewOrleans,TampaBay,13,23,48.0,47.0,8.0,7.0,-300.0,250.0,0
2010-11,102,Seattle,St.Louis,16,6,42.0,3.0,1.0,43.0,145.0,-165.0,1
2010-11,102,SanFrancisco,Arizona,38,7,38.0,39.0,7.0,6.0,-260.0,220.0,0
2010-11,102,Denver,SanDiego,28,33,3.5,5.5,47.5,47.5,200.0,-240.0,1
2010-11,108,Seattle,NewOrleans,41,36,10.5,10.0,45.5,46.0,400.0,-500.0,1
2010-11,108,Indianapolis,NYJets,16,17,44.5,44.5,3.0,2.0,-130.0,110.0,0
2010-11,109,KansasCity,Baltimore,7,30,2.5,3.0,41.5,41.0,150.0,-170.0,1
2010-11,109,Philadelphia,GreenBay,16,21,46.0,47.0,2.5,1.5,-125.0,105.0,0
2010-11,115,Pittsburgh,Baltimore,31,24,36.5,38.0,3.0,3.0,-180.0,160.0,0
2010-11,115,Atlanta,GreenBay,21,48,45.5,44.5,2.0,1.0,-120.0,100.0,0
2010-11,116,Chicago,Seattle,35,24,40.0,43.0,10.0,10.0,-450.0,350.0,0
2010-11,116,NewEngland,NYJets,21,28,45.5,45.0,9.0,9.0,-400.0,320.0,0
2010-11,123,Chicago,GreenBay,14,21,3.0,3.5,44.0,42.0,165.0,-190.0,1
2010-11,123,Pittsburgh,NYJets,24,19,38.5,38.0,4.0,4.0,-200.0,170.0,0
2011-12,908,GreenBay,NewOrleans,42,34,46.0,48.0,4.5,5.0,-250.0,210.0,0
2011-12,911,Baltimore,Pittsburgh,35,7,37.0,37.0,2.5,1.0,-120.0,100.0,0
2011-12,911,TampaBay,Detroit,20,27,40.5,43.5,3.0,1.5,-130.0,110.0,0
2011-12,911,Chicago,Atlanta,30,12,41.0,1.0,0.0,40.5,100.0,-120.0,1
2011-12,911,KansasCity,Buffalo,7,41,42.5,39.0,6.5,3.5,-210.0,175.0,0
2011-12,911,Houston,Indianapolis,34,7,47.0,44.0,2.0,8.5,-430.0,330.0,0
2011-12,911,St.Louis,Philadelphia,13,31,4.0,3.5,44.5,44.0,180.0,-215.0,1
2011-12,911,Cleveland,Cincinnati,17,27,37.5,36.5,3.0,7.0,-350.0,280.0,0
2011-12,911,Jacksonville,Tennessee,16,14,40.5,1.5,2.5,37.5,105.0,-125.0,1
2011-12,911,Washington,NYGiants,28,14,3.0,40.5,39.0,0.0,-110.0,-110.0,2
2011-12,911,Arizona,Carolina,28,21,38.0,37.5,3.0,6.5,-320.0,260.0,0
2011-12,911,SanFrancisco,Seattle,33,17,40.5,38.0,6.0,6.0,-260.0,210.0,0
2011-12,911,SanDiego,Minnesota,24,17,41.5,44.0,9.5,9.0,-450.0,350.0,0
2011-12,911,NYJets,Dallas,27,24,41.0,41.0,4.0,6.5,-320.0,260.0,0
2011-12,912,Miami,NewEngland,24,38,3.5,7.5,45.0,47.0,290.0,-350.0,1
2011-12,912,Denver,Oakland,20,23,41.0,43.0,0.0,3.0,-175.0,155.0,0
2011-12,918,NewOrleans,Chicago,30,13,47.0,46.5,7.0,5.0,-230.0,190.0,0
2011-12,918,Detroit,KansasCity,48,3,44.0,45.0,8.0,9.0,-320.0,260.0,0
2011-12,918,NYJets,Jacksonville,32,3,37.5,38.5,10.0,9.0,-400.0,320.0,0
2011-12,918,Buffalo,Oakland,38,35,41.5,41.0,4.0,4.0,-200.0,170.0,0
2011-12,918,Washington,Arizona,22,21,42.5,45.0,4.0,4.5,-220.0,180.0,0
2011-12,918,Tennessee,Baltimore,26,13,4.0,6.0,37.5,39.0,210.0,-250.0,1
2011-12,918,Pittsburgh,Seattle,24,0,38.5,40.0,12.5,14.0,-900.0,650.0,0
2011-12,918,Carolina,GreenBay,23,30,10.0,11.0,45.5,45.0,435.0,-570.0,1
2011-12,918,Minnesota,TampaBay,20,24,41.0,41.0,3.0,1.0,-130.0,110.0,0
2011-12,918,Indianapolis,Cleveland,19,27,1.0,1.5,37.0,39.0,110.0,-130.0,1
2011-12,918,SanFrancisco,Dallas,24,27,3.0,3.0,41.5,41.0,145.0,-165.0,1
2011-12,918,Miami,Houston,13,23,3.0,3.0,46.0,47.5,140.0,-160.0,1
2011-12,918,NewEngland,SanDiego,35,21,51.5,53.5,7.0,6.5,-280.0,240.0,0
2011-12,918,Denver,Cincinnati,24,22,39.5,40.5,5.0,3.0,-180.0,160.0,0
2011-12,918,Atlanta,Philadelphia,35,31,1.0,2.5,49.5,50.0,125.0,-145.0,1
2011-12,919,NYGiants,St.Louis,28,16,44.0,43.5,4.5,7.0,-330.0,270.0,0
2011-12,925,Cincinnati,SanFrancisco,8,13,40.0,38.5,1.0,1.0,-125.0,105.0,0
2011-12,925,Buffalo,NewEngland,34,31,9.0,7.5,51.0,54.5,270.0,-330.0,1
2011-12,925,NewOrleans,Houston,40,33,52.0,51.0,4.5,4.0,-180.0,160.0,0
2011-12,925,Philadelphia,NYGiants,16,29,48.5,46.5,7.5,8.0,-370.0,305.0,0
2011-12,925,Cleveland,Miami,17,16,41.0,2.0,3.0,42.5,110.0,-130.0,1
2011-12,925,Tennessee,Denver,17,14,41.0,44.0,4.5,7.0,-300.0,250.0,0
2011-12,925,Minnesota,Detroit,23,26,4.0,3.0,44.5,45.0,145.0,-165.0,1
2011-12,925,Carolina,Jacksonville,16,10,41.5,43.5,3.0,3.5,-175.0,155.0,0
2011-12,925,SanDiego,KansasCity,20,17,44.5,45.0,15.0,14.0,-850.0,625.0,0
2011-12,925,Oakland,NYJets,34,24,3.5,3.0,42.0,40.0,115.0,-135.0,1
2011-12,925,St.Louis,Baltimore,7,37,3.5,6.0,41.5,42.0,200.0,-240.0,1
2011-12,925,TampaBay,Atlanta,16,13,1.0,45.0,45.5,1.0,-113.0,102.0,2
2011-12,925,Seattle,Arizona,13,10,3.0,3.0,41.0,43.0,140.0,-160.0,1
2011-12,925,Chicago,GreenBay,17,27,3.5,5.0,46.0,45.5,180.0,-220.0,1
2011-12,925,Indianapolis,Pittsburgh,20,23,11.0,11.5,38.5,40.0,475.0,-650.0,1
2011-12,926,Dallas,Washington,18,16,45.0,45.0,4.0,3.5,-170.0,150.0,0
2011-12,1002,Dallas,Detroit,30,34,46.5,46.5,1.5,2.5,-135.0,115.0,0
2011-12,1002,Jacksonville,NewOrleans,10,23,7.0,9.0,47.0,45.0,315.0,-390.0,1
2011-12,1002,Philadelphia,SanFrancisco,23,24,44.0,43.5,7.0,10.0,-490.0,390.0,0
2011-12,1002,St.Louis,Washington,10,17,1.0,3.0,42.5,44.0,135.0,-155.0,1
2011-12,1002,Cleveland,Tennessee,13,31,37.0,37.5,1.0,1.5,-130.0,118.0,0
2011-12,1002,Cincinnati,Buffalo,23,20,3.0,3.0,44.0,43.0,130.0,-150.0,1
2011-12,1002,KansasCity,Minnesota,22,17,1.0,3.0,40.0,40.0,145.0,-165.0,1
2011-12,1002,Chicago,Carolina,34,29,44.0,42.0,6.0,7.0,-300.0,250.0,0
2011-12,1002,Houston,Pittsburgh,17,10,45.5,46.5,3.0,4.0,-200.0,170.0,0
2011-12,1002,Seattle,Atlanta,28,30,4.0,6.0,41.0,39.5,220.0,-260.0,1
2011-12,1002,Arizona,NYGiants,27,31,3.0,1.5,44.5,45.5,-103.0,-107.0,1
2011-12,1002,SanDiego,Miami,26,16,46.5,45.0,9.0,7.0,-300.0,250.0,0
2011-12,1002,GreenBay,Denver,49,23,48.0,46.5,13.0,12.5,-650.0,475.0,0
2011-12,1002,Oakland,NewEngland,19,31,4.5,6.5,52.0,55.5,230.0,-270.0,1
2011-12,1002,Baltimore,NYJets,34,17,39.5,43.0,3.5,5.0,-240.0,200.0,0
2011-12,1003,TampaBay,Indianapolis,24,17,41.5,40.5,10.0,10.0,-500.0,400.0,0
2011-12,1009,Indianapolis,KansasCity,24,28,38.5,37.5,2.0,0.0,-130.0,110.0,0
2011-12,1009,Minnesota,Arizona,34,10,43.0,44.5,3.0,3.5,-200.0,170.0,0
2011-12,1009,Buffalo,Philadelphia,31,24,3.0,3.0,48.5,52.5,145.0,-165.0,1
2011-12,1009,Houston,Oakland,20,25,49.0,48.0,5.5,4.5,-225.0,185.0,0
2011-12,1009,Carolina,NewOrleans,27,30,6.5,7.5,51.5,51.5,240.0,-300.0,1
2011-12,1009,Jacksonville,Cincinnati,20,30,35.5,1.5,2.5,36.5,115.0,-135.0,1
2011-12,1009,Pittsburgh,Tennessee,38,17,41.0,40.0,6.5,3.0,-180.0,160.0,0
2011-12,1009,NYGiants,Seattle,25,36,41.5,43.5,10.0,10.5,-500.0,400.0,0
2011-12,1009,SanFrancisco,TampaBay,48,3,41.0,41.0,2.5,2.5,-145.0,125.0,0
2011-12,1009,NewEngland,NYJets,30,21,50.0,50.5,8.0,9.0,-360.0,290.0,0
2011-12,1009,Denver,SanDiego,24,29,6.0,3.5,47.0,47.5,170.0,-200.0,1
2011-12,1009,Atlanta,GreenBay,14,25,4.0,6.0,53.0,53.5,205.0,-255.0,1
2011-12,1010,Detroit,Chicago,24,13,46.5,47.5,6.0,7.0,-300.0,250.0,0
2011-12,1016,GreenBay,St.Louis,24,3,48.0,47.0,14.5,14.0,-1000.0,700.0,0
2011-12,1016,Pittsburgh,Jacksonville,17,13,38.5,40.0,13.0,12.0,-600.0,450.0,0
2011-12,1016,Washington,Philadelphia,13,20,1.5,3.0,47.5,46.5,130.0,-150.0,1
2011-12,1016,Detroit,SanFrancisco,19,25,47.0,45.0,5.0,5.0,-230.0,190.0,0
2011-12,1016,Atlanta,Carolina,31,17,51.0,49.5,6.0,3.5,-180.0,160.0,0
2011-12,1016,Cincinnati,Indianapolis,27,17,38.0,40.5,7.0,4.5,-240.0,200.0,0
2011-12,1016,NYGiants,Buffalo,27,24,48.5,49.0,3.0,3.0,-185.0,165.0,0
2011-12,1016,Baltimore,Houston,29,14,45.0,43.5,5.5,7.0,-300.0,250.0,0
2011-12,1016,Oakland,Cleveland,24,17,44.0,44.5,7.0,6.5,-300.0,250.0,0
2011-12,1016,NewEngland,Dallas,20,16,54.0,54.5,7.0,6.5,-300.0,250.0,0
2011-12,1016,TampaBay,NewOrleans,26,20,5.0,6.5,49.0,50.0,235.0,-275.0,1
2011-12,1016,Chicago,Minnesota,39,10,43.0,42.0,3.0,1.5,-130.0,110.0,0
2011-12,1017,NYJets,Miami,24,6,41.0,41.5,9.0,7.5,-390.0,315.0,0
2011-12,1023,Carolina,Washington,33,20,44.5,44.5,3.0,2.5,-140.0,120.0,0
2011-12,1023,NYJets,SanDiego,27,21,45.5,1.0,0.0,43.5,110.0,-130.0,1
2011-12,1023,Cleveland,Seattle,6,3,40.0,41.0,3.0,3.0,-190.0,165.0,0
2011-12,1023,Tennessee,Houston,7,41,43.0,44.0,3.0,2.5,-140.0,120.0,0
2011-12,1023,Miami,Denver,15,18,42.5,1.0,3.0,41.5,115.0,-135.0,1
2011-12,1023,Detroit,Atlanta,16,23,48.5,47.0,4.5,4.5,-210.0,175.0,0
2011-12,1023,Oakland,KansasCity,0,28,42.0,41.5,3.5,3.5,-190.0,165.0,0
2011-12,1023,Arizona,Pittsburgh,20,32,4.0,4.5,42.5,46.5,190.0,-230.0,1
2011-12,1023,Dallas,St.Louis,34,7,44.5,43.0,10.5,14.0,-975.0,685.0,0
2011-12,1023,Minnesota,GreenBay,27,33,9.5,11.0,47.5,47.0,475.0,-650.0,1
2011-12,1023,NewOrleans,Indianapolis,62,7,47.5,49.0,14.0,14.0,-950.0,675.0,0
2011-12,1024,Jacksonville,Baltimore,12,7,9.0,10.5,39.0,39.0,450.0,-600.0,1
2011-12,1030,Tennessee,Indianapolis,27,10,42.0,43.5,9.0,7.5,-360.0,300.0,0
2011-12,1030,Houston,Jacksonville,24,14,41.5,41.0,9.5,10.0,-460.0,360.0,0
2011-12,1030,Carolina,Minnesota,21,24,47.0,47.0,4.0,3.0,-175.0,155.0,0
2011-12,1030,St.Louis,NewOrleans,31,21,13.0,14.0,47.5,48.5,675.0,-950.0,1
2011-12,1030,Baltimore,Arizona,30,27,44.5,43.0,13.0,11.5,-720.0,520.0,0
2011-12,1030,NYGiants,Miami,20,17,42.0,43.5,10.0,10.0,-500.0,400.0,0
2011-12,1030,Buffalo,Washington,23,0,46.0,46.5,4.0,4.0,-210.0,175.0,0
2011-12,1030,Denver,Detroit,10,45,3.0,3.5,43.5,43.5,165.0,-190.0,1
2011-12,1030,Pittsburgh,NewEngland,25,17,1.5,3.0,52.0,52.0,150.0,-170.0,1
2011-12,1030,SanFrancisco,Cleveland,20,10,39.5,38.5,9.5,9.5,-450.0,350.0,0
2011-12,1030,Seattle,Cincinnati,12,34,2.5,1.5,38.5,37.5,110.0,-130.0,1
2011-12,1030,Philadelphia,Dallas,34,7,51.0,49.5,3.5,3.0,-170.0,150.0,0
2011-12,1031,KansasCity,SanDiego,23,20,3.5,3.0,44.5,44.5,145.0,-165.0,1
2011-12,1106,Indianapolis,Atlanta,7,31,9.0,7.0,45.0,44.5,250.0,-300.0,1
2011-12,1106,NewOrleans,TampaBay,27,16,51.5,51.0,9.0,9.0,-430.0,335.0,0
2011-12,1106,Houston,Cleveland,30,12,40.0,42.5,10.5,11.0,-550.0,425.0,0
2011-12,1106,Buffalo,NYJets,11,27,43.5,45.5,1.0,2.5,-135.0,115.0,0
2011-12,1106,KansasCity,Miami,3,31,39.5,40.5,5.0,5.5,-250.0,210.0,0
2011-12,1106,Washington,SanFrancisco,11,19,4.0,5.5,39.5,38.0,190.0,-230.0,1
2011-12,1106,Dallas,Seattle,23,13,42.5,46.0,12.5,10.5,-550.0,425.0,0
2011-12,1106,Oakland,Denver,24,38,45.0,41.5,7.0,7.0,-340.0,280.0,0
2011-12,1106,Tennessee,Cincinnati,17,24,40.5,41.5,3.0,2.5,-130.0,110.0,0
2011-12,1106,Arizona,St.Louis,19,13,43.5,42.0,3.5,1.0,-130.0,110.0,0
2011-12,1106,NewEngland,NYGiants,20,24,52.5,52.0,9.0,9.5,-500.0,400.0,0
2011-12,1106,SanDiego,GreenBay,38,45,6.0,6.0,52.0,50.5,200.0,-240.0,1
2011-12,1106,Pittsburgh,Baltimore,20,23,43.0,42.0,3.5,3.5,-200.0,170.0,0
2011-12,1107,Philadelphia,Chicago,24,30,47.0,47.5,7.0,8.0,-350.0,290.0,0
2011-12,1110,SanDiego,Oakland,17,24,51.0,47.5,7.0,7.0,-350.0,285.0,0
2011-12,1113,Cincinnati,Pittsburgh,17,24,3.0,3.5,41.5,40.5,175.0,-210.0,1
2011-12,1113,KansasCity,Denver,10,17,42.5,42.5,4.0,3.0,-190.0,165.0,0
2011-12,1113,Indianapolis,Jacksonville,3,17,3.0,3.0,37.0,37.5,135.0,-155.0,1
2011-12,1113,Dallas,Buffalo,44,7,48.0,48.5,6.0,4.5,-220.0,180.0,0
2011-12,1113,TampaBay,Houston,9,37,3.0,3.5,45.5,45.5,170.0,-200.0,1
2011-12,1113,Carolina,Tennessee,3,30,45.5,47.0,3.0,3.5,-200.0,170.0,0
2011-12,1113,Miami,Washington,20,9,37.5,38.5,3.5,4.0,-225.0,185.0,0
2011-12,1113,Atlanta,NewOrleans,23,26,1.0,50.0,51.5,1.0,-115.0,-105.0,2
2011-12,1113,Chicago,Detroit,37,13,47.0,42.5,2.5,3.0,-145.0,125.0,0
2011-12,1113,Cleveland,St.Louis,12,13,37.0,36.5,3.0,2.5,-150.0,130.0,0
2011-12,1113,Philadelphia,Arizona,17,21,47.0,47.0,14.0,13.0,-760.0,560.0,0
2011-12,1113,Seattle,Baltimore,22,17,7.5,7.0,39.5,38.5,260.0,-320.0,1
2011-12,1113,SanFrancisco,NYGiants,27,20,43.5,43.0,3.5,4.0,-220.0,180.0,0
2011-12,1113,NYJets,NewEngland,16,37,48.0,47.0,0.0,2.5,-145.0,125.0,0
2011-12,1114,GreenBay,Minnesota,45,7,51.5,49.5,14.0,13.0,-650.0,475.0,0
2011-12,1117,Denver,NYJets,17,13,5.0,6.5,42.5,38.5,230.0,-270.0,1
2011-12,1120,Atlanta,Tennessee,23,17,44.0,44.0,6.5,5.5,-240.0,200.0,0
2011-12,1120,Miami,Buffalo,35,8,43.0,44.0,2.0,3.0,-150.0,130.0,0
2011-12,1120,Baltimore,Cincinnati,31,24,41.0,40.5,9.0,7.0,-290.0,245.0,0
2011-12,1120,Cleveland,Jacksonville,14,10,36.0,34.5,1.5,1.0,-135.0,115.0,0
2011-12,1120,Minnesota,Oakland,21,27,1.5,46.5,44.5,2.0,-135.0,115.0,2
2011-12,1120,Detroit,Carolina,49,35,49.0,48.0,7.0,7.0,-300.0,250.0,0
2011-12,1120,GreenBay,TampaBay,35,26,49.5,48.5,14.5,13.5,-750.0,550.0,0
2011-12,1120,Washington,Dallas,24,27,7.5,7.0,41.0,42.5,285.0,-345.0,1
2011-12,1120,SanFrancisco,Arizona,23,7,42.0,40.5,10.0,10.0,-600.0,450.0,0
2011-12,1120,St.Louis,Seattle,7,24,37.0,41.0,3.0,3.0,-150.0,130.0,0
2011-12,1120,Chicago,SanDiego,31,20,47.0,45.5,4.0,4.0,-220.0,180.0,0
2011-12,1120,NYGiants,Philadelphia,10,17,47.0,45.0,3.5,6.0,-230.0,190.0,0
2011-12,1121,NewEngland,KansasCity,34,3,48.0,46.5,14.5,17.0,-1700.0,1125.0,0
2011-12,1124,Detroit,GreenBay,15,27,7.0,4.5,55.5,55.0,170.0,-200.0,1
2011-12,1124,Dallas,Miami,20,19,44.0,46.0,9.0,7.0,-320.0,260.0,0
2011-12,1124,Baltimore,SanFrancisco,16,6,39.0,40.5,4.5,3.5,-170.0,150.0,0
2011-12,1127,St.Louis,Arizona,20,23,39.0,40.0,3.0,2.5,-135.0,115.0,0
2011-12,1127,NYJets,Buffalo,28,24,43.5,42.5,8.5,9.5,-475.0,375.0,0
2011-12,1127,Cincinnati,Cleveland,23,20,36.0,38.5,7.5,6.5,-290.0,230.0,0
2011-12,1127,Jacksonville,Houston,13,20,3.5,6.0,40.0,37.0,225.0,-285.0,1
2011-12,1127,Indianapolis,Carolina,19,27,4.0,3.5,44.5,46.5,170.0,-210.0,1
2011-12,1127,Tennessee,TampaBay,23,17,42.0,43.5,3.5,3.0,-165.0,145.0,0
2011-12,1127,Atlanta,Minnesota,24,14,44.0,44.0,9.0,10.0,-530.0,405.0,0
2011-12,1127,Oakland,Chicago,25,20,1.5,40.5,46.0,3.0,-145.0,125.0,2
2011-12,1127,Seattle,Washington,17,23,37.5,37.0,4.5,3.0,-155.0,135.0,0
2011-12,1127,Philadelphia,NewEngland,20,38,3.0,3.0,49.5,50.5,135.0,-155.0,1
2011-12,1127,SanDiego,Denver,13,16,44.5,42.5,7.0,4.5,-210.0,170.0,0
2011-12,1127,KansasCity,Pittsburgh,9,13,10.5,10.5,39.5,42.0,440.0,-600.0,1
2011-12,1128,NewOrleans,NYGiants,49,24,52.0,51.0,6.5,7.0,-310.0,255.0,0
2011-12,1201,Seattle,Philadelphia,31,14,3.0,3.0,44.0,43.5,140.0,-160.0,1
2011-12,1204,Buffalo,Tennessee,17,23,44.0,43.5,1.5,1.0,-115.0,-105.0,0
2011-12,1204,Chicago,KansasCity,3,10,38.5,35.5,9.0,9.0,-400.0,320.0,0
2011-12,1204,Miami,Oakland,34,14,42.5,43.0,2.5,3.0,-170.0,150.0,0
2011-12,1204,Pittsburgh,Cincinnati,35,7,42.0,43.5,7.0,7.0,-320.0,260.0,0
2011-12,1204,Cleveland,Baltimore,10,24,7.0,7.0,37.5,38.5,255.0,-325.0,1
2011-12,1204,Washington,NYJets,19,34,3.5,3.0,37.5,39.0,155.0,-175.0,1
2011-12,1204,Houston,Atlanta,17,10,2.5,1.5,41.0,38.0,105.0,-125.0,1
2011-12,1204,TampaBay,Carolina,19,38,48.0,2.5,3.5,46.5,120.0,-140.0,1
2011-12,1204,NewOrleans,Detroit,31,17,53.5,55.5,8.5,8.5,-370.0,300.0,0
2011-12,1204,Minnesota,Denver,32,35,37.5,37.5,1.0,1.0,-125.0,105.0,0
2011-12,1204,SanFrancisco,St.Louis,26,0,37.5,38.5,13.0,14.0,-850.0,550.0,0
2011-12,1204,Arizona,Dallas,19,13,6.5,4.0,45.5,47.0,170.0,-210.0,1
2011-12,1204,NYGiants,GreenBay,35,38,7.0,7.0,52.5,54.0,250.0,-310.0,1
2011-12,1204,NewEngland,Indianapolis,31,24,48.0,48.5,20.5,20.5,-2400.0,1300.0,4
2011-12,1205,Jacksonville,SanDiego,14,38,1.5,3.0,40.0,40.0,150.0,-170.0,1
2011-12,1208,Pittsburgh,Cleveland,14,3,39.5,40.5,14.0,14.0,-1100.0,816.0,0
2011-12,1211,Baltimore,Indianapolis,24,10,41.0,41.5,16.0,16.0,-1400.0,900.0,0
2011-12,1211,Cincinnati,Houston,19,20,37.5,37.5,3.0,2.5,-140.0,120.0,0
2011-12,1211,GreenBay,Oakland,46,16,55.0,49.5,12.0,12.0,-700.0,475.0,0
2011-12,1211,NYJets,KansasCity,37,10,37.0,35.5,9.5,10.5,-660.0,435.0,0
2011-12,1211,Detroit,Minnesota,34,28,47.0,47.0,12.0,10.5,-525.0,415.0,0
2011-12,1211,Tennessee,NewOrleans,17,22,4.5,3.5,48.0,48.0,160.0,-180.0,1
2011-12,1211,Miami,Philadelphia,10,26,44.0,44.0,3.5,3.0,-140.0,120.0,0
2011-12,1211,Washington,NewEngland,27,34,8.5,7.5,48.0,46.5,280.0,-350.0,1
2011-12,1211,Carolina,Atlanta,23,31,3.0,2.5,48.5,47.5,130.0,-150.0,1
2011-12,1211,Jacksonville,TampaBay,41,14,2.5,3.0,40.0,42.0,125.0,-145.0,1
2011-12,1211,Arizona,SanFrancisco,21,19,3.5,3.5,40.5,39.0,155.0,-175.0,1
2011-12,1211,Denver,Chicago,13,10,36.0,35.5,4.0,3.0,-175.0,155.0,0
2011-12,1211,SanDiego,Buffalo,37,10,46.5,49.5,6.5,7.0,-340.0,270.0,0
2011-12,1211,Dallas,NYGiants,34,37,49.5,49.5,3.5,4.5,-215.0,175.0,0
2011-12,1212,Seattle,St.Louis,30,13,37.0,38.5,9.5,9.0,-420.0,330.0,0
2011-12,1215,Atlanta,Jacksonville,41,14,42.5,41.5,11.0,13.5,-900.0,650.0,0
2011-12,1217,TampaBay,Dallas,15,31,6.0,7.0,46.0,47.0,300.0,-360.0,1
2011-12,1218,NYGiants,Washington,10,23,45.5,46.0,7.5,6.0,-280.0,230.0,0
2011-12,1218,KansasCity,GreenBay,19,14,14.0,12.0,46.5,45.5,490.0,-665.0,1
2011-12,1218,Minnesota,NewOrleans,20,42,7.0,7.0,51.0,53.5,255.0,-325.0,1
2011-12,1218,Chicago,Seattle,14,38,35.5,34.5,4.0,3.0,-195.0,170.0,0
2011-12,1218,Buffalo,Miami,23,30,1.0,42.0,41.0,0.0,-110.0,-110.0,2
2011-12,1218,Houston,Carolina,13,28,46.5,45.0,6.5,4.5,-250.0,200.0,0
2011-12,1218,Indianapolis,Tennessee,27,13,7.0,6.5,40.5,41.5,235.0,-295.0,1
2011-12,1218,St.Louis,Cincinnati,13,20,6.5,7.0,38.5,38.5,265.0,-335.0,1
2011-12,1218,Oakland,Detroit,27,28,48.0,3.0,0.0,47.5,125.0,-145.0,1
2011-12,1218,Denver,NewEngland,23,41,4.5,7.5,46.5,47.5,255.0,-315.0,1
2011-12,1218,Philadelphia,NYJets,45,19,45.0,44.0,2.0,3.0,-170.0,150.0,0
2011-12,1218,Arizona,Cleveland,20,17,37.0,37.0,6.5,6.0,-260.0,210.0,0
2011-12,1218,SanDiego,Baltimore,34,14,1.0,1.0,43.0,45.0,-105.0,-115.0,1
2011-12,1219,SanFrancisco,Pittsburgh,20,3,39.0,36.5,1.0,3.0,-150.0,130.0,0
2011-12,1222,Indianapolis,Houston,19,16,6.5,7.0,40.5,40.5,260.0,-320.0,1
2011-12,1224,KansasCity,Oakland,13,16,43.0,43.0,1.0,2.5,-145.0,125.0,0
2011-12,1224,Buffalo,Denver,40,14,3.0,3.0,42.5,43.5,135.0,-155.0,1
2011-12,1224,Tennessee,Jacksonville,23,17,39.0,38.5,7.5,8.0,-380.0,310.0,0
2011-12,1224,Cincinnati,Arizona,23,16,40.0,41.0,5.5,4.0,-220.0,180.0,0
2011-12,1224,NewEngland,Miami,27,24,48.5,49.0,10.5,7.5,-380.0,310.0,0
2011-12,1224,Baltimore,Cleveland,20,14,39.0,38.5,13.5,11.0,-650.0,500.0,0
2011-12,1224,NYJets,NYGiants,14,29,47.0,46.5,3.0,2.5,-145.0,125.0,0
2011-12,1224,Washington,Minnesota,26,33,43.5,43.0,5.5,6.0,-260.0,220.0,0
2011-12,1224,Carolina,TampaBay,48,16,49.0,48.0,7.0,7.5,-360.0,300.0,0
2011-12,1224,Pittsburgh,St.Louis,27,0,39.0,34.0,16.0,10.0,-550.0,425.0,0
2011-12,1224,Detroit,SanDiego,38,10,50.5,52.5,1.0,0.0,100.0,-120.0,0
2011-12,1224,Seattle,SanFrancisco,17,19,3.0,2.5,38.0,37.0,120.0,-140.0,1
2011-12,1224,Dallas,Philadelphia,7,20,50.5,2.0,3.0,49.5,110.0,-130.0,1
2011-12,1225,GreenBay,Chicago,35,21,44.5,41.0,13.0,13.0,-850.0,575.0,0
2011-12,1226,NewOrleans,Atlanta,45,16,53.0,53.0,6.5,7.0,-340.0,280.0,0
2011-12,101,Philadelphia,Washington,34,10,46.0,44.5,9.0,7.0,-355.0,295.0,0
2011-12,101,Atlanta,TampaBay,45,24,47.0,45.5,10.5,10.0,-400.0,325.0,0
2011-12,101,St.Louis,SanFrancisco,27,34,10.5,12.5,36.0,34.5,500.0,-700.0,1
2011-12,101,Minnesota,Chicago,13,17,1.0,41.5,39.0,1.5,-135.0,115.0,2
2011-12,101,GreenBay,Detroit,45,41,48.0,6.5,3.0,42.0,245.0,-285.0,1
2011-12,101,NYGiants,Dallas,31,14,48.0,48.0,3.0,3.0,-165.0,145.0,0
2011-12,101,NewOrleans,Carolina,45,17,56.0,55.0,9.0,7.0,-320.0,260.0,0
2011-12,101,Houston,Tennessee,22,23,1.5,1.5,40.5,38.5,105.0,-125.0,1
2011-12,101,Cincinnati,Baltimore,16,24,3.0,3.0,39.0,38.0,130.0,-150.0,1
2011-12,101,Cleveland,Pittsburgh,9,13,6.5,7.5,35.5,33.0,280.0,-340.0,1
2011-12,101,Jacksonville,Indianapolis,19,13,37.0,36.5,5.0,3.0,-180.0,160.0,0
2011-12,101,Miami,NYJets,19,17,41.5,39.0,2.0,1.0,-120.0,100.0,0
2011-12,101,NewEngland,Buffalo,49,21,51.5,50.0,13.0,10.0,-550.0,425.0,0
2011-12,101,Oakland,SanDiego,26,38,49.0,50.0,3.0,2.5,-145.0,125.0,0
2011-12,101,Denver,KansasCity,3,7,36.5,37.5,3.0,2.0,-120.0,100.0,0
2011-12,101,Arizona,Seattle,23,20,41.0,40.5,3.0,2.5,-140.0,120.0,0
2011-12,107,Houston,Cincinnati,31,10,38.5,38.5,3.0,4.0,-210.0,175.0,0
2011-12,107,NewOrleans,Detroit,45,28,58.0,59.5,9.5,10.5,-625.0,475.0,0
2011-12,108,NYGiants,Atlanta,24,2,49.0,47.5,3.0,3.0,-145.0,125.0,0
2011-12,108,Denver,Pittsburgh,29,23,8.0,7.5,35.5,33.5,270.0,-340.0,1
2011-12,114,SanFrancisco,NewOrleans,36,32,3.0,3.5,47.5,46.5,145.0,-165.0,1
2011-12,114,NewEngland,Denver,45,10,50.5,51.0,14.0,14.0,-700.0,500.0,0
2011-12,115,Baltimore,Houston,20,13,38.5,37.5,7.0,8.0,-355.0,295.0,0
2011-12,115,GreenBay,NYGiants,20,37,51.5,54.5,9.0,8.0,-350.0,290.0,0
2011-12,122,NewEngland,Baltimore,23,20,50.5,49.0,7.0,7.0,-300.0,250.0,0
2011-12,122,SanFrancisco,NYGiants,17,20,45.0,41.0,2.5,2.0,-125.0,105.0,0
2012-13,905,NYGiants,Dallas,17,24,46.5,46.0,3.0,4.0,-200.0,170.0,0
2012-13,909,Chicago,Indianapolis,41,21,41.0,42.0,10.0,9.5,-485.0,385.0,0
2012-13,909,Cleveland,Philadelphia,16,17,8.5,9.0,41.5,42.5,350.0,-450.0,1
2012-13,909,NYJets,Buffalo,48,28,42.5,39.5,4.5,2.5,-150.0,130.0,0
2012-13,909,NewOrleans,Washington,32,40,50.5,50.0,9.5,8.5,-400.0,325.0,0
2012-13,909,Tennessee,NewEngland,13,34,6.5,5.0,47.5,48.0,190.0,-230.0,1
2012-13,909,Minnesota,Jacksonville,26,23,38.0,38.0,4.5,3.0,-185.0,165.0,0
2012-13,909,Houston,Miami,30,10,43.5,41.5,7.0,13.0,-825.0,625.0,0
2012-13,909,Detroit,St.Louis,27,23,46.5,46.0,9.0,8.5,-400.0,325.0,0
2012-13,909,KansasCity,Atlanta,24,40,1.0,1.5,41.0,43.0,110.0,-130.0,1
2012-13,909,GreenBay,SanFrancisco,22,30,45.0,47.0,6.5,6.0,-260.0,220.0,0
2012-13,909,TampaBay,Carolina,16,10,3.0,3.0,46.5,45.5,140.0,-160.0,1
2012-13,909,Arizona,Seattle,20,16,41.0,2.5,1.5,41.0,120.0,-140.0,1
2012-13,909,Denver,Pittsburgh,31,19,45.0,45.5,2.0,1.0,-135.0,115.0,0
2012-13,910,Baltimore,Cincinnati,44,13,41.0,43.0,7.0,7.0,-340.0,280.0,0
2012-13,910,Oakland,SanDiego,14,22,47.5,47.5,1.0,1.0,-114.0,103.0,0
2012-13,913,GreenBay,Chicago,23,10,50.0,51.0,4.0,5.5,-230.0,190.0,0
2012-13,916,NYGiants,TampaBay,41,34,44.5,43.5,8.5,7.5,-360.0,300.0,0
2012-13,916,NewEngland,Arizona,18,20,49.0,47.0,13.5,13.5,-825.0,625.0,0
2012-13,916,Indianapolis,Minnesota,23,20,44.5,3.0,0.0,45.5,135.0,-155.0,1
2012-13,916,Carolina,NewOrleans,35,27,3.0,3.0,51.0,53.5,135.0,-155.0,1
2012-13,916,Buffalo,KansasCity,35,17,44.0,45.0,3.0,3.0,-165.0,145.0,0
2012-13,916,Philadelphia,Baltimore,24,23,43.5,47.0,3.0,2.5,-155.0,135.0,0
2012-13,916,Miami,Oakland,35,13,3.0,1.0,39.5,41.0,115.0,-135.0,1
2012-13,916,Cincinnati,Cleveland,34,27,40.0,40.0,7.0,7.0,-325.0,265.0,0
2012-13,916,Jacksonville,Houston,7,27,7.5,7.0,41.0,40.0,245.0,-290.0,1
2012-13,916,Seattle,Dallas,27,7,3.0,3.0,42.0,43.0,165.0,-185.0,1
2012-13,916,St.Louis,Washington,31,28,3.0,3.5,44.0,42.0,165.0,-185.0,1
2012-13,916,Pittsburgh,NYJets,27,10,42.0,43.0,6.0,4.5,-230.0,190.0,0
2012-13,916,SanDiego,Tennessee,38,10,44.0,43.5,7.0,7.0,-257.0,217.0,0
2012-13,916,SanFrancisco,Detroit,27,19,44.0,43.5,7.0,7.0,-300.0,250.0,0
2012-13,917,Atlanta,Denver,27,21,49.0,50.5,4.0,3.0,-155.0,135.0,0
2012-13,920,Carolina,NYGiants,7,36,1.0,49.0,52.0,3.0,-150.0,130.0,2
2012-13,923,Chicago,St.Louis,23,6,44.5,42.0,9.0,7.0,-310.0,255.0,0
2012-13,923,Dallas,TampaBay,16,10,45.5,45.5,7.0,7.0,-340.0,280.0,0
2012-13,923,Minnesota,SanFrancisco,24,13,7.0,7.0,43.5,42.5,255.0,-310.0,1
2012-13,923,Tennessee,Detroit,44,41,3.0,4.0,47.0,47.0,170.0,-200.0,1
2012-13,923,Washington,Cincinnati,31,38,46.5,49.5,3.5,3.0,-175.0,155.0,0
2012-13,923,Miami,NYJets,20,23,3.0,3.0,40.5,40.5,130.0,-150.0,1
2012-13,923,NewOrleans,KansasCity,24,27,53.0,51.5,9.0,8.5,-400.0,320.0,0
2012-13,923,Cleveland,Buffalo,14,24,3.0,3.0,43.5,45.0,120.0,-140.0,1
2012-13,923,Indianapolis,Jacksonville,17,22,42.0,42.0,3.5,3.0,-180.0,160.0,0
2012-13,923,Arizona,Philadelphia,27,6,3.5,3.0,44.5,42.0,155.0,-175.0,1
2012-13,923,SanDiego,Atlanta,3,27,49.0,47.5,3.0,3.0,-160.0,140.0,0
2012-13,923,Denver,Houston,25,31,1.0,1.5,47.5,43.5,100.0,-120.0,1
2012-13,923,Oakland,Pittsburgh,34,31,5.0,4.0,43.0,45.0,170.0,-200.0,1
2012-13,923,Baltimore,NewEngland,31,30,48.5,48.0,3.0,3.0,-140.0,120.0,0
2012-13,924,Seattle,GreenBay,14,12,49.0,50.5,7.0,3.0,-155.0,135.0,0
2012-13,927,Baltimore,Cleveland,23,16,44.0,43.5,12.0,11.5,-600.0,450.0,0
2012-13,930,Buffalo,NewEngland,28,52,6.0,4.0,50.5,47.5,180.0,-205.0,1
2012-13,930,Detroit,Minnesota,13,20,47.0,48.0,4.5,3.5,-200.0,175.0,0
2012-13,930,Atlanta,Carolina,30,28,50.0,48.0,7.0,7.0,-320.0,260.0,0
2012-13,930,NYJets,SanFrancisco,0,34,3.5,3.5,40.5,41.0,170.0,-200.0,1
2012-13,930,KansasCity,SanDiego,20,37,1.5,2.0,46.0,43.0,120.0,-140.0,1
2012-13,930,Houston,Tennessee,38,14,43.5,44.5,11.0,13.0,-790.0,565.0,0
2012-13,930,St.Louis,Seattle,19,13,2.5,2.0,40.5,39.0,115.0,-135.0,1
2012-13,930,Arizona,Miami,24,21,41.0,39.0,6.5,4.0,-215.0,-215.0,0
2012-13,930,Denver,Oakland,37,6,47.5,47.5,6.0,6.5,-300.0,250.0,0
2012-13,930,Jacksonville,Cincinnati,10,27,2.5,44.5,41.5,0.0,-115.0,-105.0,2
2012-13,930,GreenBay,NewOrleans,28,27,54.0,53.5,7.5,7.5,-365.0,305.0,0
2012-13,930,TampaBay,Washington,22,24,49.0,45.5,2.5,1.0,-140.0,120.0,0
2012-13,930,Philadelphia,NYGiants,19,17,48.0,46.0,2.0,0.0,-130.0,110.0,0
2012-13,1001,Dallas,Chicago,18,34,45.0,41.5,3.5,2.0,-165.0,145.0,0
2012-13,1004,St.Louis,Arizona,17,3,1.0,1.5,38.5,38.0,105.0,-125.0,1
2012-13,1007,Washington,Atlanta,17,24,3.0,3.0,52.0,50.5,145.0,-165.0,1
2012-13,1007,Pittsburgh,Philadelphia,16,14,44.5,44.0,4.0,4.0,-200.0,175.0,0
2012-13,1007,Indianapolis,GreenBay,30,27,6.5,7.0,48.0,49.5,235.0,-275.0,1
2012-13,1007,NYGiants,Cleveland,41,27,44.0,43.5,10.5,8.0,-415.0,335.0,0
2012-13,1007,Minnesota,Tennessee,30,7,45.5,43.5,6.5,6.0,-260.0,220.0,0
2012-13,1007,Cincinnati,Miami,13,17,44.0,45.0,5.5,3.0,-165.0,145.0,0
2012-13,1007,KansasCity,Baltimore,6,9,6.5,6.5,46.5,47.0,230.0,-270.0,1
2012-13,1007,Carolina,Seattle,12,16,44.0,42.5,3.0,1.5,-125.0,105.0,0
2012-13,1007,Jacksonville,Chicago,3,41,5.5,6.0,41.0,39.0,215.0,-255.0,1
2012-13,1007,NewEngland,Denver,31,21,51.5,50.5,6.5,6.0,-270.0,230.0,0
2012-13,1007,SanFrancisco,Buffalo,45,3,44.0,45.5,10.0,10.0,-505.0,400.0,0
2012-13,1007,NewOrleans,SanDiego,31,24,52.5,53.5,3.0,3.5,-175.0,155.0,0
2012-13,1008,NYJets,Houston,17,23,7.0,10.0,40.5,40.5,400.0,-500.0,1
2012-13,1011,Tennessee,Pittsburgh,26,23,6.5,6.5,43.5,43.0,230.0,-270.0,1
2012-13,1014,Cleveland,Cincinnati,34,24,3.0,1.5,45.0,42.0,100.0,-120.0,1
2012-13,1014,NYJets,Indianapolis,35,9,42.0,44.0,3.5,3.5,-195.0,170.0,0
2012-13,1014,TampaBay,KansasCity,38,10,42.5,40.0,3.5,4.5,-250.0,210.0,0
2012-13,1014,Atlanta,Oakland,23,20,48.5,49.0,9.5,10.0,-490.0,385.0,0
2012-13,1014,Baltimore,Dallas,31,29,45.0,45.0,4.0,3.0,-170.0,150.0,0
2012-13,1014,Philadelphia,Detroit,23,26,48.0,47.5,6.5,3.5,-195.0,170.0,0
2012-13,1014,Miami,St.Louis,17,14,38.0,38.0,3.0,5.5,-240.0,-240.0,0
2012-13,1014,Seattle,NewEngland,24,23,4.0,4.0,44.0,42.5,170.0,-195.0,1
2012-13,1014,Arizona,Buffalo,16,19,44.0,44.5,5.0,5.5,-245.0,205.0,0
2012-13,1014,Washington,Minnesota,38,26,1.0,2.0,47.0,44.0,105.0,-125.0,1
2012-13,1014,SanFrancisco,NYGiants,3,26,45.0,47.0,5.5,7.0,-320.0,260.0,0
2012-13,1014,Houston,GreenBay,24,42,47.5,46.5,5.0,4.0,-195.0,170.0,0
2012-13,1015,SanDiego,Denver,24,35,51.0,48.5,3.0,0.0,-109.0,-101.0,0
2012-13,1018,SanFrancisco,Seattle,13,6,39.5,37.5,9.0,7.5,-355.0,295.0,0
2012-13,1021,Buffalo,Tennessee,34,35,46.5,47.0,3.5,4.0,-220.0,185.0,0
2012-13,1021,Minnesota,Arizona,21,14,40.0,39.0,4.0,7.0,-305.0,255.0,0
2012-13,1021,Indianapolis,Cleveland,17,13,45.0,46.5,3.0,1.0,-115.0,-105.0,0
2012-13,1021,Houston,Baltimore,43,13,47.0,47.0,4.5,6.5,-265.0,225.0,0
2012-13,1021,St.Louis,GreenBay,20,30,5.5,4.0,44.5,45.0,190.0,-230.0,1
2012-13,1021,Carolina,Dallas,14,19,2.0,3.0,44.5,45.0,125.0,-145.0,1
2012-13,1021,NYGiants,Washington,27,23,49.0,51.5,6.5,6.5,-265.0,225.0,0
2012-13,1021,TampaBay,NewOrleans,28,35,3.0,1.0,49.0,49.5,110.0,-130.0,1
2012-13,1021,NewEngland,NYJets,29,26,47.5,48.0,11.0,11.5,-720.0,520.0,0
2012-13,1021,Oakland,Jacksonville,26,23,42.5,44.5,5.0,6.0,-280.0,240.0,0
2012-13,1021,Cincinnati,Pittsburgh,17,24,1.5,1.0,45.5,47.0,100.0,-120.0,1
2012-13,1022,Chicago,Detroit,13,7,47.5,45.0,6.5,6.5,-250.0,210.0,0
2012-13,1025,Minnesota,TampaBay,17,36,41.5,43.0,6.5,5.5,-250.0,210.0,0
2012-13,1028,Tennessee,Indianapolis,13,19,46.5,46.5,3.0,3.5,-170.0,150.0,0
2012-13,1028,GreenBay,Jacksonville,24,15,44.5,45.5,14.5,16.0,-1005.0,705.0,0
2012-13,1028,Cleveland,SanDiego,7,6,3.0,3.0,45.5,41.0,130.0,-150.0,1
2012-13,1028,Philadelphia,Atlanta,17,30,46.5,43.0,2.5,1.5,-145.0,125.0,0
2012-13,1028,Detroit,Seattle,28,24,43.0,43.0,3.0,1.5,-150.0,130.0,0
2012-13,1028,NYJets,Miami,9,30,40.5,39.0,3.0,1.0,-115.0,-105.0,0
2012-13,1028,Chicago,Carolina,23,22,45.0,41.0,7.5,7.0,-330.0,270.0,0
2012-13,1028,Pittsburgh,Washington,27,12,47.5,44.0,4.0,4.5,-215.0,180.0,0
2012-13,1028,KansasCity,Oakland,16,26,41.0,41.5,1.0,1.0,-115.0,-105.0,0
2012-13,1028,Dallas,NYGiants,24,29,46.5,2.5,1.5,48.0,125.0,-145.0,1
2012-13,1028,Denver,NewOrleans,34,14,54.5,55.0,6.5,6.0,-260.0,220.0,0
2012-13,1029,Arizona,SanFrancisco,3,24,6.0,7.0,37.0,37.5,290.0,-350.0,1
2012-13,1101,SanDiego,KansasCity,31,13,44.0,41.0,9.0,7.0,-325.0,265.0,0
2012-13,1104,Cincinnati,Denver,23,31,3.5,5.0,47.0,47.5,195.0,-235.0,1
2012-13,1104,GreenBay,Arizona,31,17,44.0,43.0,11.0,10.5,-505.0,400.0,0
2012-13,1104,Indianapolis,Miami,23,20,2.0,2.0,43.0,43.5,120.0,-140.0,1
2012-13,1104,Cleveland,Baltimore,15,25,3.0,3.5,42.5,44.0,160.0,-180.0,1
2012-13,1104,Houston,Buffalo,21,9,48.5,48.0,11.0,11.0,-555.0,445.0,0
2012-13,1104,Washington,Carolina,13,21,46.0,48.0,3.5,3.0,-170.0,150.0,0
2012-13,1104,Jacksonville,Detroit,14,31,4.0,6.0,44.0,44.0,220.0,-260.0,1
2012-13,1104,Tennessee,Chicago,20,51,4.5,4.5,43.5,44.0,195.0,-230.0,1
2012-13,1104,Seattle,Minnesota,30,20,39.0,38.5,4.0,4.5,-235.0,200.0,0
2012-13,1104,Oakland,TampaBay,32,42,45.0,46.5,1.5,1.0,-125.0,105.0,0
2012-13,1104,NYGiants,Pittsburgh,20,24,47.0,48.0,3.5,3.5,-175.0,155.0,0
2012-13,1104,Atlanta,Dallas,19,13,47.5,47.5,4.5,4.0,-195.0,170.0,0
2012-13,1105,NewOrleans,Philadelphia,28,13,52.5,52.5,3.5,2.5,-140.0,120.0,0
2012-13,1108,Jacksonville,Indianapolis,10,27,3.5,3.5,42.5,43.5,165.0,-190.0,1
2012-13,1111,NewEngland,Buffalo,37,31,51.0,54.0,11.5,13.5,-680.0,490.0,0
2012-13,1111,Cincinnati,NYGiants,31,13,5.5,3.0,48.5,47.0,170.0,-200.0,1
2012-13,1111,TampaBay,SanDiego,34,24,48.0,46.5,1.0,3.0,-165.0,145.0,0
2012-13,1111,Carolina,Denver,14,36,4.5,3.5,48.5,46.5,165.0,-190.0,1
2012-13,1111,Miami,Tennessee,3,37,44.0,44.0,6.0,6.5,-280.0,240.0,0
2012-13,1111,Baltimore,Oakland,55,20,46.0,48.0,7.0,7.5,-340.0,280.0,0
2012-13,1111,NewOrleans,Atlanta,31,27,1.0,1.5,53.5,53.5,110.0,-130.0,1
2012-13,1111,Minnesota,Detroit,34,24,47.0,3.0,1.0,46.0,160.0,-180.0,1
2012-13,1111,Seattle,NYJets,28,7,38.5,38.5,5.5,5.0,-210.0,175.0,0
2012-13,1111,Philadelphia,Dallas,23,38,45.0,3.0,1.0,43.5,120.0,-140.0,1
2012-13,1111,SanFrancisco,St.Louis,24,24,38.0,37.5,12.0,13.5,-700.0,500.0,0
2012-13,1111,Chicago,Houston,6,13,43.0,37.0,1.0,1.0,-116.0,105.0,0
2012-13,1112,Pittsburgh,KansasCity,16,13,43.0,39.5,11.5,12.5,-700.0,500.0,0
2012-13,1115,Buffalo,Miami,19,14,46.0,46.0,1.0,3.0,-140.0,120.0,0
2012-13,1118,Washington,Philadelphia,31,6,46.0,45.5,3.5,3.5,-180.0,160.0,0
2012-13,1118,Detroit,GreenBay,20,24,3.0,3.0,51.0,53.5,140.0,-160.0,1
2012-13,1118,Atlanta,Arizona,23,19,45.5,43.0,10.5,9.5,-450.0,350.0,0
2012-13,1118,Carolina,TampaBay,21,27,1.0,47.0,47.5,0.0,-110.0,-110.0,2
2012-13,1118,Dallas,Cleveland,23,20,43.5,43.5,8.0,7.0,-320.0,260.0,0
2012-13,1118,St.Louis,NYJets,13,27,38.0,39.5,3.0,3.5,-185.0,165.0,0
2012-13,1118,NewEngland,Indianapolis,59,24,53.5,54.0,9.5,9.5,-450.0,350.0,0
2012-13,1118,Houston,Jacksonville,43,37,42.5,40.5,16.0,15.5,-1300.0,850.0,0
2012-13,1118,KansasCity,Cincinnati,6,28,3.5,3.0,43.5,42.0,145.0,-165.0,1
2012-13,1118,Oakland,NewOrleans,17,38,6.5,6.0,54.0,55.5,230.0,-270.0,1
2012-13,1118,Denver,SanDiego,30,23,50.5,47.5,7.0,7.5,-350.0,290.0,0
2012-13,1118,Pittsburgh,Baltimore,10,13,0.0,3.0,45.5,41.0,150.0,-170.0,1
2012-13,1119,SanFrancisco,Chicago,32,7,36.0,34.0,6.5,3.5,-185.0,165.0,0
2012-13,1122,Detroit,Houston,31,34,3.5,4.0,49.0,49.0,160.0,-180.0,1
2012-13,1122,Dallas,Washington,31,38,46.0,47.5,4.0,3.5,-180.0,160.0,0
2012-13,1122,NYJets,NewEngland,19,49,7.0,7.0,51.0,48.5,260.0,-320.0,1
2012-13,1125,Cincinnati,Oakland,34,10,48.0,50.0,7.5,8.0,-425.0,345.0,0
2012-13,1125,Cleveland,Pittsburgh,20,14,36.0,1.0,0.0,33.0,105.0,-125.0,1
2012-13,1125,Indianapolis,Buffalo,20,13,52.0,51.0,3.0,2.0,-140.0,120.0,0
2012-13,1125,KansasCity,Denver,9,17,10.0,10.0,44.0,41.5,415.0,-520.0,1
2012-13,1125,Jacksonville,Tennessee,24,19,3.0,3.5,43.5,45.0,145.0,-165.0,1
2012-13,1125,Chicago,Minnesota,28,10,38.0,38.5,6.5,6.0,-275.0,235.0,0
2012-13,1125,TampaBay,Atlanta,23,24,48.0,1.0,0.0,51.0,105.0,-125.0,1
2012-13,1125,Miami,Seattle,24,21,3.0,3.0,38.0,38.0,165.0,-185.0,1
2012-13,1125,SanDiego,Baltimore,13,16,2.0,47.0,47.0,0.0,105.0,-125.0,2
2012-13,1125,NewOrleans,SanFrancisco,21,31,2.0,1.5,48.5,50.0,100.0,-120.0,1
2012-13,1125,Arizona,St.Louis,17,31,37.5,36.0,3.0,1.0,-125.0,105.0,0
2012-13,1125,NYGiants,GreenBay,38,10,49.0,50.5,2.5,2.0,-150.0,130.0,0
2012-13,1126,Philadelphia,Carolina,22,30,1.0,3.0,41.0,41.5,145.0,-165.0,1
2012-13,1129,Atlanta,NewOrleans,23,13,55.5,54.0,3.5,3.5,-190.0,165.0,0
2012-13,1202,Chicago,Seattle,17,23,37.5,37.0,4.5,3.0,-160.0,140.0,0
2012-13,1202,GreenBay,Minnesota,23,14,47.0,47.0,9.5,7.0,-380.0,310.0,0
2012-13,1202,St.Louis,SanFrancisco,16,13,7.0,7.5,41.0,41.0,315.0,-385.0,1
2012-13,1202,NYJets,Arizona,7,6,38.0,37.0,3.5,6.5,-250.0,210.0,0
2012-13,1202,KansasCity,Carolina,27,21,3.0,5.5,41.5,41.0,200.0,-240.0,1
2012-13,1202,Detroit,Indianapolis,33,35,51.0,51.5,4.5,7.0,-300.0,250.0,0
2012-13,1202,Buffalo,Jacksonville,34,18,45.5,41.0,6.0,6.0,-260.0,220.0,0
2012-13,1202,Miami,NewEngland,16,23,7.0,7.5,51.0,51.0,310.0,-380.0,1
2012-13,1202,Tennessee,Houston,10,24,4.5,7.0,48.0,48.0,250.0,-300.0,1
2012-13,1202,Denver,TampaBay,31,23,51.5,49.5,6.5,8.0,-360.0,300.0,0
2012-13,1202,Baltimore,Pittsburgh,20,23,35.0,37.0,8.0,7.0,-330.0,270.0,0
2012-13,1202,Oakland,Cleveland,17,20,2.5,2.5,41.0,39.5,125.0,-145.0,1
2012-13,1202,SanDiego,Cincinnati,13,20,47.5,46.0,1.0,1.0,-115.0,-105.0,0
2012-13,1202,Dallas,Philadelphia,38,33,43.0,44.5,9.0,10.5,-600.0,450.0,0
2012-13,1203,Washington,NYGiants,17,16,2.5,2.5,51.0,50.0,120.0,-140.0,1
2012-13,1206,Oakland,Denver,13,26,10.0,10.0,50.5,47.0,450.0,-600.0,1
2012-13,1209,Washington,Baltimore,31,28,47.0,48.0,0.0,1.5,-125.0,105.0,0
2012-13,1209,Cleveland,KansasCity,30,7,37.0,38.0,5.0,7.0,-315.0,255.0,0
2012-13,1209,Pittsburgh,SanDiego,24,34,42.0,37.5,7.0,7.5,-360.0,300.0,0
2012-13,1209,Indianapolis,Tennessee,27,23,48.5,47.0,5.5,3.5,-200.0,-200.0,0
2012-13,1209,Jacksonville,NYJets,10,17,3.0,3.0,39.5,39.0,145.0,-165.0,1
2012-13,1209,Minnesota,Chicago,21,14,3.0,40.5,40.5,0.0,115.0,-135.0,2
2012-13,1209,Carolina,Atlanta,30,20,3.5,3.5,47.0,47.0,150.0,-170.0,1
2012-13,1209,TampaBay,Philadelphia,21,23,45.5,48.0,8.5,7.0,-345.0,285.0,0
2012-13,1209,Buffalo,St.Louis,12,15,42.5,42.5,3.0,3.5,-190.0,165.0,0
2012-13,1209,Cincinnati,Dallas,19,20,45.5,46.0,3.0,3.0,-180.0,160.0,0
2012-13,1209,SanFrancisco,Miami,27,13,40.0,38.5,10.5,10.0,-615.0,465.0,0
2012-13,1209,NYGiants,NewOrleans,52,27,53.5,52.5,4.5,4.0,-210.0,180.0,0
2012-13,1209,Seattle,Arizona,58,0,35.0,36.0,10.0,10.0,-550.0,425.0,0
2012-13,1209,GreenBay,Detroit,27,20,52.5,48.5,6.5,6.0,-260.0,220.0,0
2012-13,1210,NewEngland,Houston,42,14,53.0,50.5,4.5,5.0,-240.0,200.0,0
2012-13,1213,Philadelphia,Cincinnati,13,34,3.0,5.0,46.0,45.0,195.0,-230.0,1
2012-13,1216,Chicago,GreenBay,13,21,3.0,3.0,42.0,43.5,135.0,-155.0,1
2012-13,1216,Atlanta,NYGiants,34,0,52.0,50.0,1.0,0.0,-115.0,-105.0,0
2012-13,1216,NewOrleans,TampaBay,41,0,54.0,54.5,3.0,3.5,-200.0,175.0,0
2012-13,1216,St.Louis,Minnesota,22,36,38.5,39.5,3.0,1.5,-135.0,115.0,0
2012-13,1216,Cleveland,Washington,21,38,38.5,40.0,3.0,4.0,-220.0,185.0,0
2012-13,1216,Miami,Jacksonville,24,3,37.5,38.5,7.0,7.5,-365.0,305.0,0
2012-13,1216,Baltimore,Denver,17,34,2.5,2.5,48.0,48.0,135.0,-155.0,1
2012-13,1216,Houston,Indianapolis,29,17,49.0,47.5,8.0,10.0,-525.0,420.0,0
2012-13,1216,SanDiego,Carolina,7,31,46.0,45.0,3.0,3.0,-160.0,140.0,0
2012-13,1216,Buffalo,Seattle,17,50,5.5,4.5,43.0,44.0,190.0,-225.0,1
2012-13,1216,Arizona,Detroit,38,10,6.0,6.5,43.0,43.5,200.0,-235.0,1
2012-13,1216,Dallas,Pittsburgh,27,24,44.0,1.0,1.0,45.5,115.0,-135.0,1
2012-13,1216,Oakland,KansasCity,15,0,43.0,44.0,3.0,4.5,-210.0,175.0,0
2012-13,1216,NewEngland,SanFrancisco,34,41,49.0,47.5,4.5,4.0,-205.0,-205.0,0
2012-13,1217,Tennessee,NYJets,14,10,42.0,1.0,1.0,40.5,-120.0,100.0,1
2012-13,1222,Detroit,Atlanta,18,31,3.0,4.0,51.0,50.5,175.0,-210.0,1
2012-13,1223,GreenBay,Tennessee,55,7,47.0,44.0,12.5,11.5,-635.0,480.0,0
2012-13,1223,Carolina,Oakland,17,6,45.5,47.0,9.0,9.0,-450.0,360.0,0
2012-13,1223,Miami,Buffalo,24,10,43.0,41.5,5.0,5.0,-235.0,195.0,0
2012-13,1223,Pittsburgh,Cincinnati,10,13,43.0,40.5,4.0,3.0,-175.0,155.0,0
2012-13,1223,Jacksonville,NewEngland,16,23,14.5,14.0,49.0,51.5,630.0,-930.0,1
2012-13,1223,KansasCity,Indianapolis,13,20,6.0,5.0,43.0,41.5,185.0,-215.0,1
2012-13,1223,Dallas,NewOrleans,31,34,51.5,54.0,3.0,1.5,-150.0,130.0,0
2012-13,1223,Philadelphia,Washington,20,27,6.5,4.5,44.5,46.0,185.0,-215.0,1
2012-13,1223,TampaBay,St.Louis,13,28,43.5,43.5,3.0,3.0,-155.0,135.0,0
2012-13,1223,Baltimore,NYGiants,33,14,47.0,1.5,1.0,47.0,120.0,-140.0,1
2012-13,1223,Houston,Minnesota,6,23,45.0,43.5,7.0,8.0,-365.0,305.0,0
2012-13,1223,Denver,Cleveland,34,12,44.5,44.0,12.0,11.0,-650.0,490.0,0
2012-13,1223,Arizona,Chicago,13,28,5.5,7.0,37.5,35.5,255.0,-305.0,1
2012-13,1223,Seattle,SanFrancisco,42,13,40.5,40.5,1.0,1.5,-140.0,120.0,0
2012-13,1223,NYJets,SanDiego,17,27,41.0,38.5,2.5,3.0,-160.0,140.0,0
2012-13,1230,Buffalo,NYJets,28,9,41.0,41.0,3.0,3.5,-175.0,155.0,0
2012-13,1230,NewEngland,Miami,28,0,10.0,48.0,49.5,11.0,-610.0,450.0,2
2012-13,1230,Cincinnati,Baltimore,23,17,43.0,43.0,3.0,4.5,-250.0,210.0,0
2012-13,1230,Pittsburgh,Cleveland,24,10,34.5,36.5,10.5,10.0,-485.0,380.0,0
2012-13,1230,Indianapolis,Houston,28,16,5.5,6.5,47.0,47.0,240.0,-280.0,1
2012-13,1230,Tennessee,Jacksonville,38,20,42.5,42.0,5.5,6.0,-265.0,225.0,0
2012-13,1230,NYGiants,Philadelphia,42,7,47.0,44.0,7.0,6.5,-275.0,235.0,0
2012-13,1230,Washington,Dallas,28,18,50.0,49.0,3.5,3.0,-175.0,155.0,0
2012-13,1230,Detroit,Chicago,24,26,3.0,3.0,44.5,46.0,145.0,-165.0,1
2012-13,1230,Minnesota,GreenBay,37,34,3.0,3.0,46.5,45.5,150.0,-170.0,1
2012-13,1230,Atlanta,TampaBay,17,22,47.0,45.5,6.0,3.0,-145.0,125.0,0
2012-13,1230,NewOrleans,Carolina,38,44,54.0,53.5,4.0,4.0,-200.0,175.0,0
2012-13,1230,Denver,KansasCity,38,3,42.5,41.0,16.0,17.0,-1675.0,1075.0,0
2012-13,1230,SanDiego,Oakland,24,21,40.0,41.5,10.5,8.0,-360.0,300.0,0
2012-13,1230,SanFrancisco,Arizona,27,13,38.5,38.5,15.0,16.0,-1365.0,915.0,0
2012-13,1230,Seattle,St.Louis,20,13,40.5,42.0,9.5,11.0,-525.0,415.0,0
2012-13,105,Houston,Cincinnati,19,13,44.0,42.5,5.0,4.0,-200.0,170.0,0
2012-13,105,GreenBay,Minnesota,24,10,45.5,44.0,8.0,10.5,-550.0,425.0,0
2012-13,106,Baltimore,Indianapolis,24,9,46.5,47.5,6.5,7.5,-320.0,260.0,0
2012-13,106,Washington,Seattle,14,24,0.0,3.0,45.0,45.0,140.0,-160.0,1
2012-13,112,Denver,Baltimore,35,38,45.5,44.0,9.5,9.0,-380.0,310.0,0
2012-13,112,SanFrancisco,GreenBay,45,31,45.0,44.5,3.0,3.0,-150.0,130.0,0
2012-13,113,Atlanta,Seattle,30,28,44.5,46.5,3.0,2.5,-150.0,130.0,0
2012-13,113,NewEngland,Houston,41,28,49.0,50.5,9.0,9.5,-470.0,370.0,0
2012-13,120,Atlanta,SanFrancisco,24,28,3.0,4.0,47.0,47.5,170.0,-200.0,1
2012-13,120,NewEngland,Baltimore,13,28,51.0,49.5,9.0,8.0,-360.0,300.0,0
2013-14,905,Denver,Baltimore,49,27,49.5,49.0,8.0,7.5,-300.0,250.0,0
2013-14,908,Buffalo,NewEngland,21,23,7.0,10.5,53.0,51.5,340.0,-430.0,1
2013-14,908,Pittsburgh,Tennessee,9,16,43.5,42.0,6.5,6.0,-240.0,200.0,0
2013-14,908,NewOrleans,Atlanta,23,17,54.0,56.0,3.0,3.5,-175.0,155.0,0
2013-14,908,NYJets,TampaBay,18,17,2.5,6.0,41.0,39.0,185.0,-220.0,1
2013-14,908,Jacksonville,KansasCity,2,28,3.0,4.5,40.5,43.0,170.0,-200.0,1
2013-14,908,Chicago,Cincinnati,24,21,45.5,42.0,3.5,3.0,-160.0,140.0,0
2013-14,908,Cleveland,Miami,10,23,1.0,40.5,41.5,2.5,-140.0,120.0,2
2013-14,908,Carolina,Seattle,7,12,3.5,3.5,45.5,45.0,135.0,-155.0,1
2013-14,908,Detroit,Minnesota,34,24,47.0,47.5,3.5,4.5,-210.0,177.0,0
2013-14,908,Indianapolis,Oakland,21,17,49.0,45.5,7.0,11.5,-550.0,420.0,0
2013-14,908,St.Louis,Arizona,27,24,40.5,43.0,6.0,4.5,-180.0,157.0,0
2013-14,908,SanFrancisco,GreenBay,34,28,50.5,48.0,4.5,5.0,-205.0,175.0,0
2013-14,908,Dallas,NYGiants,36,31,49.0,50.0,3.0,3.5,-175.0,155.0,0
2013-14,909,Washington,Philadelphia,27,33,51.0,53.5,4.5,4.5,-185.0,165.0,0
2013-14,909,SanDiego,Houston,28,31,3.5,6.5,47.0,45.5,220.0,-260.0,1
2013-14,912,NewEngland,NYJets,13,10,44.5,43.5,12.5,11.5,-575.0,430.0,0
2013-14,915,Philadelphia,SanDiego,30,33,54.5,53.0,7.5,7.5,-345.0,275.0,0
2013-14,915,Baltimore,Cleveland,14,6,42.5,43.5,7.0,6.5,-300.0,250.0,0
2013-14,915,Houston,Tennessee,30,24,45.5,43.0,8.5,7.5,-410.0,330.0,0
2013-14,915,Indianapolis,Miami,20,24,42.5,44.0,3.0,3.0,-135.0,115.0,0
2013-14,915,Buffalo,Carolina,24,23,2.5,3.5,45.0,43.5,160.0,-185.0,1
2013-14,915,Atlanta,St.Louis,31,24,47.0,47.5,7.0,5.5,-240.0,200.0,0
2013-14,915,GreenBay,Washington,38,20,50.0,50.0,7.0,8.0,-370.0,285.0,0
2013-14,915,KansasCity,Dallas,17,16,46.5,45.5,1.0,3.0,-160.0,140.0,0
2013-14,915,Chicago,Minnesota,31,30,40.5,41.5,6.0,6.5,-250.0,210.0,0
2013-14,915,TampaBay,NewOrleans,14,16,3.5,4.0,46.0,49.5,165.0,-190.0,1
2013-14,915,Arizona,Detroit,25,21,0.0,2.0,47.5,48.5,115.0,-135.0,1
2013-14,915,Oakland,Jacksonville,19,9,39.5,41.0,5.5,4.0,-220.0,180.0,0
2013-14,915,NYGiants,Denver,23,41,5.5,4.0,54.5,55.0,170.0,-200.0,1
2013-14,915,Seattle,SanFrancisco,29,3,45.5,44.5,3.0,2.5,-145.0,125.0,0
2013-14,916,Cincinnati,Pittsburgh,20,10,40.0,40.5,6.5,6.5,-305.0,255.0,0
2013-14,919,Philadelphia,KansasCity,16,26,49.0,51.0,5.0,3.5,-165.0,145.0,0
2013-14,922,Tennessee,SanDiego,20,17,43.5,43.0,3.0,3.0,-155.0,135.0,0
2013-14,922,Minnesota,Cleveland,27,31,41.5,39.5,3.0,6.5,-315.0,255.0,0
2013-14,922,NewEngland,TampaBay,23,3,46.5,44.5,7.0,7.0,-350.0,280.0,0
2013-14,922,Baltimore,Houston,30,9,2.5,44.5,44.5,1.0,-120.0,100.0,2
2013-14,922,Dallas,St.Louis,31,7,46.5,47.5,3.0,3.0,-170.0,150.0,0
2013-14,922,NewOrleans,Arizona,31,7,48.5,49.0,7.5,7.0,-370.0,300.0,0
2013-14,922,Washington,Detroit,20,27,48.0,1.0,2.5,49.0,-110.0,-110.0,1
2013-14,922,Cincinnati,GreenBay,34,30,45.5,3.0,1.0,49.5,130.0,-150.0,1
2013-14,922,Carolina,NYGiants,38,0,45.5,2.0,2.5,47.0,110.0,-130.0,1
2013-14,922,Miami,Atlanta,27,23,43.0,45.5,1.0,2.5,-145.0,125.0,0
2013-14,922,SanFrancisco,Indianapolis,7,27,45.5,46.5,10.5,10.5,-535.0,410.0,0
2013-14,922,Seattle,Jacksonville,45,17,41.0,39.0,16.5,20.5,-3465.0,2015.0,4
2013-14,922,NYJets,Buffalo,27,20,39.0,41.0,2.0,2.5,-140.0,120.0,0
2013-14,922,Pittsburgh,Chicago,23,40,2.0,2.0,38.5,41.0,115.0,-135.0,1
2013-14,923,Denver,Oakland,37,21,49.0,50.5,14.5,16.5,-1400.0,850.0,0
2013-14,926,St.Louis,SanFrancisco,11,35,3.5,4.0,43.5,43.5,170.0,-200.0,1
2013-14,929,Buffalo,Baltimore,23,20,4.0,4.0,43.5,45.0,160.0,-185.0,1
2013-14,929,Cleveland,Cincinnati,17,6,5.0,4.5,41.0,42.5,177.0,-210.0,1
2013-14,929,Jacksonville,Indianapolis,3,37,9.5,9.5,42.5,42.5,370.0,-470.0,1
2013-14,929,Houston,Seattle,20,23,3.0,2.0,44.5,41.0,105.0,-125.0,1
2013-14,929,TampaBay,Arizona,10,13,40.5,40.0,2.5,2.5,-135.0,115.0,0
2013-14,929,Detroit,Chicago,40,32,47.5,49.5,2.5,2.5,-145.0,125.0,0
2013-14,929,KansasCity,NYGiants,31,7,44.0,44.0,4.0,4.5,-175.0,155.0,0
2013-14,929,Tennessee,NYJets,38,13,39.0,40.5,5.0,3.5,-165.0,145.0,0
2013-14,929,SanDiego,Dallas,30,21,1.0,1.5,45.5,48.0,105.0,-125.0,1
2013-14,929,Oakland,Washington,14,24,47.0,4.0,3.0,46.5,160.0,-185.0,1
2013-14,929,Denver,Philadelphia,52,20,57.0,59.0,10.5,11.5,-600.0,450.0,0
2013-14,929,Atlanta,NewEngland,23,30,49.0,50.0,0.0,3.5,-155.0,135.0,0
2013-14,930,NewOrleans,Miami,38,17,47.0,50.0,5.0,7.5,-380.0,300.0,0
2013-14,1003,Cleveland,Buffalo,37,24,41.0,41.0,3.0,4.0,-205.0,175.0,0
2013-14,1006,Tennessee,KansasCity,17,26,3.5,3.0,39.5,38.5,135.0,-155.0,1
2013-14,1006,Miami,Baltimore,23,26,43.0,43.0,3.5,2.5,-130.0,110.0,0
2013-14,1006,St.Louis,Jacksonville,34,20,41.5,41.0,12.5,11.0,-540.0,415.0,0
2013-14,1006,Cincinnati,NewEngland,13,6,44.5,2.5,1.5,46.0,115.0,-135.0,1
2013-14,1006,Indianapolis,Seattle,34,28,3.0,3.0,43.0,44.0,120.0,-140.0,1
2013-14,1006,GreenBay,Detroit,22,9,52.0,54.0,6.5,10.0,-450.0,360.0,0
2013-14,1006,Chicago,NewOrleans,18,26,47.5,1.0,0.0,52.0,-105.0,-115.0,1
2013-14,1006,NYGiants,Philadelphia,21,36,55.5,1.0,3.0,55.0,-105.0,-115.0,1
2013-14,1006,Arizona,Carolina,22,6,2.5,3.0,42.0,42.0,140.0,-160.0,1
2013-14,1006,Oakland,SanDiego,27,17,6.0,6.5,44.0,47.5,220.0,-260.0,1
2013-14,1006,Dallas,Denver,48,51,7.0,9.0,55.5,58.5,310.0,-390.0,1
2013-14,1006,SanFrancisco,Houston,34,3,42.5,44.5,6.5,4.5,-210.0,177.0,0
2013-14,1007,Atlanta,NYJets,28,30,44.0,45.0,7.5,10.5,-610.0,460.0,0
2013-14,1010,Chicago,NYGiants,27,21,45.0,48.0,9.5,8.5,-330.0,265.0,0
2013-14,1013,KansasCity,Oakland,24,7,42.5,41.5,7.5,7.5,-360.0,295.0,0
2013-14,1013,TampaBay,Philadelphia,20,31,45.0,3.0,1.0,44.0,130.0,-150.0,1
2013-14,1013,Baltimore,GreenBay,17,19,3.0,2.0,47.0,48.0,105.0,-125.0,1
2013-14,1013,Cleveland,Detroit,17,31,1.5,2.5,45.0,43.5,115.0,-135.0,1
2013-14,1013,Minnesota,Carolina,10,35,45.5,44.5,2.0,2.5,-140.0,120.0,0
2013-14,1013,Houston,St.Louis,13,38,41.5,42.5,10.0,9.0,-400.0,320.0,0
2013-14,1013,NYJets,Pittsburgh,6,19,2.5,1.5,41.0,41.0,100.0,-120.0,1
2013-14,1013,Buffalo,Cincinnati,24,27,3.0,6.0,45.5,41.0,200.0,-240.0,1
2013-14,1013,Seattle,Tennessee,20,13,41.0,42.0,14.5,11.5,-570.0,437.0,0
2013-14,1013,Denver,Jacksonville,35,19,47.0,52.5,24.0,26.5,-5000.0,2173.0,4
2013-14,1013,SanFrancisco,Arizona,32,20,43.0,40.5,7.5,9.5,-470.0,370.0,0
2013-14,1013,NewEngland,NewOrleans,30,27,51.0,50.5,3.0,2.5,-140.0,120.0,0
2013-14,1013,Dallas,Washington,31,16,47.5,52.0,4.0,5.5,-240.0,200.0,0
2013-14,1014,SanDiego,Indianapolis,19,9,45.5,0.0,3.0,50.5,-115.0,-105.0,1
2013-14,1017,Arizona,Seattle,22,34,6.5,4.5,42.5,41.5,185.0,-220.0,1
2013-14,1020,NYJets,NewEngland,30,27,3.0,3.5,43.5,43.0,160.0,-180.0,1
2013-14,1020,Jacksonville,SanDiego,6,24,7.5,7.0,44.5,44.0,265.0,-325.0,1
2013-14,1020,KansasCity,Houston,17,16,39.5,39.0,4.0,6.5,-280.0,230.0,0
2013-14,1020,Detroit,Cincinnati,24,27,46.0,45.5,2.5,3.0,-155.0,135.0,0
2013-14,1020,Miami,Buffalo,21,23,43.5,44.0,7.5,6.0,-275.0,225.0,0
2013-14,1020,Washington,Chicago,45,41,51.0,1.0,2.0,48.0,100.0,-120.0,1
2013-14,1020,Philadelphia,Dallas,3,17,56.0,55.0,0.0,3.0,-165.0,145.0,0
2013-14,1020,Carolina,St.Louis,30,15,41.5,42.5,6.5,7.5,-325.0,265.0,0
2013-14,1020,Atlanta,TampaBay,31,23,42.0,43.0,7.0,6.5,-280.0,230.0,0
2013-14,1020,Tennessee,SanFrancisco,17,31,5.0,3.0,38.5,41.0,150.0,-170.0,1
2013-14,1020,GreenBay,Cleveland,31,13,45.5,45.0,11.0,8.5,-410.0,330.0,0
2013-14,1020,Pittsburgh,Baltimore,19,16,40.5,41.5,2.5,2.5,-130.0,110.0,0
2013-14,1020,Indianapolis,Denver,39,33,5.5,6.5,56.0,55.0,225.0,-275.0,1
2013-14,1021,NYGiants,Minnesota,23,7,46.0,47.5,2.5,4.0,-210.0,180.0,0
2013-14,1024,TampaBay,Carolina,13,31,3.5,6.5,38.5,38.5,220.0,-265.0,1
2013-14,1027,Detroit,Dallas,31,30,50.5,51.0,2.5,3.0,-160.0,135.0,0
2013-14,1027,Philadelphia,NYGiants,7,15,53.0,49.5,5.5,5.0,-225.0,189.0,0
2013-14,1027,KansasCity,Cleveland,23,17,40.0,39.0,7.0,7.0,-330.0,270.0,0
2013-14,1027,NewOrleans,Buffalo,35,17,48.5,48.0,11.5,10.0,-510.0,395.0,0
2013-14,1027,NewEngland,Miami,27,17,46.0,46.0,4.5,6.5,-275.0,227.0,0
2013-14,1027,Cincinnati,NYJets,49,9,40.5,40.5,7.0,6.5,-260.0,215.0,0
2013-14,1027,Oakland,Pittsburgh,21,18,2.5,2.5,41.0,40.0,130.0,-150.0,1
2013-14,1027,Denver,Washington,45,21,52.0,58.5,14.0,11.0,-516.0,399.0,0
2013-14,1027,Arizona,Atlanta,27,13,45.0,44.5,0.0,2.5,-148.0,128.0,0
2013-14,1027,Minnesota,GreenBay,31,44,6.5,7.0,50.5,47.5,270.0,-330.0,1
2013-14,1028,St.Louis,Seattle,9,14,6.0,13.0,46.0,43.5,510.0,-700.0,1
2013-14,1031,Miami,Cincinnati,22,20,42.0,3.0,1.0,42.0,135.0,-155.0,1
2013-14,1103,Carolina,Atlanta,34,10,41.0,47.0,7.0,9.0,-415.0,330.0,0
2013-14,1103,Dallas,Minnesota,27,23,46.0,50.5,10.0,8.0,-390.0,315.0,0
2013-14,1103,NYJets,NewOrleans,26,20,3.0,6.0,44.5,45.5,195.0,-235.0,1
2013-14,1103,St.Louis,Tennessee,21,28,3.0,3.0,41.0,41.0,145.0,-170.0,1
2013-14,1103,Buffalo,KansasCity,13,23,3.5,4.5,43.0,41.0,180.0,-210.0,1
2013-14,1103,Washington,SanDiego,30,24,50.0,49.0,2.5,2.0,-125.0,105.0,0
2013-14,1103,Oakland,Philadelphia,20,49,3.0,45.0,46.5,0.0,-115.0,-105.0,2
2013-14,1103,Seattle,TampaBay,27,24,41.0,40.0,14.0,15.5,-1300.0,810.0,0
2013-14,1103,Cleveland,Baltimore,24,18,3.0,1.0,40.0,42.5,-104.0,-116.0,1
2013-14,1103,NewEngland,Pittsburgh,55,31,42.0,42.5,5.5,5.5,-245.0,205.0,0
2013-14,1103,Houston,Indianapolis,24,27,45.5,1.0,1.0,41.5,-105.0,-115.0,1
2013-14,1104,GreenBay,Chicago,20,27,48.5,50.5,11.0,10.0,-500.0,380.0,0
2013-14,1107,Minnesota,Washington,34,27,2.5,1.0,47.5,48.0,-105.0,-115.0,1
2013-14,1110,Tennessee,Jacksonville,27,29,42.5,42.0,12.0,11.5,-630.0,470.0,0
2013-14,1110,GreenBay,Philadelphia,13,27,53.0,1.0,10.0,47.0,-104.0,-116.0,1
2013-14,1110,Pittsburgh,BuffaloBills,23,10,42.0,43.0,5.0,2.5,-145.0,125.0,0
2013-14,1110,NewYork,Oakland,24,20,42.0,41.0,7.0,7.0,-325.0,265.0,0
2013-14,1110,Indianapolis,St.Louis,8,38,42.0,43.0,13.0,7.0,-340.0,280.0,0
2013-14,1110,Atlanta,Seattle,10,33,4.0,3.0,45.0,47.0,150.0,-175.0,1
2013-14,1110,Baltimore,Cincinnati,20,17,2.5,43.5,42.0,2.0,-125.0,105.0,2
2013-14,1110,Chicago,Detroit,19,21,3.5,1.5,49.5,52.0,101.0,-121.0,1
2013-14,1110,SanFrancisco,Carolina,9,10,41.0,42.5,6.5,6.0,-250.0,210.0,0
2013-14,1110,Arizona,Houston,27,24,41.0,42.0,3.0,4.0,-195.0,165.0,0
2013-14,1110,SanDiego,Denver,20,28,7.0,7.0,56.0,56.0,265.0,-320.0,1
2013-14,1110,NewOrleans,Dallas,49,17,50.0,55.0,6.5,6.5,-280.0,230.0,0
2013-14,1111,TampaBay,Miami,22,19,3.5,2.5,41.0,39.0,115.0,-135.0,1
2013-14,1114,Tennessee,Indianapolis,27,30,2.5,3.0,43.0,42.0,130.0,-150.0,1
2013-14,1117,TampaBay,Atlanta,41,28,2.0,43.5,43.5,2.0,-130.0,110.0,2
2013-14,1117,Buffalo,NYJets,37,14,41.0,2.5,0.0,39.0,115.0,-135.0,1
2013-14,1117,Pittsburgh,Detroit,37,27,3.0,3.0,47.5,45.5,140.0,-160.0,1
2013-14,1117,Philadelphia,Washington,24,16,51.5,55.0,3.0,4.5,-210.0,180.0,0
2013-14,1117,Miami,SanDiego,20,16,1.0,2.5,45.5,44.5,125.0,-145.0,1
2013-14,1117,Chicago,Baltimore,23,20,47.0,41.0,3.0,4.0,-190.0,165.0,0
2013-14,1117,Cincinnati,Cleveland,41,20,41.5,39.0,6.0,4.5,-230.0,195.0,0
2013-14,1117,Houston,Oakland,23,28,42.5,41.0,7.0,10.5,-505.0,380.0,0
2013-14,1117,Jacksonville,Arizona,14,27,6.5,9.5,40.0,40.5,325.0,-405.0,1
2013-14,1117,Denver,KansasCity,27,17,51.0,49.5,8.0,7.5,-350.0,280.0,0
2013-14,1117,Seattle,Minnesota,41,20,47.0,45.0,13.5,13.5,-675.0,525.0,0
2013-14,1117,NewOrleans,SanFrancisco,23,20,47.5,50.5,3.0,3.0,-175.0,155.0,0
2013-14,1117,NYGiants,GreenBay,27,13,43.0,41.0,6.5,3.0,-180.0,155.0,0
2013-14,1118,Carolina,NewEngland,24,20,44.0,46.5,2.5,3.0,-160.0,140.0,0
2013-14,1121,Atlanta,NewOrleans,13,17,7.0,7.5,52.5,53.5,290.0,-360.0,1
2013-14,1124,Detroit,TampaBay,21,24,45.5,48.5,9.5,7.0,-325.0,265.0,0
2013-14,1124,Houston,Jacksonville,6,13,42.0,44.0,10.0,10.0,-510.0,385.0,0
2013-14,1124,GreenBay,Minnesota,26,26,45.0,44.5,5.0,6.0,-265.0,215.0,0
2013-14,1124,KansasCity,SanDiego,38,41,41.5,43.0,4.5,3.5,-185.0,160.0,0
2013-14,1124,Miami,Carolina,16,20,3.5,4.0,40.0,40.0,185.0,-215.0,1
2013-14,1124,Cleveland,Pittsburgh,11,27,41.0,40.0,2.5,2.5,-150.0,130.0,0
2013-14,1124,St.Louis,Chicago,42,21,46.0,45.5,0.0,2.5,-130.0,110.0,0
2013-14,1124,Baltimore,NYJets,19,3,40.5,38.0,3.0,4.5,-210.0,180.0,0
2013-14,1124,Oakland,Tennessee,19,23,41.0,3.0,1.5,42.5,130.0,-150.0,1
2013-14,1124,Arizona,Indianapolis,40,11,43.5,44.5,1.5,3.0,-180.0,160.0,0
2013-14,1124,NYGiants,Dallas,21,24,45.5,44.5,3.0,2.0,-130.0,110.0,0
2013-14,1124,NewEngland,Denver,34,31,3.0,54.5,54.5,1.0,-110.0,-110.0,2
2013-14,1125,Washington,SanFrancisco,6,27,3.5,5.5,45.5,45.0,200.0,-240.0,1
2013-14,1128,Detroit,GreenBay,40,10,49.5,49.5,4.0,6.5,-275.0,235.0,0
2013-14,1128,Dallas,Oakland,31,24,45.5,49.0,8.5,9.5,-450.0,370.0,0
2013-14,1128,Baltimore,Pittsburgh,22,20,41.5,40.0,2.5,3.0,-155.0,135.0,0
2013-14,1201,Indianapolis,Tennessee,22,14,44.5,47.0,4.0,3.5,-185.0,160.0,0
2013-14,1201,KansasCity,Denver,28,35,3.0,5.0,47.5,51.0,190.0,-225.0,1
2013-14,1201,Cleveland,Jacksonville,28,32,40.5,38.5,7.0,7.0,-320.0,260.0,0
2013-14,1201,Carolina,TampaBay,27,6,41.0,41.0,8.5,7.0,-350.0,280.0,0
2013-14,1201,Minnesota,Chicago,23,20,48.0,49.5,1.0,2.0,-135.0,115.0,0
2013-14,1201,Philadelphia,Arizona,24,21,48.5,48.5,3.0,3.5,-195.0,170.0,0
2013-14,1201,NYJets,Miami,3,23,38.5,1.0,3.0,40.0,-105.0,-115.0,1
2013-14,1201,Buffalo,Atlanta,31,34,48.0,49.0,3.5,5.0,-210.0,180.0,0
2013-14,1201,SanFrancisco,St.Louis,23,13,41.5,41.0,9.5,7.5,-360.0,290.0,0
2013-14,1201,Houston,NewEngland,31,34,7.0,7.0,46.0,49.5,245.0,-305.0,1
2013-14,1201,SanDiego,Cincinnati,10,17,1.5,2.5,45.0,48.5,115.0,-135.0,1
2013-14,1201,Washington,NYGiants,17,24,2.0,1.0,45.0,47.0,-110.0,-110.0,1
2013-14,1202,Seattle,NewOrleans,34,7,45.5,48.0,5.0,6.5,-280.0,230.0,0
2013-14,1205,Jacksonville,Houston,27,20,3.0,3.5,41.5,43.0,150.0,-175.0,1
2013-14,1208,Washington,KansasCity,10,45,3.0,3.5,44.0,44.0,160.0,-185.0,1
2013-14,1208,Baltimore,Minnesota,29,26,43.0,42.0,7.0,6.0,-280.0,230.0,0
2013-14,1208,NewEngland,Cleveland,27,26,45.0,47.5,10.5,10.0,-525.0,400.0,0
2013-14,1208,NYJets,Oakland,37,27,40.5,39.5,3.0,3.0,-155.0,135.0,0
2013-14,1208,Cincinnati,Indianapolis,42,28,44.0,43.5,5.5,7.5,-310.0,250.0,0
2013-14,1208,NewOrleans,Carolina,31,13,44.5,47.5,3.5,3.5,-175.0,155.0,0
2013-14,1208,Philadelphia,Detroit,34,20,53.0,51.0,2.5,2.5,-140.0,120.0,0
2013-14,1208,Pittsburgh,Miami,28,34,41.5,40.0,3.5,3.0,-160.0,140.0,0
2013-14,1208,TampaBay,Buffalo,27,6,43.0,43.0,2.5,3.0,-160.0,140.0,0
2013-14,1208,Denver,Tennessee,51,28,49.0,50.5,12.5,12.5,-670.0,520.0,0
2013-14,1208,Arizona,St.Louis,30,10,42.5,41.0,7.0,4.5,-210.0,180.0,0
2013-14,1208,SanDiego,NYGiants,37,14,45.0,47.0,3.0,4.5,-220.0,185.0,0
2013-14,1208,SanFrancisco,Seattle,19,17,41.5,41.0,2.5,2.5,-140.0,120.0,0
2013-14,1208,GreenBay,Atlanta,22,21,47.0,47.5,5.0,3.5,-190.0,165.0,0
2013-14,1209,Chicago,Dallas,45,28,1.5,49.0,49.0,1.0,-115.0,-105.0,2
2013-14,1212,Denver,SanDiego,20,27,52.5,57.0,10.5,9.5,-487.0,380.0,0
2013-14,1215,Atlanta,Washington,27,26,50.0,49.5,3.5,6.0,-245.0,205.0,0
2013-14,1215,TampaBay,SanFrancisco,14,33,5.0,4.5,42.0,41.0,185.0,-215.0,1
2013-14,1215,Tennessee,Arizona,34,37,3.0,3.0,41.5,42.5,125.0,-145.0,1
2013-14,1215,St.Louis,NewOrleans,27,16,4.5,7.0,46.5,48.0,245.0,-295.0,1
2013-14,1215,NYGiants,Seattle,0,23,6.5,8.5,41.5,43.5,330.0,-410.0,1
2013-14,1215,Cleveland,Chicago,31,38,44.0,44.0,1.0,0.0,-110.0,-110.0,0
2013-14,1215,Indianapolis,Houston,25,3,45.5,47.5,6.5,6.0,-250.0,210.0,0
2013-14,1215,Jacksonville,Buffalo,20,27,2.0,4.0,44.0,43.0,170.0,-200.0,1
2013-14,1215,Miami,NewEngland,24,20,3.0,46.5,45.5,2.0,-135.0,115.0,2
2013-14,1215,Minnesota,Philadelphia,48,30,3.5,7.0,50.5,53.0,240.0,-290.0,1
2013-14,1215,Carolina,NYJets,30,20,40.0,40.0,10.5,10.0,-435.0,345.0,0
2013-14,1215,Oakland,KansasCity,31,56,3.5,6.5,41.0,44.0,215.0,-265.0,1
2013-14,1215,Dallas,GreenBay,36,37,47.0,49.5,6.0,4.5,-215.0,185.0,0
2013-14,1215,Pittsburgh,Cincinnati,30,20,3.0,2.0,41.0,44.5,115.0,-135.0,1
2013-14,1216,Detroit,Baltimore,16,18,45.0,49.0,5.0,4.5,-205.0,175.0,0
2013-14,1222,Buffalo,Miami,19,0,2.5,41.5,43.0,1.0,-115.0,-105.0,2
2013-14,1222,Carolina,NewOrleans,17,13,45.5,44.5,3.0,3.0,-175.0,150.0,0
2013-14,1222,Washington,Dallas,23,24,2.5,3.0,51.5,51.5,140.0,-165.0,1
2013-14,1222,St.Louis,TampaBay,23,13,42.5,43.0,5.5,3.0,-175.0,150.0,0
2013-14,1222,Philadelphia,Chicago,54,11,54.5,53.5,4.0,3.0,-148.0,128.0,0
2013-14,1222,NYJets,Cleveland,24,13,39.5,41.5,1.0,2.5,-135.0,115.0,0
2013-14,1222,KansasCity,Indianapolis,7,23,41.5,47.0,6.5,7.5,-340.0,280.0,0
2013-14,1222,Cincinnati,Minnesota,42,14,47.0,48.0,7.0,7.5,-360.0,295.0,0
2013-14,1222,Houston,Denver,13,37,9.5,9.5,51.5,53.0,375.0,-480.0,1
2013-14,1222,Jacksonville,Tennessee,16,20,5.5,4.0,44.0,44.0,183.0,-215.0,1
2013-14,1222,Seattle,Arizona,10,17,45.0,42.5,9.5,8.0,-401.0,323.0,0
2013-14,1222,Detroit,NYGiants,20,23,48.5,47.0,9.5,9.5,-440.0,350.0,0
2013-14,1222,SanDiego,Oakland,26,13,49.5,50.0,8.5,10.0,-456.0,359.0,0
2013-14,1222,GreenBay,Pittsburgh,31,38,45.0,1.0,3.0,44.0,-105.0,-115.0,1
2013-14,1222,Baltimore,NewEngland,7,41,45.0,1.5,2.5,45.0,100.0,-120.0,1
2013-14,1223,SanFrancisco,Atlanta,34,24,45.0,46.5,12.5,14.5,-1000.0,670.0,0
2013-14,1229,Atlanta,Carolina,20,21,7.0,4.5,45.5,46.5,205.0,-245.0,1
2013-14,1229,Chicago,GreenBay,28,33,3.0,3.0,51.0,51.5,135.0,-155.0,1
2013-14,1229,Tennessee,Houston,16,10,44.5,45.0,6.0,6.5,-305.0,245.0,0
2013-14,1229,Pittsburgh,Cleveland,20,7,44.0,44.5,5.5,9.0,-390.0,310.0,0
2013-14,1229,NYGiants,Washington,20,6,45.5,44.5,3.0,3.5,-175.0,155.0,0
2013-14,1229,Cincinnati,Baltimore,34,17,44.5,42.0,4.0,6.5,-290.0,240.0,0
2013-14,1229,Indianapolis,Jacksonville,30,10,45.5,45.0,11.5,11.5,-560.0,435.0,0
2013-14,1229,Dallas,Philadelphia,22,24,2.5,7.0,55.5,54.0,260.0,-320.0,1
2013-14,1229,Miami,NYJets,7,20,41.0,41.0,6.5,7.0,-305.0,245.0,0
2013-14,1229,Minnesota,Detroit,14,13,51.5,2.0,2.0,50.5,115.0,-135.0,1
2013-14,1229,NewEngland,Buffalo,34,20,47.0,45.5,7.5,7.5,-330.0,270.0,0
2013-14,1229,NewOrleans,TampaBay,42,17,47.0,47.0,12.5,11.5,-575.0,450.0,0
2013-14,1229,Oakland,Denver,14,34,10.5,10.0,53.5,54.5,400.0,-525.0,1
2013-14,1229,Arizona,SanFrancisco,20,23,1.5,41.0,43.0,3.0,-155.0,135.0,2
2013-14,1229,SanDiego,KansasCity,27,24,45.0,45.5,10.0,14.5,-875.0,625.0,0
2013-14,1229,Seattle,St.Louis,27,9,44.5,41.0,10.5,13.0,-630.0,480.0,0
2013-14,104,Indianapolis,KansasCity,45,44,46.5,2.5,2.5,47.5,110.0,-130.0,1
2013-14,104,Philadelphia,NewOrleans,24,26,54.5,54.5,2.5,3.0,-165.0,140.0,0
2013-14,105,Cincinnati,SanDiego,10,27,46.0,48.0,7.0,6.0,-275.0,227.0,0
2013-14,105,GreenBay,SanFrancisco,20,23,2.5,3.0,48.5,46.5,154.0,-179.0,1
2013-14,111,Seattle,NewOrleans,23,15,48.0,44.5,8.5,9.0,-395.0,315.0,0
2013-14,111,NewEngland,Indianapolis,43,22,52.5,51.0,7.0,7.0,-302.0,249.0,0
2013-14,112,Carolina,SanFrancisco,10,23,1.0,1.0,43.0,41.5,100.0,-120.0,1
2013-14,112,Denver,SanDiego,24,17,54.5,55.0,9.5,7.5,-324.0,264.0,0
2013-14,119,Denver,NewEngland,26,16,54.5,57.0,6.5,5.0,-240.0,200.0,0
2013-14,119,Seattle,SanFrancisco,23,17,41.0,40.5,3.5,4.0,-200.0,170.0,0
2014-15,904,Seattle,GreenBay,36,16,45.0,47.0,5.5,4.5,-235.0,195.0,0
2014-15,907,Atlanta,NewOrleans,37,34,51.5,3.0,1.5,51.0,140.0,-160.0,1
2014-15,907,St.Louis,Minnesota,6,34,45.0,44.0,5.5,2.5,-155.0,135.0,0
2014-15,907,Pittsburgh,Cleveland,30,27,40.5,41.5,5.0,5.5,-250.0,210.0,0
2014-15,907,Philadelphia,Jacksonville,34,17,51.5,49.0,11.0,11.0,-540.0,415.0,0
2014-15,907,NYJets,Oakland,19,14,39.5,41.0,4.5,6.5,-305.0,245.0,0
2014-15,907,Baltimore,Cincinnati,16,23,43.0,43.5,2.5,0.0,-110.0,-110.0,0
2014-15,907,Chicago,Buffalo,20,23,48.5,47.0,6.0,6.5,-285.0,235.0,0
2014-15,907,Houston,Washington,17,6,46.0,44.0,2.5,3.0,-170.0,150.0,0
2014-15,907,KansasCity,Tennessee,10,26,44.0,45.5,6.0,3.0,-165.0,145.0,0
2014-15,907,Miami,NewEngland,33,20,3.5,3.5,47.0,47.5,160.0,-185.0,1
2014-15,907,TampaBay,Carolina,14,20,2.0,38.5,39.5,5.0,-230.0,195.0,2
2014-15,907,Dallas,SanFrancisco,17,28,3.5,3.0,48.0,48.5,145.0,-165.0,1
2014-15,907,Denver,Indianapolis,31,24,55.0,53.5,6.5,9.0,-390.0,310.0,0
2014-15,908,Detroit,NYGiants,35,14,45.5,45.5,4.0,6.5,-275.0,230.0,0
2014-15,908,Arizona,SanDiego,18,17,44.0,45.5,3.0,3.0,-160.0,135.0,0
2014-15,911,Baltimore,Pittsburgh,26,6,43.5,44.0,3.0,2.5,-146.0,126.0,0
2014-15,914,Carolina,Detroit,24,7,43.5,43.0,3.0,1.5,-125.0,105.0,0
2014-15,914,Buffalo,Miami,29,10,44.5,43.0,1.0,1.5,-125.0,105.0,0
2014-15,914,Washington,Jacksonville,41,10,45.0,43.0,6.5,4.5,-230.0,195.0,0
2014-15,914,Tennessee,Dallas,10,26,47.5,49.0,3.5,3.0,-170.0,145.0,0
2014-15,914,NYGiants,Arizona,14,25,45.5,41.5,1.5,1.5,-125.0,105.0,0
2014-15,914,Minnesota,NewEngland,7,30,3.0,3.0,49.0,49.0,145.0,-170.0,1
2014-15,914,Cleveland,NewOrleans,26,24,6.0,5.0,47.5,49.0,202.0,-242.0,1
2014-15,914,Cincinnati,Atlanta,24,10,48.0,49.0,5.5,5.5,-240.0,200.0,0
2014-15,914,TampaBay,St.Louis,17,19,38.0,37.5,3.5,4.0,-215.0,180.0,0
2014-15,914,SanDiego,Seattle,30,21,5.0,5.0,45.0,45.0,195.0,-230.0,1
2014-15,914,Oakland,Houston,14,30,3.0,3.0,40.0,41.0,139.0,-164.0,1
2014-15,914,GreenBay,NYJets,31,24,46.0,46.5,8.0,7.0,-340.0,280.0,0
2014-15,914,Denver,KansasCity,24,17,52.0,49.0,12.0,13.0,-900.0,600.0,0
2014-15,914,SanFrancisco,Chicago,20,28,48.0,47.0,6.5,7.0,-300.0,250.0,0
2014-15,915,Indianapolis,Philadelphia,27,30,52.5,53.5,2.5,3.0,-160.0,135.0,0
2014-15,918,Atlanta,TampaBay,56,14,45.0,47.0,5.5,7.0,-280.0,230.0,0
2014-15,921,Buffalo,SanDiego,10,22,44.5,45.5,1.0,3.0,-146.0,126.0,0
2014-15,921,St.Louis,Dallas,31,34,1.0,2.0,45.0,45.0,115.0,-135.0,1
2014-15,921,Philadelphia,Washington,37,34,50.0,49.5,7.0,4.0,-215.0,180.0,0
2014-15,921,NYGiants,Houston,30,17,2.5,41.5,42.0,1.0,-120.0,100.0,2
2014-15,921,NewOrleans,Minnesota,20,9,51.0,49.5,9.5,9.5,-500.0,400.0,0
2014-15,921,Cincinnati,Tennessee,33,7,43.5,45.0,6.5,6.0,-275.0,230.0,0
2014-15,921,Cleveland,Baltimore,21,23,1.0,1.5,41.5,43.0,105.0,-125.0,1
2014-15,921,Detroit,GreenBay,19,7,52.0,51.5,2.5,1.5,-125.0,105.0,0
2014-15,921,Jacksonville,Indianapolis,17,44,7.0,6.0,46.0,45.5,205.0,-245.0,1
2014-15,921,NewEngland,Oakland,16,9,47.0,47.0,14.0,13.5,-900.0,600.0,0
2014-15,921,Arizona,SanFrancisco,23,14,3.0,3.0,42.0,41.0,131.0,-151.0,1
2014-15,921,Seattle,Denver,26,20,49.0,47.5,4.5,4.0,-220.0,185.0,0
2014-15,921,Miami,KansasCity,15,34,41.5,43.0,5.0,6.0,-250.0,210.0,0
2014-15,921,Carolina,Pittsburgh,19,37,40.0,43.0,3.5,3.0,-200.0,170.0,0
2014-15,922,NYJets,Chicago,19,27,45.5,45.0,0.0,1.5,-125.0,105.0,0
2014-15,925,Washington,NYGiants,14,45,44.5,44.5,4.5,3.0,-172.0,147.0,0
2014-15,928,Chicago,GreenBay,17,38,49.5,1.5,1.0,51.0,110.0,-130.0,1
2014-15,928,Houston,Buffalo,23,17,42.0,44.0,4.0,2.5,-145.0,125.0,0
2014-15,928,Indianapolis,Tennessee,41,17,45.5,45.5,7.0,7.5,-345.0,275.0,0
2014-15,928,Baltimore,Carolina,38,10,39.0,42.5,3.0,3.0,-165.0,145.0,0
2014-15,928,NYJets,Detroit,17,24,1.0,43.5,44.5,1.5,-125.0,105.0,2
2014-15,928,Pittsburgh,TampaBay,24,27,43.5,44.5,8.0,7.5,-345.0,275.0,0
2014-15,928,SanDiego,Jacksonville,33,14,44.5,45.0,13.5,12.0,-670.0,520.0,0
2014-15,928,SanFrancisco,Philadelphia,26,21,51.0,49.5,3.5,3.5,-205.0,175.0,0
2014-15,928,Minnesota,Atlanta,41,28,3.0,5.5,47.0,48.0,195.0,-230.0,1
2014-15,928,Dallas,NewOrleans,38,17,3.0,3.0,52.5,54.0,125.0,-145.0,1
2014-15,930,KansasCity,NewEngland,41,14,4.0,3.0,45.0,45.5,120.0,-140.0,1
2014-15,1002,GreenBay,Minnesota,42,10,49.0,46.5,10.0,9.5,-425.0,345.0,0
2014-15,1005,Carolina,Chicago,31,24,45.5,47.0,2.5,1.5,-120.0,100.0,0
2014-15,1005,Tennessee,Cleveland,28,29,44.5,1.0,1.0,44.0,100.0,-120.0,1
2014-15,1005,Philadelphia,St.Louis,34,28,48.5,48.0,8.0,3.5,-199.0,169.0,0
2014-15,1005,NYGiants,Atlanta,30,20,49.0,50.5,3.0,4.0,-215.0,180.0,0
2014-15,1005,NewOrleans,TampaBay,37,31,49.0,47.0,11.0,11.0,-600.0,460.0,0
2014-15,1005,Dallas,Houston,20,17,46.0,48.0,4.0,4.5,-235.0,195.0,0
2014-15,1005,Detroit,Buffalo,14,17,44.0,43.0,7.0,4.5,-225.0,190.0,0
2014-15,1005,Indianapolis,Baltimore,20,13,46.5,49.0,3.0,2.5,-140.0,120.0,0
2014-15,1005,Jacksonville,Pittsburgh,9,17,6.0,6.0,45.5,46.5,215.0,-260.0,1
2014-15,1005,Denver,Arizona,41,20,49.5,47.0,8.5,8.5,-385.0,315.0,0
2014-15,1005,SanFrancisco,KansasCity,22,17,44.5,43.5,5.0,5.0,-225.0,190.0,0
2014-15,1005,SanDiego,NYJets,31,0,43.5,45.0,7.0,7.0,-314.0,260.0,0
2014-15,1005,NewEngland,Cincinnati,43,17,0.0,2.5,46.0,46.0,120.0,-140.0,1
2014-15,1006,Washington,Seattle,17,27,7.0,7.0,45.5,45.5,270.0,-330.0,1
2014-15,1009,Houston,Indianapolis,28,33,2.5,2.5,45.0,45.5,115.0,-135.0,1
2014-15,1012,NYJets,Denver,17,31,7.0,10.0,46.5,47.0,355.0,-445.0,1
2014-15,1012,Cleveland,Pittsburgh,31,10,46.5,46.5,0.0,2.0,-130.0,110.0,0
2014-15,1012,Tennessee,Jacksonville,16,14,43.0,42.5,4.0,4.0,-210.0,180.0,0
2014-15,1012,Atlanta,Chicago,13,27,54.0,55.5,3.0,3.5,-185.0,160.0,0
2014-15,1012,Miami,GreenBay,24,27,3.5,1.5,48.5,46.5,105.0,-125.0,1
2014-15,1012,Minnesota,Detroit,3,17,1.0,43.0,43.0,1.0,-120.0,100.0,2
2014-15,1012,Cincinnati,Carolina,37,37,43.5,44.0,7.0,7.0,-310.0,250.0,0
2014-15,1012,Buffalo,NewEngland,22,37,3.0,44.0,45.0,0.0,-115.0,-105.0,2
2014-15,1012,TampaBay,Baltimore,17,48,3.0,3.5,42.5,44.0,155.0,-180.0,1
2014-15,1012,Oakland,SanDiego,28,31,7.0,7.0,42.5,44.0,300.0,-370.0,1
2014-15,1012,Seattle,Dallas,23,30,47.5,47.0,8.0,10.0,-445.0,355.0,0
2014-15,1012,Arizona,Washington,30,20,45.0,47.0,2.5,5.5,-235.0,200.0,0
2014-15,1012,Philadelphia,NYGiants,27,0,51.0,50.5,3.0,1.5,-125.0,105.0,0
2014-15,1013,St.Louis,SanFrancisco,17,31,3.5,3.0,43.5,45.0,170.0,-200.0,1
2014-15,1016,NewEngland,NYJets,27,25,47.0,44.5,8.5,9.5,-506.0,387.0,0
2014-15,1019,Indianapolis,Cincinnati,27,0,49.0,50.5,3.0,3.0,-175.0,155.0,0
2014-15,1019,Washington,Tennessee,19,17,46.0,46.0,4.0,6.0,-255.0,215.0,0
2014-15,1019,Chicago,Miami,14,27,48.5,47.5,3.0,3.0,-175.0,155.0,0
2014-15,1019,Jacksonville,Cleveland,24,6,4.0,4.0,45.0,44.5,180.0,-210.0,1
2014-15,1019,St.Louis,Seattle,28,26,6.5,6.5,45.0,44.0,250.0,-310.0,1
2014-15,1019,GreenBay,Carolina,38,17,48.5,48.5,7.0,6.5,-285.0,235.0,0
2014-15,1019,Baltimore,Atlanta,29,7,49.5,49.5,7.0,6.5,-285.0,235.0,0
2014-15,1019,Buffalo,Minnesota,17,16,44.5,43.5,4.5,6.5,-280.0,230.0,0
2014-15,1019,Detroit,NewOrleans,24,23,50.0,46.0,2.5,1.0,-120.0,100.0,0
2014-15,1019,SanDiego,KansasCity,20,23,46.5,46.0,5.5,3.0,-160.0,140.0,0
2014-15,1019,Dallas,NYGiants,31,21,48.5,47.0,4.5,5.0,-225.0,190.0,0
2014-15,1019,Oakland,Arizona,13,24,4.0,3.5,44.0,46.5,165.0,-190.0,1
2014-15,1019,Denver,SanFrancisco,42,17,49.5,48.0,6.0,7.0,-310.0,250.0,0
2014-15,1020,Pittsburgh,Houston,30,23,44.0,44.0,4.0,3.0,-160.0,135.0,0
2014-15,1023,Denver,SanDiego,35,21,51.0,50.5,7.5,9.0,-410.0,330.0,0
2014-15,1026,TampaBay,Minnesota,13,19,41.5,43.0,2.5,1.0,-119.0,-101.0,0
2014-15,1026,NewEngland,Chicago,51,23,49.5,52.0,7.0,5.5,-245.0,205.0,0
2014-15,1026,KansasCity,St.Louis,34,7,43.0,44.0,6.0,7.5,-350.0,290.0,0
2014-15,1026,Carolina,Seattle,9,13,3.5,6.0,44.5,44.5,225.0,-270.0,1
2014-15,1026,NYJets,Buffalo,23,43,41.0,40.0,2.5,3.0,-161.0,136.0,0
2014-15,1026,Jacksonville,Miami,13,27,4.0,7.0,43.5,42.0,265.0,-320.0,1
2014-15,1026,Tennessee,Houston,16,30,1.0,3.0,43.5,43.0,156.0,-181.0,1
2014-15,1026,Cincinnati,Baltimore,27,24,46.0,3.0,3.0,44.5,131.0,-151.0,1
2014-15,1026,Arizona,Philadelphia,24,20,48.0,1.0,2.5,48.0,101.0,-121.0,1
2014-15,1026,Pittsburgh,Indianapolis,51,34,2.5,4.5,48.5,48.0,210.0,-250.0,1
2014-15,1026,Cleveland,Oakland,23,13,43.0,44.0,7.0,6.5,-295.0,245.0,0
2014-15,1026,NewOrleans,GreenBay,44,23,52.5,55.0,0.0,2.0,-125.0,106.0,0
2014-15,1027,Dallas,Washington,17,20,51.0,48.5,7.5,9.0,-450.0,355.0,0
2014-15,1030,Carolina,NewOrleans,10,28,1.5,3.0,49.0,49.0,155.0,-180.0,1
2014-15,1102,Miami,SanDiego,37,0,44.0,45.0,1.5,3.0,-140.0,120.0,0
2014-15,1102,Cincinnati,Jacksonville,33,23,43.0,44.0,13.0,10.0,-475.0,380.0,0
2014-15,1102,Cleveland,TampaBay,22,17,44.5,44.0,6.0,7.0,-325.0,265.0,0
2014-15,1102,Minnesota,Washington,29,26,44.0,1.0,1.0,44.0,-105.0,-115.0,1
2014-15,1102,Houston,Philadelphia,21,31,3.0,2.5,50.0,48.5,115.0,-135.0,1
2014-15,1102,KansasCity,NYJets,24,10,41.5,41.5,9.5,9.0,-425.0,345.0,0
2014-15,1102,Dallas,Arizona,17,28,45.0,45.0,4.0,1.0,-125.0,105.0,0
2014-15,1102,SanFrancisco,St.Louis,10,13,44.0,44.0,9.5,10.0,-550.0,430.0,0
2014-15,1102,NewEngland,Denver,43,21,3.5,3.0,54.0,53.0,140.0,-165.0,1
2014-15,1102,Seattle,Oakland,30,24,41.5,44.0,15.0,13.0,-904.0,602.0,0
2014-15,1102,Pittsburgh,Baltimore,43,23,44.0,47.5,0.0,2.0,-130.0,110.0,0
2014-15,1103,NYGiants,Indianapolis,24,40,3.0,3.0,49.5,51.0,140.0,-165.0,1
2014-15,1106,Cincinnati,Cleveland,3,24,44.0,46.5,6.0,6.0,-260.0,215.0,0
2014-15,1109,Detroit,Miami,20,16,42.5,43.0,3.0,3.0,-150.0,130.0,0
2014-15,1109,Buffalo,KansasCity,13,17,1.0,42.0,43.0,2.5,-134.0,114.0,2
2014-15,1109,NewOrleans,SanFrancisco,24,27,49.0,49.0,3.5,6.0,-235.0,195.0,0
2014-15,1109,Baltimore,Tennessee,21,7,44.0,44.5,10.5,10.0,-550.0,430.0,0
2014-15,1109,NYJets,Pittsburgh,20,13,5.5,4.0,45.5,47.0,180.0,-215.0,1
2014-15,1109,TampaBay,Atlanta,17,27,44.5,3.0,1.0,47.0,150.0,-175.0,1
2014-15,1109,Oakland,Denver,17,41,10.5,13.0,49.0,50.5,525.0,-725.0,1
2014-15,1109,Arizona,St.Louis,31,14,43.0,43.5,7.0,7.0,-325.0,265.0,0
2014-15,1109,Seattle,NYGiants,38,17,45.0,44.5,9.0,9.0,-425.0,345.0,0
2014-15,1109,GreenBay,Chicago,55,14,52.0,53.0,7.0,9.0,-381.0,311.0,0
2014-15,1110,Philadelphia,Carolina,45,21,48.0,48.5,5.5,7.5,-325.0,265.0,0
2014-15,1113,Miami,Buffalo,22,9,42.0,40.5,5.0,3.5,-205.0,175.0,0
2014-15,1116,Cleveland,Houston,7,23,42.0,41.5,3.0,4.5,-230.0,195.0,0
2014-15,1116,Chicago,Minnesota,21,13,47.0,46.5,3.0,2.5,-135.0,115.0,0
2014-15,1116,GreenBay,Philadelphia,53,20,56.5,55.5,4.0,4.0,-215.0,180.0,0
2014-15,1116,KansasCity,Seattle,24,20,1.0,1.0,42.0,43.0,100.0,-120.0,1
2014-15,1116,Carolina,Atlanta,17,19,46.0,2.5,0.0,46.5,120.0,-140.0,1
2014-15,1116,NewOrleans,Cincinnati,10,27,50.5,51.0,5.5,8.5,-375.0,305.0,0
2014-15,1116,Washington,TampaBay,7,27,46.0,46.5,7.0,6.5,-310.0,255.0,0
2014-15,1116,St.Louis,Denver,22,7,8.0,8.0,50.5,49.5,325.0,-400.0,1
2014-15,1116,NYGiants,SanFrancisco,10,16,3.0,4.0,43.5,44.5,170.0,-200.0,1
2014-15,1116,SanDiego,Oakland,13,6,44.0,45.5,9.0,10.0,-552.0,432.0,0
2014-15,1116,Arizona,Detroit,14,6,41.5,1.0,2.5,41.5,105.0,-125.0,1
2014-15,1116,Indianapolis,NewEngland,20,42,56.0,58.0,2.5,3.0,-168.0,142.0,0
2014-15,1117,Tennessee,Pittsburgh,24,27,5.5,7.0,47.0,46.0,260.0,-315.0,1
2014-15,1120,Oakland,KansasCity,24,20,6.5,7.0,43.5,41.5,295.0,-360.0,1
2014-15,1123,Atlanta,Cleveland,24,26,46.5,48.5,3.0,2.5,-145.0,125.0,0
2014-15,1123,Philadelphia,Tennessee,43,24,48.5,49.0,11.0,11.0,-685.0,490.0,0
2014-15,1123,NewEngland,Detroit,34,9,48.0,47.0,6.0,7.0,-330.0,270.0,0
2014-15,1123,Minnesota,GreenBay,21,24,10.0,7.5,48.0,50.0,300.0,-360.0,1
2014-15,1123,Indianapolis,Jacksonville,23,3,50.0,49.0,13.5,13.0,-800.0,545.0,0
2014-15,1123,Houston,Cincinnati,13,22,44.0,44.5,1.0,2.5,-145.0,125.0,0
2014-15,1123,Chicago,TampaBay,21,13,48.0,46.5,5.5,4.0,-210.0,170.0,0
2014-15,1123,Seattle,Arizona,19,3,42.0,41.5,6.5,7.5,-340.0,280.0,0
2014-15,1123,SanDiego,St.Louis,27,24,44.5,43.5,6.0,5.0,-220.0,180.0,0
2014-15,1123,Denver,Miami,39,36,49.0,47.0,8.0,6.5,-300.0,245.0,0
2014-15,1123,SanFrancisco,Washington,17,13,44.5,44.0,9.0,9.0,-460.0,375.0,0
2014-15,1123,NYGiants,Dallas,28,31,3.0,4.0,47.5,48.5,170.0,-210.0,1
2014-15,1124,NewOrleans,Baltimore,27,34,49.5,50.5,3.0,3.0,-140.0,120.0,0
2014-15,1124,Buffalo,NYJets,38,3,41.5,42.5,2.5,3.0,-150.0,130.0,0
2014-15,1127,Detroit,Chicago,34,17,46.5,46.0,7.0,7.0,-345.0,295.0,0
2014-15,1127,Dallas,Philadelphia,10,33,54.0,56.0,3.0,3.0,-175.0,155.0,0
2014-15,1127,SanFrancisco,Seattle,3,19,41.0,40.0,2.0,1.0,-120.0,100.0,0
2014-15,1130,Indianapolis,Washington,49,27,51.0,48.5,9.5,8.0,-380.0,310.0,0
2014-15,1130,Houston,Tennessee,45,21,43.0,43.0,7.0,6.5,-310.0,260.0,0
2014-15,1130,Buffalo,Cleveland,26,10,41.0,42.0,2.0,3.0,-175.0,155.0,0
2014-15,1130,Baltimore,SanDiego,33,34,46.0,45.5,5.5,6.5,-290.0,240.0,0
2014-15,1130,Jacksonville,NYGiants,25,24,1.5,3.0,44.0,44.0,135.0,-155.0,1
2014-15,1130,TampaBay,Cincinnati,13,14,4.0,6.0,44.0,43.5,200.0,-240.0,1
2014-15,1130,St.Louis,Oakland,52,0,43.0,43.0,7.0,6.0,-265.0,225.0,0
2014-15,1130,Pittsburgh,NewOrleans,32,35,53.0,54.5,4.0,3.5,-190.0,160.0,0
2014-15,1130,Minnesota,Carolina,31,13,41.0,41.5,3.0,2.5,-140.0,120.0,0
2014-15,1130,Atlanta,Arizona,29,18,1.5,1.5,45.0,45.5,105.0,-125.0,1
2014-15,1130,GreenBay,NewEngland,26,21,57.0,57.5,3.0,3.0,-140.0,120.0,0
2014-15,1130,KansasCity,Denver,16,29,49.0,49.0,1.0,1.0,-120.0,100.0,0
2014-15,1201,NYJets,Miami,13,16,5.5,7.0,41.5,41.5,255.0,-310.0,1
2014-15,1204,Chicago,Dallas,28,41,3.5,3.5,50.0,50.0,161.0,-190.0,1
2014-15,1207,Miami,Baltimore,13,28,45.0,45.0,3.0,3.0,-165.0,140.0,0
2014-15,1207,Cincinnati,Pittsburgh,21,42,47.0,47.5,3.5,3.0,-160.0,135.0,0
2014-15,1207,Cleveland,Indianapolis,24,25,3.5,3.0,50.0,50.5,135.0,-160.0,1
2014-15,1207,Jacksonville,Houston,13,27,4.0,7.0,42.0,41.5,240.0,-290.0,1
2014-15,1207,Tennessee,NYGiants,7,36,45.0,3.0,0.0,46.5,135.0,-160.0,1
2014-15,1207,NewOrleans,Carolina,10,41,48.0,50.0,10.0,9.0,-475.0,380.0,0
2014-15,1207,Detroit,TampaBay,34,17,41.5,42.0,10.0,10.0,-525.0,405.0,0
2014-15,1207,Washington,St.Louis,0,24,1.5,3.0,44.0,44.5,123.0,-142.0,1
2014-15,1207,Minnesota,NYJets,30,24,40.0,40.0,5.5,4.0,-205.0,175.0,0
2014-15,1207,Denver,Buffalo,24,17,48.5,47.5,10.0,9.5,-440.0,355.0,0
2014-15,1207,Arizona,KansasCity,17,14,40.0,3.0,0.0,41.0,121.0,-140.0,1
2014-15,1207,Oakland,SanFrancisco,24,13,7.5,8.5,41.0,40.0,325.0,-400.0,1
2014-15,1207,Philadelphia,Seattle,14,24,49.0,1.5,0.0,48.0,102.0,-122.0,1
2014-15,1207,SanDiego,NewEngland,14,23,3.0,4.0,50.5,53.5,180.0,-215.0,1
2014-15,1208,GreenBay,Atlanta,43,37,56.0,54.5,11.5,13.5,-800.0,575.0,0
2014-15,1211,St.Louis,Arizona,6,12,41.0,40.5,2.5,6.0,-260.0,215.0,0
2014-15,1214,KansasCity,Oakland,31,13,41.5,41.5,12.0,11.0,-550.0,420.0,0
2014-15,1214,Baltimore,Jacksonville,20,12,45.5,44.5,13.5,14.0,-900.0,600.0,0
2014-15,1214,Atlanta,Pittsburgh,20,27,2.5,3.0,54.5,55.5,130.0,-150.0,1
2014-15,1214,Indianapolis,Houston,17,10,50.0,49.0,6.5,6.5,-320.0,260.0,0
2014-15,1214,Cleveland,Cincinnati,0,30,2.5,44.0,44.0,2.0,-130.0,110.0,2
2014-15,1214,NewEngland,Miami,41,13,49.0,49.0,8.0,9.5,-425.0,345.0,0
2014-15,1214,Carolina,TampaBay,19,17,43.5,41.0,5.5,3.0,-190.0,160.0,0
2014-15,1214,NYGiants,Washington,24,13,48.0,46.5,6.5,6.5,-300.0,245.0,0
2014-15,1214,Buffalo,GreenBay,21,13,5.0,4.0,50.0,49.5,160.0,-190.0,1
2014-15,1214,Detroit,Minnesota,16,14,44.0,42.5,7.5,8.0,-400.0,325.0,0
2014-15,1214,Tennessee,NYJets,11,16,42.0,3.0,1.0,41.5,160.0,-190.0,1
2014-15,1214,SanDiego,Denver,10,22,3.5,4.5,50.5,49.0,180.0,-220.0,1
2014-15,1214,Seattle,SanFrancisco,17,7,38.5,38.5,8.5,9.5,-440.0,360.0,0
2014-15,1214,Philadelphia,Dallas,27,38,55.5,54.5,3.5,3.0,-170.0,150.0,0
2014-15,1215,Chicago,NewOrleans,15,31,3.0,3.0,54.0,53.5,161.0,-190.0,1
2014-15,1218,Jacksonville,Tennessee,21,13,40.5,39.0,3.0,4.0,-210.0,180.0,0
2014-15,1220,SanFrancisco,SanDiego,35,38,42.5,40.5,2.5,2.0,-135.0,115.0,0
2014-15,1220,Washington,Philadelphia,27,24,8.0,7.0,50.5,51.0,255.0,-310.0,1
2014-15,1221,Miami,Minnesota,37,35,42.0,42.5,7.0,5.0,-230.0,190.0,0
2014-15,1221,TampaBay,GreenBay,3,20,10.0,12.0,50.5,48.5,470.0,-650.0,1
2014-15,1221,Chicago,Detroit,14,20,6.5,10.0,46.0,44.5,350.0,-430.0,1
2014-15,1221,NewOrleans,Atlanta,14,30,55.0,56.0,6.0,6.0,-270.0,230.0,0
2014-15,1221,NYJets,NewEngland,16,17,11.0,10.0,47.5,47.0,375.0,-460.0,1
2014-15,1221,Pittsburgh,KansasCity,20,12,47.5,49.5,3.0,2.5,-140.0,120.0,0
2014-15,1221,Carolina,Cleveland,17,13,41.5,40.0,3.5,6.5,-250.0,210.0,0
2014-15,1221,Houston,Baltimore,25,13,4.0,6.5,41.5,42.0,240.0,-285.0,1
2014-15,1221,St.Louis,NYGiants,27,37,45.5,43.5,6.0,6.5,-295.0,245.0,0
2014-15,1221,Oakland,Buffalo,26,24,6.0,6.5,39.5,42.0,235.0,-280.0,1
2014-15,1221,Dallas,Indianapolis,42,7,55.5,53.5,3.0,3.0,-180.0,155.0,0
2014-15,1221,Arizona,Seattle,6,35,7.5,9.5,37.0,36.5,350.0,-430.0,1
2014-15,1222,Cincinnati,Denver,37,28,3.5,3.5,48.5,47.0,175.0,-205.0,1
2014-15,1228,GreenBay,Detroit,30,20,47.5,46.5,7.5,9.0,-430.0,340.0,0
2014-15,1228,Houston,Jacksonville,23,17,40.5,38.5,9.5,9.0,-395.0,315.0,0
2014-15,1228,Pittsburgh,Cincinnati,27,17,48.0,48.5,3.0,3.0,-160.0,140.0,0
2014-15,1228,Tennessee,Indianapolis,10,27,7.0,7.5,48.0,46.5,270.0,-340.0,1
2014-15,1228,Baltimore,Cleveland,20,10,42.0,40.0,9.0,14.5,-1045.0,745.0,0
2014-15,1228,NewEngland,Buffalo,9,17,44.0,43.5,3.5,4.5,-210.0,180.0,0
2014-15,1228,Miami,NYJets,24,37,42.0,41.0,6.0,7.0,-310.0,250.0,0
2014-15,1228,Atlanta,Carolina,3,34,48.0,48.0,3.5,2.5,-140.0,120.0,0
2014-15,1228,Minnesota,Chicago,13,9,43.5,47.0,7.0,7.0,-330.0,270.0,0
2014-15,1228,KansasCity,SanDiego,19,7,42.5,42.5,3.0,3.0,-155.0,135.0,0
2014-15,1228,NYGiants,Philadelphia,26,34,52.0,52.0,1.5,0.0,-108.0,-108.0,0
2014-15,1228,Washington,Dallas,17,44,5.0,6.0,49.5,47.5,220.0,-270.0,1
2014-15,1228,TampaBay,NewOrleans,20,23,3.5,6.0,47.0,46.5,215.0,-265.0,1
2014-15,1228,Seattle,St.Louis,20,6,41.0,41.5,13.5,11.5,-635.0,485.0,0
2014-15,1228,SanFrancisco,Arizona,20,17,37.0,38.0,4.0,6.0,-275.0,225.0,0
2014-15,1228,Denver,Oakland,47,14,48.0,48.5,14.0,16.0,-1240.0,890.0,0
2014-15,103,Pittsburgh,Baltimore,17,30,46.5,47.0,3.0,3.0,-170.0,145.0,0
2014-15,103,Carolina,Arizona,27,16,38.0,37.5,4.5,5.5,-256.0,212.0,0
2014-15,104,Dallas,Detroit,24,20,48.0,48.0,7.0,6.0,-260.0,215.0,0
2014-15,104,Indianapolis,Cincinnati,26,10,50.0,47.5,4.0,3.5,-200.0,170.0,0
2014-15,110,NewEngland,Baltimore,35,31,49.0,47.0,7.0,7.0,-268.0,226.0,0
2014-15,110,Seattle,Carolina,31,17,40.5,40.0,11.0,13.5,-710.0,510.0,0
2014-15,111,GreenBay,Dallas,26,21,53.0,52.5,6.5,5.5,-240.0,200.0,0
2014-15,111,Denver,Indianapolis,13,24,53.0,54.0,7.5,9.5,-425.0,345.0,0
2014-15,118,Seattle,GreenBay,28,22,46.5,45.0,7.0,8.5,-380.0,310.0,0
2014-15,118,NewEngland,Indianapolis,45,7,53.0,52.0,7.0,7.0,-315.0,265.0,0
2015-16,910,NewEngland,Pittsburgh,28,21,48.5,51.0,2.5,7.0,-365.0,300.0,0
2015-16,913,Chicago,GreenBay,23,31,5.0,6.0,50.0,48.5,230.0,-295.0,1
2015-16,913,Houston,KansasCity,20,27,42.0,0.0,1.0,40.5,-101.0,-119.0,1
2015-16,913,NYJets,Cleveland,31,10,41.0,38.5,2.5,3.5,-200.0,170.0,0
2015-16,913,Buffalo,Indianapolis,27,14,2.5,44.0,47.0,0.0,-115.0,-105.0,2
2015-16,913,Washington,Miami,10,17,2.5,4.0,44.0,45.0,180.0,-210.0,1
2015-16,913,Jacksonville,Carolina,9,20,4.0,3.0,42.5,41.0,130.0,-150.0,1
2015-16,913,St.Louis,Seattle,34,31,3.0,3.5,43.0,41.0,155.0,-175.0,1
2015-16,913,Arizona,NewOrleans,31,19,47.0,49.0,2.5,2.0,-137.0,117.0,0
2015-16,913,SanDiego,Detroit,33,28,45.5,45.5,2.0,3.5,-180.0,160.0,0
2015-16,913,TampaBay,Tennessee,14,42,42.0,40.0,3.0,3.0,-160.0,140.0,0
2015-16,913,Oakland,Cincinnati,13,33,3.0,3.0,44.0,43.0,135.0,-155.0,1
2015-16,913,Denver,Baltimore,19,13,52.0,46.5,4.0,5.0,-230.0,190.0,0
2015-16,913,Dallas,NYGiants,27,26,49.5,52.0,6.0,7.0,-310.0,245.0,0
2015-16,914,Atlanta,Philadelphia,26,24,1.0,3.0,53.0,55.0,165.0,-185.0,1
2015-16,914,SanFrancisco,Minnesota,20,3,41.0,3.0,3.5,42.5,135.0,-155.0,1
2015-16,917,KansasCity,Denver,24,31,45.0,41.5,2.5,3.0,-165.0,145.0,0
2015-16,920,Carolina,Houston,24,17,41.0,41.0,3.5,3.0,-140.0,120.0,0
2015-16,920,NewOrleans,TampaBay,19,26,48.5,47.0,10.5,10.0,-460.0,365.0,0
2015-16,920,Pittsburgh,SanFrancisco,43,18,44.0,46.0,6.5,6.0,-255.0,215.0,0
2015-16,920,Minnesota,Detroit,26,16,44.0,44.0,3.0,2.5,-150.0,130.0,0
2015-16,920,Buffalo,NewEngland,32,40,1.5,45.0,46.0,1.0,-120.0,100.0,2
2015-16,920,Chicago,Arizona,23,48,2.0,2.0,45.0,46.0,110.0,-130.0,1
2015-16,920,Cleveland,Tennessee,28,14,41.5,41.0,4.0,1.0,-119.0,-101.0,0
2015-16,920,Cincinnati,SanDiego,24,19,45.5,48.0,3.5,3.0,-180.0,160.0,0
2015-16,920,Washington,St.Louis,24,10,3.0,3.0,41.5,41.0,160.0,-180.0,1
2015-16,920,NYGiants,Atlanta,20,24,51.0,50.0,2.0,2.0,-130.0,110.0,0
2015-16,920,Oakland,Baltimore,37,33,6.0,6.0,43.5,42.0,220.0,-270.0,1
2015-16,920,Jacksonville,Miami,23,20,4.0,5.0,41.5,42.5,191.0,-231.0,1
2015-16,920,Philadelphia,Dallas,10,20,55.5,53.0,5.0,6.5,-255.0,215.0,0
2015-16,920,GreenBay,Seattle,27,17,48.0,49.5,3.5,3.0,-185.0,165.0,0
2015-16,921,Indianapolis,NYJets,7,20,46.5,45.5,6.5,6.0,-265.0,215.0,0
2015-16,924,NYGiants,Washington,32,21,45.0,45.0,4.0,3.0,-170.0,150.0,0
2015-16,927,St.Louis,Pittsburgh,6,12,2.5,48.5,48.0,1.0,-115.0,-105.0,2
2015-16,927,Minnesota,SanDiego,31,14,45.5,45.5,1.0,2.0,-135.0,115.0,0
2015-16,927,Houston,TampaBay,19,9,41.5,41.0,6.5,6.0,-270.0,220.0,0
2015-16,927,NYJets,Philadelphia,17,24,48.0,47.0,2.0,3.0,-170.0,150.0,0
2015-16,927,Carolina,NewOrleans,27,22,44.0,43.0,3.5,9.5,-445.0,355.0,0
2015-16,927,NewEngland,Jacksonville,51,17,47.5,48.5,14.0,14.0,-1230.0,880.0,0
2015-16,927,Baltimore,Cincinnati,24,28,44.0,45.5,2.5,2.5,-140.0,120.0,0
2015-16,927,Cleveland,Oakland,20,27,42.5,44.0,4.5,3.5,-185.0,160.0,0
2015-16,927,Tennessee,Indianapolis,33,35,5.5,3.5,45.5,47.0,155.0,-175.0,1
2015-16,927,Dallas,Atlanta,28,39,1.5,43.0,44.0,1.0,-115.0,-105.0,2
2015-16,927,Arizona,SanFrancisco,47,7,44.5,45.0,6.5,7.0,-335.0,275.0,0
2015-16,927,Seattle,Chicago,26,0,45.0,43.5,15.0,16.5,-1350.0,1000.0,0
2015-16,927,Miami,Buffalo,14,41,43.5,43.0,2.5,1.0,-120.0,100.0,0
2015-16,927,Detroit,Denver,12,24,3.0,3.0,44.5,46.0,130.0,-150.0,1
2015-16,928,GreenBay,KansasCity,38,28,48.0,47.0,6.5,5.0,-250.0,210.0,0
2015-16,1001,Pittsburgh,Baltimore,20,23,2.0,3.0,45.5,44.0,130.0,-150.0,1
2015-16,1004,Indianapolis,Jacksonville,16,13,47.5,43.5,8.5,4.0,-215.0,185.0,0
2015-16,1004,Atlanta,Houston,48,21,45.0,47.5,5.0,4.0,-230.0,190.0,0
2015-16,1004,TampaBay,Carolina,23,37,3.0,3.0,40.0,40.0,138.0,-157.0,1
2015-16,1004,Buffalo,NYGiants,10,24,48.0,46.5,5.5,6.5,-299.0,234.0,0
2015-16,1004,Chicago,Oakland,22,20,2.0,3.0,44.0,44.5,158.0,-179.0,1
2015-16,1004,Washington,Philadelphia,23,20,3.0,3.0,48.0,45.0,130.0,-150.0,1
2015-16,1004,Cincinnati,KansasCity,36,21,44.5,45.0,4.0,3.5,-175.0,155.0,0
2015-16,1004,SanDiego,Cleveland,30,27,45.0,44.5,7.0,4.5,-255.0,213.0,0
2015-16,1004,SanFrancisco,GreenBay,3,17,7.0,7.0,47.5,48.0,295.0,-360.0,1
2015-16,1004,Denver,Minnesota,23,20,44.0,43.5,7.0,7.0,-305.0,241.0,0
2015-16,1004,Arizona,St.Louis,22,24,44.0,43.5,6.0,7.0,-325.0,260.0,0
2015-16,1004,NewOrleans,Dallas,26,20,47.0,48.0,3.0,3.0,-150.0,130.0,0
2015-16,1005,Seattle,Detroit,13,10,43.0,43.0,9.0,10.0,-525.0,405.0,0
2015-16,1008,Houston,Indianapolis,20,27,0.0,41.0,45.0,4.0,-223.0,185.0,2
2015-16,1011,TampaBay,Jacksonville,38,31,43.5,41.5,3.0,1.0,-115.0,-105.0,0
2015-16,1011,Tennessee,Buffalo,13,14,3.0,0.0,44.5,43.0,-105.0,-115.0,1
2015-16,1011,Baltimore,Cleveland,30,33,44.0,42.5,6.5,6.5,-275.0,225.0,0
2015-16,1011,Atlanta,Washington,25,19,47.0,48.0,8.0,7.0,-340.0,275.0,0
2015-16,1011,KansasCity,Chicago,17,18,46.5,43.5,10.0,9.0,-428.0,347.0,0
2015-16,1011,Philadelphia,NewOrleans,39,17,48.5,49.5,5.0,6.5,-290.0,230.0,0
2015-16,1011,GreenBay,St.Louis,24,10,47.5,45.0,10.0,9.0,-450.0,355.0,0
2015-16,1011,Cincinnati,Seattle,27,24,44.0,44.0,3.0,3.0,-165.0,145.0,0
2015-16,1011,Detroit,Arizona,17,42,3.0,5.0,44.0,46.0,190.0,-230.0,1
2015-16,1011,Dallas,NewEngland,6,30,7.0,8.0,49.0,51.0,325.0,-400.0,1
2015-16,1011,Oakland,Denver,10,16,5.5,5.5,44.0,44.5,198.0,-236.0,1
2015-16,1011,NYGiants,SanFrancisco,30,27,43.0,43.5,7.0,7.5,-350.0,285.0,0
2015-16,1012,SanDiego,Pittsburgh,20,24,44.5,46.0,3.5,4.0,-215.0,185.0,0
2015-16,1015,NewOrleans,Atlanta,31,21,3.0,3.0,51.0,52.5,135.0,-155.0,1
2015-16,1017,Cleveland,Denver,23,26,4.5,3.0,42.5,41.5,151.0,-171.0,1
2015-16,1017,Buffalo,Cincinnati,21,34,45.5,3.0,1.0,42.0,140.0,-160.0,1
2015-16,1017,Minnesota,KansasCity,16,10,44.5,43.0,3.5,3.0,-179.0,159.0,0
2015-16,1017,Jacksonville,Houston,20,31,0.0,43.0,43.0,3.0,-160.0,140.0,2
2015-16,1017,Detroit,Chicago,37,34,44.0,45.0,3.0,3.5,-200.0,170.0,0
2015-16,1017,NYJets,Washington,34,20,41.5,39.5,5.5,7.0,-350.0,285.0,0
2015-16,1017,Pittsburgh,Arizona,25,13,3.0,5.0,44.5,45.0,205.0,-245.0,1
2015-16,1017,Tennessee,Miami,10,38,45.5,44.0,3.0,3.0,-148.0,129.0,0
2015-16,1017,Seattle,Carolina,23,27,41.5,41.0,6.5,7.0,-350.0,285.0,0
2015-16,1017,GreenBay,SanDiego,27,20,50.0,50.0,9.5,10.5,-550.0,430.0,0
2015-16,1017,SanFrancisco,Baltimore,25,20,3.0,2.5,43.5,43.5,125.0,-145.0,1
2015-16,1017,Indianapolis,NewEngland,27,34,7.0,8.5,55.0,54.0,305.0,-370.0,1
2015-16,1019,Philadelphia,NYGiants,27,7,49.5,50.5,4.0,3.5,-205.0,175.0,0
2015-16,1022,SanFrancisco,Seattle,3,20,4.0,6.5,41.0,41.5,240.0,-305.0,1
2015-16,1025,St.Louis,Cleveland,24,6,42.5,43.5,5.5,6.0,-275.0,225.0,0
2015-16,1025,KansasCity,Pittsburgh,23,13,44.0,41.5,2.5,3.5,-195.0,170.0,0
2015-16,1025,Miami,Houston,44,26,43.0,46.0,5.5,4.5,-220.0,190.0,0
2015-16,1025,NewEngland,NYJets,30,23,49.0,47.0,9.5,7.0,-325.0,265.0,0
2015-16,1025,Detroit,Minnesota,19,28,1.0,44.5,44.0,1.0,-120.0,100.0,2
2015-16,1025,Tennessee,Atlanta,7,10,5.5,6.0,48.0,45.5,215.0,-255.0,1
2015-16,1025,Washington,TampaBay,31,30,45.5,42.0,4.0,3.0,-150.0,130.0,0
2015-16,1025,Indianapolis,NewOrleans,21,27,52.5,53.0,5.5,5.5,-250.0,210.0,0
2015-16,1025,SanDiego,Oakland,29,37,47.0,49.0,5.5,3.5,-195.0,170.0,0
2015-16,1025,NYGiants,Dallas,27,20,45.5,45.0,6.0,3.0,-165.0,145.0,0
2015-16,1025,Carolina,Philadelphia,27,16,47.0,46.0,3.5,3.0,-145.0,125.0,0
2015-16,1026,Arizona,Baltimore,26,18,49.0,49.0,7.0,10.0,-475.0,380.0,0
2015-16,1029,NewEngland,Miami,36,7,51.5,51.5,7.5,8.0,-425.0,345.0,0
2015-16,1101,Chicago,Minnesota,20,23,2.5,1.5,41.5,44.0,110.0,-130.0,1
2015-16,1101,Atlanta,TampaBay,20,23,49.0,47.0,7.0,8.0,-396.0,323.0,0
2015-16,1101,NewOrleans,NYGiants,52,49,49.0,51.5,3.0,3.0,-165.0,145.0,0
2015-16,1101,St.Louis,SanFrancisco,27,6,40.0,41.0,9.0,7.5,-385.0,315.0,0
2015-16,1101,Cleveland,Arizona,20,34,5.0,7.0,46.0,46.0,285.0,-350.0,1
2015-16,1101,Pittsburgh,Cincinnati,10,16,2.0,0.0,48.5,49.0,-109.0,-111.0,1
2015-16,1101,Baltimore,SanDiego,29,26,50.0,50.5,3.5,4.5,-210.0,180.0,0
2015-16,1101,Houston,Tennessee,20,6,43.5,42.5,4.5,3.5,-180.0,160.0,0
2015-16,1101,Oakland,NYJets,34,20,2.0,3.0,44.5,44.0,155.0,-175.0,1
2015-16,1101,Dallas,Seattle,12,13,6.0,4.0,41.0,41.5,185.0,-215.0,1
2015-16,1101,Denver,GreenBay,29,10,3.0,2.5,45.0,46.0,120.0,-140.0,1
2015-16,1102,Carolina,Indianapolis,29,26,45.5,45.0,7.0,5.0,-235.0,195.0,0
2015-16,1105,Cincinnati,Cleveland,31,10,47.5,45.5,10.5,13.0,-900.0,600.0,0
2015-16,1108,Pittsburgh,Oakland,38,35,47.5,48.0,6.0,6.0,-280.0,230.0,0
2015-16,1108,NYJets,Jacksonville,28,23,45.0,42.5,7.5,7.5,-360.0,295.0,0
2015-16,1108,Minnesota,St.Louis,21,18,40.0,40.0,3.0,1.0,-120.0,100.0,0
2015-16,1108,Buffalo,Miami,33,17,46.0,44.0,3.0,3.5,-200.0,170.0,0
2015-16,1108,NewOrleans,Tennessee,28,34,48.0,50.5,7.0,6.5,-300.0,235.0,0
2015-16,1108,NewEngland,Washington,27,10,52.0,51.5,13.5,13.5,-1029.0,716.0,0
2015-16,1108,Carolina,GreenBay,37,29,1.5,2.0,46.0,45.0,110.0,-130.0,1
2015-16,1108,SanFrancisco,Atlanta,17,16,3.0,9.0,44.5,44.0,355.0,-450.0,1
2015-16,1108,TampaBay,NYGiants,18,32,1.5,1.5,47.5,48.5,107.0,-128.0,1
2015-16,1108,Indianapolis,Denver,27,24,3.0,3.0,45.0,45.0,151.0,-171.0,1
2015-16,1108,Dallas,Philadelphia,27,33,1.5,3.0,45.5,44.0,155.0,-175.0,1
2015-16,1109,SanDiego,Chicago,19,22,52.0,49.5,4.5,3.5,-200.0,170.0,0
2015-16,1112,NYJets,Buffalo,17,22,44.5,41.5,3.0,2.5,-140.0,120.0,0
2015-16,1115,GreenBay,Detroit,16,18,48.0,50.0,12.0,10.5,-605.0,480.0,0
2015-16,1115,TampaBay,Dallas,10,6,43.5,1.0,1.0,43.5,-105.0,-115.0,1
2015-16,1115,Tennessee,Carolina,10,27,6.5,3.5,42.5,42.5,175.0,-205.0,1
2015-16,1115,St.Louis,Chicago,13,37,43.0,42.0,7.0,7.5,-380.0,310.0,0
2015-16,1115,Washington,NewOrleans,47,14,50.0,2.0,0.0,51.5,105.0,-125.0,1
2015-16,1115,Philadelphia,Miami,19,20,47.0,49.0,6.0,5.5,-255.0,215.0,0
2015-16,1115,Pittsburgh,Cleveland,30,9,41.0,43.0,4.5,7.0,-315.0,255.0,0
2015-16,1115,Baltimore,Jacksonville,20,22,50.0,47.0,6.0,4.0,-220.0,185.0,0
2015-16,1115,Oakland,Minnesota,14,30,44.0,44.5,3.0,3.0,-165.0,145.0,0
2015-16,1115,Denver,KansasCity,13,29,42.5,41.5,7.0,4.0,-215.0,185.0,0
2015-16,1115,NYGiants,NewEngland,26,27,7.0,7.0,54.0,52.5,280.0,-340.0,1
2015-16,1115,Seattle,Arizona,32,39,45.0,43.5,3.5,3.0,-160.0,140.0,0
2015-16,1116,Cincinnati,Houston,6,10,48.0,47.0,12.0,10.0,-545.0,420.0,0
2015-16,1119,Jacksonville,Tennessee,19,13,44.0,42.0,3.0,2.5,-145.0,125.0,0
2015-16,1122,Carolina,Washington,44,16,46.0,44.0,7.5,7.0,-330.0,270.0,0
2015-16,1122,Detroit,Oakland,18,13,48.5,1.5,0.0,50.0,105.0,-125.0,1
2015-16,1122,Miami,Dallas,14,24,1.5,2.5,46.5,45.5,115.0,-135.0,1
2015-16,1122,Atlanta,Indianapolis,21,24,46.0,47.5,6.5,3.5,-195.0,170.0,0
2015-16,1122,Baltimore,St.Louis,16,13,42.5,41.0,1.5,3.0,-155.0,135.0,0
2015-16,1122,Houston,NYJets,24,17,3.0,4.0,40.5,40.5,170.0,-200.0,1
2015-16,1122,Minnesota,GreenBay,13,30,45.0,45.0,0.0,1.0,-115.0,-105.0,0
2015-16,1122,Philadelphia,TampaBay,17,45,45.0,46.0,4.0,7.0,-310.0,250.0,0
2015-16,1122,Chicago,Denver,15,17,43.0,2.0,0.0,41.5,115.0,-135.0,1
2015-16,1122,Arizona,Cincinnati,34,31,47.0,48.0,3.5,4.0,-215.0,185.0,0
2015-16,1122,Seattle,SanFrancisco,29,13,41.5,40.0,11.5,14.0,-1105.0,805.0,0
2015-16,1122,SanDiego,KansasCity,3,33,3.0,3.0,46.0,46.0,155.0,-175.0,1
2015-16,1123,NewEngland,Buffalo,20,13,49.5,47.5,9.5,7.0,-350.0,290.0,0
2015-16,1126,Detroit,Philadelphia,45,14,47.0,47.0,0.0,3.0,-155.0,135.0,0
2015-16,1126,Dallas,Carolina,14,33,47.0,1.0,1.0,44.5,100.0,-120.0,1
2015-16,1126,GreenBay,Chicago,13,17,48.0,45.0,9.0,8.0,-450.0,375.0,0
2015-16,1129,Houston,NewOrleans,24,6,49.0,51.5,3.0,3.5,-180.0,160.0,0
2015-16,1129,Atlanta,Minnesota,10,20,44.0,45.0,2.0,2.0,-130.0,110.0,0
2015-16,1129,Cincinnati,St.Louis,31,7,42.5,42.0,9.0,9.5,-480.0,390.0,0
2015-16,1129,Indianapolis,TampaBay,25,12,47.0,46.5,2.5,2.5,-135.0,115.0,0
2015-16,1129,Washington,NYGiants,20,14,47.0,1.0,0.0,48.0,-105.0,-115.0,1
2015-16,1129,Tennessee,Oakland,21,24,2.0,1.0,45.0,45.0,100.0,-120.0,1
2015-16,1129,KansasCity,Buffalo,30,22,42.5,40.5,5.5,4.5,-220.0,190.0,0
2015-16,1129,NYJets,Miami,38,20,43.5,44.0,3.0,4.5,-210.0,180.0,0
2015-16,1129,Jacksonville,SanDiego,25,31,48.5,47.5,3.5,5.5,-240.0,200.0,0
2015-16,1129,SanFrancisco,Arizona,13,19,10.5,8.5,45.0,45.0,360.0,-430.0,1
2015-16,1129,Seattle,Pittsburgh,39,30,44.0,46.5,4.0,3.0,-150.0,130.0,0
2015-16,1129,Denver,NewEngland,30,24,3.0,2.5,44.5,42.5,115.0,-135.0,1
2015-16,1130,Cleveland,Baltimore,27,33,41.5,41.0,0.0,6.0,-260.0,220.0,0
2015-16,1203,Detroit,GreenBay,23,27,3.0,2.5,47.0,46.5,120.0,-140.0,1
2015-16,1206,Chicago,SanFrancisco,20,26,42.0,43.0,7.0,6.5,-275.0,235.0,0
2015-16,1206,Cleveland,Cincinnati,3,37,7.5,7.5,43.5,44.5,290.0,-350.0,1
2015-16,1206,Tennessee,Jacksonville,42,39,43.0,43.5,2.0,3.0,-145.0,125.0,0
2015-16,1206,Buffalo,Houston,30,21,42.5,42.0,3.0,3.0,-150.0,130.0,0
2015-16,1206,Miami,Baltimore,15,13,43.5,43.5,3.5,3.0,-170.0,150.0,0
2015-16,1206,NewOrleans,Carolina,38,41,6.0,6.0,49.5,50.5,240.0,-280.0,1
2015-16,1206,Minnesota,Seattle,7,38,41.0,3.0,0.0,43.5,130.0,-150.0,1
2015-16,1206,St.Louis,Arizona,3,27,6.0,3.5,44.5,43.5,175.0,-200.0,1
2015-16,1206,TampaBay,Atlanta,23,19,45.0,46.5,1.0,1.0,-115.0,-105.0,0
2015-16,1206,NYGiants,NYJets,20,23,45.0,2.5,0.0,46.5,125.0,-145.0,1
2015-16,1206,SanDiego,Denver,3,17,4.5,6.0,43.5,45.0,220.0,-260.0,1
2015-16,1206,Oakland,KansasCity,20,34,3.0,3.0,44.0,46.0,135.0,-155.0,1
2015-16,1206,NewEngland,Philadelphia,28,35,48.0,49.0,9.5,9.5,-500.0,400.0,0
2015-16,1206,Pittsburgh,Indianapolis,45,10,47.0,50.5,7.0,9.5,-420.0,350.0,0
2015-16,1207,Washington,Dallas,16,19,42.0,43.5,5.0,2.0,-130.0,110.0,0
2015-16,1210,Arizona,Minnesota,23,20,45.0,47.0,7.0,10.0,-500.0,400.0,0
2015-16,1213,Cincinnati,Pittsburgh,20,33,47.0,49.5,3.0,1.0,-120.0,100.0,0
2015-16,1213,Philadelphia,Buffalo,23,20,47.0,48.5,1.0,1.0,-120.0,100.0,0
2015-16,1213,Carolina,Atlanta,38,0,47.0,45.5,7.0,8.5,-400.0,330.0,0
2015-16,1213,Cleveland,SanFrancisco,24,10,40.5,43.0,0.0,2.5,-145.0,125.0,0
2015-16,1213,Chicago,Washington,21,24,44.0,43.5,3.0,4.0,-210.0,180.0,0
2015-16,1213,St.Louis,Detroit,21,14,41.5,3.0,1.5,41.5,140.0,-160.0,1
2015-16,1213,KansasCity,SanDiego,10,3,46.5,41.5,10.0,12.5,-750.0,525.0,0
2015-16,1213,TampaBay,NewOrleans,17,24,50.5,51.5,4.5,6.0,-250.0,210.0,0
2015-16,1213,Jacksonville,Indianapolis,51,16,46.0,46.0,0.0,1.0,-120.0,100.0,0
2015-16,1213,NYJets,Tennessee,30,8,43.5,43.0,7.0,8.0,-360.0,300.0,0
2015-16,1213,Houston,NewEngland,6,27,3.0,4.5,44.5,46.5,190.0,-220.0,1
2015-16,1213,Denver,Oakland,12,15,44.0,43.0,8.0,6.0,-260.0,220.0,0
2015-16,1213,GreenBay,Dallas,28,7,43.5,42.5,7.0,6.5,-275.0,235.0,0
2015-16,1213,Baltimore,Seattle,6,35,10.0,10.5,42.0,42.0,400.0,-500.0,1
2015-16,1214,Miami,NYGiants,24,31,47.5,2.0,0.0,48.0,110.0,-130.0,1
2015-16,1217,St.Louis,TampaBay,31,23,1.0,41.5,42.0,0.0,-110.0,-110.0,2
2015-16,1219,Dallas,NYJets,16,19,3.0,3.0,42.0,41.0,140.0,-160.0,1
2015-16,1220,Minnesota,Chicago,38,17,43.0,44.0,5.0,4.0,-200.0,170.0,0
2015-16,1220,Jacksonville,Atlanta,17,23,47.0,48.0,3.0,2.0,-130.0,110.0,0
2015-16,1220,Indianapolis,Houston,10,16,42.0,42.0,1.0,2.5,-140.0,120.0,0
2015-16,1220,Baltimore,KansasCity,14,34,7.0,6.5,43.0,41.0,230.0,-290.0,1
2015-16,1220,Washington,Buffalo,35,25,1.0,2.5,44.0,46.0,116.0,-137.0,1
2015-16,1220,NewEngland,Tennessee,33,16,46.5,48.0,13.5,14.5,-1100.0,750.0,0
2015-16,1220,Philadelphia,Arizona,17,40,3.5,3.5,50.0,51.0,155.0,-175.0,1
2015-16,1220,NYGiants,Carolina,35,38,4.0,5.0,47.5,46.5,195.0,-235.0,1
2015-16,1220,Seattle,Cleveland,30,13,42.5,45.0,14.0,14.5,-1102.0,751.0,0
2015-16,1220,Oakland,GreenBay,20,30,2.5,4.0,46.0,47.0,176.0,-205.0,1
2015-16,1220,SanDiego,Miami,30,14,45.5,47.0,1.5,0.0,-119.0,-101.0,0
2015-16,1220,Pittsburgh,Denver,34,27,45.0,45.0,6.0,7.5,-370.0,305.0,0
2015-16,1220,SanFrancisco,Cincinnati,14,24,4.5,7.0,42.0,40.5,250.0,-315.0,1
2015-16,1221,NewOrleans,Detroit,27,35,50.0,52.5,3.0,2.5,-135.0,115.0,0
2015-16,1224,Oakland,SanDiego,23,20,47.0,45.5,5.5,4.0,-200.0,175.0,0
2015-16,1226,Philadelphia,Washington,24,38,48.5,48.5,3.0,3.5,-180.0,160.0,0
2015-16,1227,Minnesota,NYGiants,49,17,45.5,44.5,6.5,7.0,-310.0,245.0,0
2015-16,1227,TampaBay,Chicago,21,26,46.5,43.5,2.5,3.0,-165.0,145.0,0
2015-16,1227,Atlanta,Carolina,20,13,7.0,7.0,47.5,45.0,265.0,-330.0,1
2015-16,1227,Buffalo,Dallas,16,6,44.0,42.0,6.5,6.0,-275.0,225.0,0
2015-16,1227,NewOrleans,Jacksonville,38,27,51.5,52.5,3.0,2.5,-130.0,110.0,0
2015-16,1227,Detroit,SanFrancisco,32,17,43.0,42.5,7.5,9.0,-400.0,325.0,0
2015-16,1227,KansasCity,Cleveland,17,13,44.0,43.0,12.5,11.5,-625.0,475.0,0
2015-16,1227,Miami,Indianapolis,12,18,44.0,44.0,1.0,2.5,-140.0,120.0,0
2015-16,1227,NYJets,NewEngland,26,20,3.0,2.5,46.5,45.5,115.0,-135.0,1
2015-16,1227,Tennessee,Houston,6,34,42.0,3.5,4.5,38.5,160.0,-180.0,1
2015-16,1227,Arizona,GreenBay,38,8,49.5,50.0,4.5,6.0,-260.0,210.0,0
2015-16,1227,Seattle,St.Louis,17,23,41.0,42.0,13.5,10.5,-600.0,460.0,0
2015-16,1227,Baltimore,Pittsburgh,20,17,10.0,11.0,47.0,48.0,458.0,-597.0,1
2015-16,1228,Denver,Cincinnati,20,17,42.0,39.0,3.5,3.5,-200.0,175.0,0
2015-16,103,Buffalo,NYJets,22,17,0.0,3.0,44.0,41.0,125.0,-145.0,1
2015-16,103,Carolina,TampaBay,38,10,47.0,44.5,11.0,10.0,-423.0,340.0,0
2015-16,103,Miami,NewEngland,20,10,10.0,10.0,47.5,46.0,347.0,-428.0,1
2015-16,103,Cincinnati,Baltimore,24,16,43.0,40.5,7.5,9.5,-402.0,326.0,0
2015-16,103,Atlanta,NewOrleans,17,20,52.0,53.5,3.5,6.0,-245.0,205.0,0
2015-16,103,Houston,Jacksonville,30,6,46.0,45.0,6.0,5.5,-230.0,190.0,0
2015-16,103,Cleveland,Pittsburgh,12,28,10.5,12.5,47.5,47.0,500.0,-650.0,1
2015-16,103,KansasCity,Oakland,23,17,45.0,44.0,7.0,7.0,-310.0,245.0,0
2015-16,103,Indianapolis,Tennessee,30,24,41.0,39.0,4.0,3.5,-185.0,165.0,0
2015-16,103,Dallas,Washington,23,34,40.0,41.0,1.0,3.0,-170.0,150.0,0
2015-16,103,Chicago,Detroit,20,24,46.5,2.5,1.5,45.5,120.0,-140.0,1
2015-16,103,NYGiants,Philadelphia,30,35,52.0,51.0,3.5,3.5,-189.0,168.0,0
2015-16,103,GreenBay,Minnesota,13,20,48.5,44.0,3.0,3.0,-155.0,135.0,0
2015-16,103,Denver,SanDiego,27,20,41.0,42.0,7.5,10.0,-450.0,355.0,0
2015-16,103,SanFrancisco,St.Louis,19,16,3.0,3.0,37.0,39.5,150.0,-170.0,1
2015-16,103,Arizona,Seattle,6,36,48.0,47.0,4.0,6.0,-245.0,205.0,0
2015-16,109,Houston,KansasCity,0,30,3.0,3.0,40.5,39.5,140.0,-160.0,1
2015-16,109,Cincinnati,Pittsburgh,16,18,3.0,1.5,46.0,46.5,105.0,-125.0,1
2015-16,110,Minnesota,Seattle,9,10,5.0,5.0,42.5,40.5,210.0,-250.0,1
2015-16,110,Washington,GreenBay,18,35,46.0,48.0,0.0,1.5,-125.0,105.0,0
2015-16,116,NewEngland,KansasCity,27,20,45.5,44.5,4.5,6.0,-280.0,230.0,0
2015-16,116,Arizona,GreenBay,26,20,50.0,49.0,7.0,7.0,-290.0,230.0,0
2015-16,117,Carolina,Seattle,31,24,44.0,41.5,3.0,2.5,-145.0,125.0,0
2015-16,117,Denver,Pittsburgh,23,16,40.0,41.0,7.0,7.0,-320.0,265.0,0
2015-16,123,Denver,NewEngland,20,18,3.0,3.0,44.0,45.0,130.0,-150.0,1
2015-16,123,Carolina,Arizona,49,15,47.0,47.5,3.0,3.0,-170.0,150.0,0
2016-17,908,Denver,Carolina,21,20,43.5,3.0,1.0,40.5,121.0,-141.0,1
2016-17,911,Atlanta,TampaBay,24,31,47.5,47.0,3.0,2.5,-140.0,120.0,0
2016-17,911,Tennessee,Minnesota,16,25,3.0,2.5,42.5,40.0,120.0,-140.0,1
2016-17,911,Philadelphia,Cleveland,29,10,41.5,41.5,4.0,3.5,-200.0,170.0,0
2016-17,911,NYJets,Cincinnati,22,23,1.0,42.0,42.5,0.0,-105.0,-115.0,2
2016-17,911,NewOrleans,Oakland,34,35,50.5,50.5,2.0,3.0,-150.0,130.0,0
2016-17,911,KansasCity,SanDiego,33,27,43.0,46.0,7.0,6.5,-310.0,245.0,0
2016-17,911,Baltimore,Buffalo,13,7,43.0,44.5,2.5,3.0,-160.0,140.0,0
2016-17,911,Houston,Chicago,23,14,44.0,42.5,5.0,5.5,-240.0,200.0,0
2016-17,911,Jacksonville,GreenBay,23,27,4.5,3.5,47.0,47.0,162.0,-182.0,1
2016-17,911,Seattle,Miami,12,10,44.0,44.0,7.0,10.5,-505.0,385.0,0
2016-17,911,Dallas,NYGiants,19,20,49.0,48.0,4.0,0.0,-119.0,-101.0,0
2016-17,911,Indianapolis,Detroit,35,39,49.0,51.5,4.5,3.0,-139.0,119.0,0
2016-17,911,Arizona,NewEngland,21,23,51.0,44.5,0.0,9.0,-410.0,330.0,0
2016-17,912,Washington,Pittsburgh,16,38,3.0,2.5,50.5,48.5,121.0,-140.0,1
2016-17,912,SanFrancisco,LosAngeles,28,0,2.0,2.5,46.0,44.0,115.0,-135.0,1
2016-17,915,Buffalo,NYJets,31,37,42.5,40.5,3.0,1.5,-127.0,107.0,0
2016-17,918,Detroit,Tennessee,15,16,47.0,48.0,5.0,6.0,-270.0,230.0,0
2016-17,918,Houston,KansasCity,19,12,43.5,42.5,1.0,1.0,-115.0,-105.0,0
2016-17,918,NewEngland,Miami,31,24,42.5,42.0,5.5,5.0,-240.0,200.0,0
2016-17,918,Cleveland,Baltimore,20,25,6.5,4.5,43.5,42.5,175.0,-200.0,1
2016-17,918,Pittsburgh,Cincinnati,24,16,48.0,48.0,4.0,3.0,-170.0,150.0,0
2016-17,918,Washington,Dallas,23,27,46.5,47.0,3.0,3.5,-180.0,160.0,0
2016-17,918,NYGiants,NewOrleans,16,13,51.5,54.5,3.5,3.5,-185.0,165.0,0
2016-17,918,Carolina,SanFrancisco,46,27,44.5,45.0,11.5,12.0,-650.0,475.0,0
2016-17,918,Arizona,TampaBay,40,7,49.5,49.5,7.0,7.0,-340.0,280.0,0
2016-17,918,LosAngeles,Seattle,9,3,6.5,5.5,40.5,38.0,200.0,-240.0,1
2016-17,918,Denver,Indianapolis,34,20,44.0,47.0,5.5,6.0,-270.0,230.0,0
2016-17,918,Oakland,Atlanta,28,35,47.0,47.5,4.0,4.0,-190.0,170.0,0
2016-17,918,SanDiego,Jacksonville,38,14,48.0,47.5,3.0,3.0,-160.0,140.0,0
2016-17,918,Minnesota,GreenBay,17,14,3.0,2.0,44.0,43.0,105.0,-125.0,1
2016-17,919,Chicago,Philadelphia,14,29,43.0,43.0,2.5,3.0,-161.0,141.0,0
2016-17,922,NewEngland,Houston,27,0,0.0,38.5,41.0,1.0,-124.0,104.0,2
2016-17,925,Cincinnati,Denver,17,29,41.0,41.5,3.0,3.5,-185.0,165.0,0
2016-17,925,Tennessee,Oakland,10,17,48.0,1.5,0.0,47.0,105.0,-125.0,1
2016-17,925,Buffalo,Arizona,33,18,5.0,5.5,47.0,48.0,200.0,-240.0,1
2016-17,925,Jacksonville,Baltimore,17,19,47.5,1.5,0.0,45.5,105.0,-125.0,1
2016-17,925,Miami,Cleveland,30,24,42.5,43.0,7.5,10.0,-420.0,350.0,0
2016-17,925,NYGiants,Washington,27,29,47.5,47.0,4.0,3.5,-180.0,160.0,0
2016-17,925,GreenBay,Detroit,34,27,48.0,47.5,8.5,6.0,-270.0,230.0,0
2016-17,925,Carolina,Minnesota,10,22,43.0,42.5,7.5,6.0,-260.0,220.0,0
2016-17,925,Seattle,SanFrancisco,37,18,42.0,41.0,10.0,10.5,-480.0,390.0,0
2016-17,925,TampaBay,LosAngeles,32,37,42.0,40.5,3.5,3.5,-180.0,160.0,0
2016-17,925,Philadelphia,Pittsburgh,34,3,3.5,4.0,46.5,46.5,175.0,-200.0,1
2016-17,925,KansasCity,NYJets,24,3,44.0,44.5,3.5,3.0,-165.0,145.0,0
2016-17,925,Indianapolis,SanDiego,26,22,50.5,51.5,3.0,1.5,-125.0,105.0,0
2016-17,925,Dallas,Chicago,31,17,45.0,44.5,7.5,6.5,-265.0,225.0,0
2016-17,926,NewOrleans,Atlanta,32,45,52.5,54.0,3.0,3.0,-155.0,135.0,0
2016-17,929,Cincinnati,Miami,22,7,44.0,46.5,7.0,7.0,-360.0,295.0,0
2016-17,1002,Jacksonville,Indianapolis,30,27,1.0,48.5,49.5,0.0,-110.0,-110.0,2
2016-17,1002,Washington,Cleveland,31,20,45.5,48.0,10.0,7.5,-350.0,290.0,0
2016-17,1002,NewEngland,Buffalo,0,16,43.5,41.0,6.5,3.5,-190.0,170.0,0
2016-17,1002,NYJets,Seattle,17,27,3.0,39.5,41.5,0.0,-110.0,-110.0,2
2016-17,1002,Atlanta,Carolina,48,33,3.5,3.0,50.0,48.5,125.0,-145.0,1
2016-17,1002,Chicago,Detroit,17,14,3.0,3.5,46.5,48.0,160.0,-180.0,1
2016-17,1002,Houston,Tennessee,27,20,41.0,40.5,6.5,4.0,-200.0,175.0,0
2016-17,1002,Baltimore,Oakland,27,28,47.0,45.0,4.0,3.5,-180.0,160.0,0
2016-17,1002,TampaBay,Denver,7,27,3.0,3.5,44.5,43.0,155.0,-175.0,1
2016-17,1002,SanFrancisco,Dallas,17,24,3.0,1.5,46.0,44.0,105.0,-125.0,1
2016-17,1002,SanDiego,NewOrleans,34,35,53.5,54.0,4.5,4.0,-190.0,170.0,0
2016-17,1002,Arizona,LosAngeles,13,17,44.0,44.0,9.5,9.5,-450.0,375.0,0
2016-17,1002,Pittsburgh,KansasCity,43,7,47.5,48.5,4.5,3.5,-180.0,160.0,0
2016-17,1003,Minnesota,NYGiants,24,10,44.0,42.5,3.5,3.5,-200.0,170.0,0
2016-17,1006,SanFrancisco,Arizona,21,33,2.5,3.5,43.0,42.5,170.0,-200.0,1
2016-17,1009,Minnesota,Houston,31,13,40.0,39.0,6.0,6.0,-269.0,219.0,0
2016-17,1009,Miami,Tennessee,17,30,44.0,44.0,3.5,2.5,-140.0,120.0,0
2016-17,1009,Cleveland,NewEngland,13,33,10.0,10.0,47.0,47.5,400.0,-501.0,1
2016-17,1009,Pittsburgh,NYJets,31,13,48.5,49.5,7.0,9.0,-425.0,345.0,0
2016-17,1009,Baltimore,Washington,10,16,47.0,44.5,3.5,4.0,-199.0,169.0,0
2016-17,1009,Detroit,Philadelphia,24,23,2.0,3.0,46.0,46.0,161.0,-181.0,1
2016-17,1009,Indianapolis,Chicago,29,23,47.5,47.5,4.0,4.0,-210.0,180.0,0
2016-17,1009,Denver,Atlanta,16,23,47.5,45.0,6.0,3.5,-202.0,172.0,0
2016-17,1009,LosAngeles,Buffalo,19,30,40.0,2.5,2.5,41.5,123.0,-143.0,1
2016-17,1009,Oakland,SanDiego,34,31,52.5,51.0,4.0,3.5,-185.0,165.0,0
2016-17,1009,Dallas,Cincinnati,28,14,45.5,2.5,1.0,45.5,120.0,-140.0,1
2016-17,1009,GreenBay,NYGiants,23,16,48.0,49.5,7.0,6.5,-300.0,235.0,0
2016-17,1010,Carolina,TampaBay,14,17,46.0,47.0,4.5,6.0,-265.0,215.0,0
2016-17,1013,SanDiego,Denver,21,13,2.5,3.0,46.0,44.0,137.0,-157.0,1
2016-17,1016,NewEngland,Cincinnati,35,17,47.0,48.5,8.0,7.5,-370.0,310.0,0
2016-17,1016,NYGiants,Baltimore,27,23,44.5,42.5,3.0,4.0,-210.0,180.0,0
2016-17,1016,NewOrleans,Carolina,41,38,3.0,2.5,53.0,54.0,120.0,-140.0,1
2016-17,1016,Miami,Pittsburgh,30,15,7.5,7.5,48.0,49.5,290.0,-350.0,1
2016-17,1016,Chicago,Jacksonville,16,17,47.0,46.5,1.5,2.5,-145.0,125.0,0
2016-17,1016,Buffalo,SanFrancisco,45,16,45.5,44.0,7.5,7.5,-340.0,280.0,0
2016-17,1016,Detroit,LosAngeles,31,28,43.5,44.5,3.0,3.0,-150.0,130.0,0
2016-17,1016,Tennessee,Cleveland,28,26,45.5,45.0,6.0,7.5,-340.0,280.0,0
2016-17,1016,Washington,Philadelphia,27,20,46.5,3.0,1.5,45.0,140.0,-160.0,1
2016-17,1016,Oakland,KansasCity,10,26,48.0,2.0,1.5,47.0,110.0,-130.0,1
2016-17,1016,Seattle,Atlanta,26,24,46.0,46.0,5.5,7.0,-300.0,250.0,0
2016-17,1016,GreenBay,Dallas,16,30,47.0,47.5,7.0,4.5,-240.0,200.0,0
2016-17,1016,Houston,Indianapolis,26,23,46.0,48.0,3.5,3.0,-170.0,150.0,0
2016-17,1017,Arizona,NYJets,28,3,47.0,46.0,7.5,7.0,-350.0,285.0,0
2016-17,1020,GreenBay,Chicago,26,10,47.0,47.0,9.0,7.0,-330.0,265.0,0
2016-17,1023,Philadelphia,Minnesota,21,10,2.5,3.0,40.0,39.0,120.0,-140.0,1
2016-17,1023,KansasCity,NewOrleans,27,21,49.0,51.5,6.5,6.5,-275.0,225.0,0
2016-17,1023,Detroit,Washington,20,17,51.0,1.5,1.0,50.5,-104.0,-116.0,1
2016-17,1023,Cincinnati,Cleveland,31,17,46.0,47.0,10.0,11.5,-583.0,440.0,0
2016-17,1023,Miami,Buffalo,28,25,3.0,2.5,45.5,46.0,120.0,-140.0,1
2016-17,1023,Jacksonville,Oakland,16,33,50.0,47.5,1.0,2.0,-130.0,110.0,0
2016-17,1023,Tennessee,Indianapolis,26,34,49.0,48.0,2.0,4.0,-205.0,176.0,0
2016-17,1023,NYJets,Baltimore,24,16,41.5,40.5,1.0,2.0,-134.0,114.0,0
2016-17,1023,Atlanta,SanDiego,30,33,51.5,53.5,6.0,5.5,-223.0,185.0,0
2016-17,1023,SanFrancisco,TampaBay,17,34,2.5,45.5,47.5,2.5,-125.0,105.0,2
2016-17,1023,Pittsburgh,NewEngland,16,27,7.0,7.0,46.0,50.0,262.0,-325.0,1
2016-17,1023,Arizona,Seattle,6,6,43.5,43.0,2.5,2.5,-140.0,120.0,0
2016-17,1024,Denver,Houston,27,9,41.5,40.0,6.5,9.0,-400.0,325.0,0
2016-17,1027,Tennessee,Jacksonville,36,22,46.5,43.5,3.0,3.0,-150.0,130.0,0
2016-17,1030,Cincinnati,Washington,27,27,46.0,48.5,2.5,3.0,-155.0,135.0,0
2016-17,1030,Atlanta,GreenBay,33,32,52.0,51.0,2.5,3.0,-159.0,139.0,0
2016-17,1030,Houston,Detroit,20,13,45.0,46.5,2.5,1.0,-117.0,-103.0,0
2016-17,1030,NewOrleans,Seattle,25,20,3.5,1.0,47.5,50.0,-102.0,-118.0,1
2016-17,1030,Buffalo,NewEngland,25,41,5.5,5.5,47.0,48.0,210.0,-260.0,1
2016-17,1030,Cleveland,NYJets,28,31,4.5,2.5,43.0,45.5,117.0,-137.0,1
2016-17,1030,TampaBay,Oakland,24,30,49.5,0.0,0.0,48.5,101.0,-121.0,1
2016-17,1030,Indianapolis,KansasCity,14,30,3.0,3.0,49.5,50.5,127.0,-147.0,1
2016-17,1030,Denver,SanDiego,27,19,44.5,43.5,6.5,4.0,-185.0,165.0,0
2016-17,1030,Carolina,Arizona,30,20,48.0,46.0,2.5,2.5,-140.0,120.0,0
2016-17,1030,Dallas,Philadelphia,29,23,43.5,43.5,4.5,5.0,-235.0,195.0,0
2016-17,1031,Chicago,Minnesota,20,10,6.0,5.5,41.0,39.5,205.0,-245.0,1
2016-17,1103,TampaBay,Atlanta,28,43,3.0,4.5,51.5,49.5,180.0,-210.0,1
2016-17,1106,KansasCity,Jacksonville,19,14,45.5,42.5,8.5,7.0,-330.0,270.0,0
2016-17,1106,Minnesota,Detroit,16,22,41.0,42.5,6.0,5.0,-230.0,195.0,0
2016-17,1106,NYGiants,Philadelphia,28,23,44.0,43.5,3.0,3.0,-155.0,135.0,0
2016-17,1106,Cleveland,Dallas,10,35,8.0,7.0,46.5,49.0,265.0,-320.0,1
2016-17,1106,Miami,NYJets,27,23,45.0,45.5,4.0,4.0,-185.0,165.0,0
2016-17,1106,Baltimore,Pittsburgh,21,14,43.0,3.0,3.0,46.0,155.0,-175.0,1
2016-17,1106,SanFrancisco,NewOrleans,23,41,3.5,5.5,51.0,52.5,200.0,-240.0,1
2016-17,1106,LosAngeles,Carolina,10,13,3.0,3.0,46.0,44.5,140.0,-160.0,1
2016-17,1106,GreenBay,Indianapolis,26,31,52.5,52.0,7.0,7.5,-360.0,300.0,0
2016-17,1106,SanDiego,Tennessee,43,35,48.5,48.0,4.5,3.5,-185.0,165.0,0
2016-17,1106,Oakland,Denver,30,20,2.5,44.5,44.5,1.0,-115.0,-105.0,2
2016-17,1107,Seattle,Buffalo,31,25,44.0,43.5,7.0,6.0,-260.0,210.0,0
2016-17,1110,Baltimore,Cleveland,28,7,44.0,44.0,10.5,7.5,-360.0,295.0,0
2016-17,1113,Jacksonville,Houston,21,24,1.5,42.0,43.5,3.0,-155.0,135.0,2
2016-17,1113,Carolina,KansasCity,17,20,44.5,44.0,3.0,3.0,-160.0,140.0,0
2016-17,1113,NewOrleans,Denver,23,25,47.0,50.5,1.5,3.0,-155.0,135.0,0
2016-17,1113,NYJets,LosAngeles,6,9,42.0,1.5,3.0,38.5,105.0,-125.0,1
2016-17,1113,Philadelphia,Atlanta,24,15,49.5,49.0,1.0,1.5,-130.0,110.0,0
2016-17,1113,Washington,Minnesota,26,20,42.0,42.0,2.5,2.5,-145.0,125.0,0
2016-17,1113,Tennessee,GreenBay,47,25,3.0,3.0,48.0,49.0,140.0,-160.0,1
2016-17,1113,TampaBay,Chicago,36,10,46.5,3.0,0.0,45.0,135.0,-155.0,1
2016-17,1113,SanDiego,Miami,24,31,48.0,49.0,4.0,4.0,-200.0,175.0,0
2016-17,1113,Arizona,SanFrancisco,23,20,48.0,46.5,12.5,14.0,-1000.0,650.0,0
2016-17,1113,Pittsburgh,Dallas,30,35,49.5,51.0,3.0,3.0,-175.0,155.0,0
2016-17,1113,NewEngland,Seattle,24,31,48.5,49.5,7.5,7.5,-350.0,290.0,0
2016-17,1114,NYGiants,Cincinnati,21,20,46.0,49.5,3.0,0.0,-110.0,-110.0,0
2016-17,1117,Carolina,NewOrleans,23,20,53.5,53.5,4.0,3.5,-180.0,160.0,0
2016-17,1120,Indianapolis,Tennessee,24,17,53.5,54.0,3.0,3.0,-150.0,130.0,0
2016-17,1120,Detroit,Jacksonville,26,19,47.0,47.0,7.0,5.0,-230.0,195.0,0
2016-17,1120,KansasCity,TampaBay,17,19,44.5,45.0,7.5,7.0,-290.0,245.0,0
2016-17,1120,NYGiants,Chicago,22,16,45.5,41.5,7.0,7.0,-290.0,245.0,0
2016-17,1120,Minnesota,Arizona,30,24,41.0,39.5,0.0,2.0,-130.0,110.0,0
2016-17,1120,Cincinnati,Buffalo,12,16,47.0,48.0,3.0,2.5,-140.0,120.0,0
2016-17,1120,Dallas,Baltimore,27,17,43.5,44.5,6.5,7.0,-300.0,250.0,0
2016-17,1120,Cleveland,Pittsburgh,9,24,10.0,8.0,49.5,45.5,310.0,-370.0,1
2016-17,1120,LosAngeles,Miami,10,14,41.0,39.0,1.0,0.0,-110.0,-110.0,0
2016-17,1120,SanFrancisco,NewEngland,17,30,13.5,11.0,51.5,51.5,400.0,-500.0,1
2016-17,1120,Seattle,Philadelphia,26,15,46.0,43.0,6.0,6.5,-275.0,235.0,0
2016-17,1120,Washington,GreenBay,42,24,51.0,48.5,2.0,3.0,-150.0,130.0,0
2016-17,1121,Oakland,Houston,27,20,46.5,46.0,5.5,6.5,-270.0,230.0,0
2016-17,1124,Detroit,Minnesota,16,13,42.0,42.0,3.0,2.0,-130.0,110.0,0
2016-17,1124,Dallas,Washington,31,26,49.5,53.0,6.0,5.5,-240.0,200.0,0
2016-17,1124,Indianapolis,Pittsburgh,7,28,2.0,8.5,53.0,49.5,350.0,-420.0,1
2016-17,1127,Houston,SanDiego,13,21,47.0,2.5,1.0,46.0,120.0,-140.0,1
2016-17,1127,Chicago,Tennessee,21,27,2.0,6.5,45.5,42.0,226.0,-284.0,1
2016-17,1127,Buffalo,Jacksonville,28,21,47.0,44.0,7.0,7.5,-385.0,315.0,0
2016-17,1127,Baltimore,Cincinnati,19,14,41.5,42.0,3.0,3.5,-178.0,158.0,0
2016-17,1127,Atlanta,Arizona,38,19,51.0,48.0,4.5,4.0,-200.0,170.0,0
2016-17,1127,Miami,SanFrancisco,31,24,46.5,44.5,7.0,7.0,-325.0,260.0,0
2016-17,1127,NewOrleans,LosAngeles,49,21,46.0,45.0,7.0,7.5,-352.0,287.0,0
2016-17,1127,Cleveland,NYGiants,13,27,7.0,6.5,45.0,46.5,250.0,-315.0,1
2016-17,1127,TampaBay,Seattle,14,5,4.5,5.0,45.0,46.5,200.0,-240.0,1
2016-17,1127,Oakland,Carolina,35,32,48.0,48.0,4.0,3.5,-181.0,161.0,0
2016-17,1127,Denver,KansasCity,27,30,40.5,39.5,3.5,3.5,-200.0,170.0,0
2016-17,1127,NYJets,NewEngland,17,22,9.0,9.0,48.0,48.0,365.0,-460.0,1
2016-17,1128,Philadelphia,GreenBay,13,27,47.0,47.0,3.0,4.0,-205.0,175.0,0
2016-17,1201,Minnesota,Dallas,15,17,3.5,3.0,43.5,43.5,140.0,-160.0,1
2016-17,1204,Jacksonville,Denver,10,20,4.0,3.5,43.0,38.5,160.0,-180.0,1
2016-17,1204,Atlanta,KansasCity,28,29,49.0,50.0,4.0,5.0,-241.0,199.0,0
2016-17,1204,GreenBay,Houston,21,13,45.5,44.0,6.0,7.0,-350.0,284.0,0
2016-17,1204,Cincinnati,Philadelphia,32,14,1.5,41.5,42.5,1.0,-123.0,103.0,2
2016-17,1204,NewOrleans,Detroit,13,28,54.0,53.5,3.5,6.0,-290.0,230.0,0
2016-17,1204,Chicago,SanFrancisco,26,6,42.5,1.0,1.0,44.0,-105.0,-115.0,1
2016-17,1204,NewEngland,LosAngeles,26,10,46.0,44.0,13.0,13.0,-900.0,600.0,0
2016-17,1204,Baltimore,Miami,38,6,41.5,41.5,3.5,3.0,-200.0,170.0,0
2016-17,1204,Oakland,Buffalo,38,24,50.0,48.5,3.5,3.0,-151.0,131.0,0
2016-17,1204,SanDiego,TampaBay,21,28,48.0,49.5,3.5,3.0,-185.0,165.0,0
2016-17,1204,Arizona,Washington,31,23,50.5,48.0,2.5,2.5,-138.0,118.0,0
2016-17,1204,Pittsburgh,NYGiants,24,14,50.0,50.0,4.5,6.5,-303.0,239.0,0
2016-17,1204,Seattle,Carolina,40,7,45.0,44.0,6.5,9.0,-425.0,345.0,0
2016-17,1205,NYJets,Indianapolis,10,41,48.5,48.5,0.0,1.5,-125.0,105.0,0
2016-17,1208,KansasCity,Oakland,21,13,47.0,46.0,3.0,3.5,-190.0,170.0,0
2016-17,1211,Tennessee,Denver,13,10,43.5,44.0,1.0,2.0,-135.0,115.0,0
2016-17,1211,Carolina,SanDiego,28,16,49.5,48.5,1.5,1.0,-125.0,105.0,0
2016-17,1211,Indianapolis,Houston,17,22,47.0,47.5,6.5,6.5,-300.0,235.0,0
2016-17,1211,Cleveland,Cincinnati,10,23,5.0,4.0,44.0,41.5,165.0,-185.0,1
2016-17,1211,Buffalo,Pittsburgh,20,27,1.0,1.0,47.5,45.5,103.0,-123.0,1
2016-17,1211,Miami,Arizona,26,23,44.0,2.0,2.5,44.5,110.0,-130.0,1
2016-17,1211,Detroit,Chicago,20,17,44.0,42.0,9.5,7.0,-360.0,295.0,0
2016-17,1211,Jacksonville,Minnesota,16,25,3.0,3.0,40.0,38.0,159.0,-179.0,1
2016-17,1211,TampaBay,NewOrleans,16,11,51.0,52.0,2.5,2.5,-140.0,120.0,0
2016-17,1211,Philadelphia,Washington,22,27,0.0,2.0,47.5,48.5,103.0,-122.0,1
2016-17,1211,SanFrancisco,NYJets,17,23,45.0,43.0,1.0,3.0,-150.0,130.0,0
2016-17,1211,GreenBay,Seattle,38,10,3.0,3.0,46.5,46.5,131.0,-151.0,1
2016-17,1211,LosAngeles,Atlanta,14,42,5.5,4.5,46.0,43.5,184.0,-214.0,1
2016-17,1211,NYGiants,Dallas,10,7,3.0,3.5,47.5,47.0,165.0,-185.0,1
2016-17,1212,NewEngland,Baltimore,30,23,44.5,46.0,8.0,6.0,-260.0,220.0,0
2016-17,1215,Seattle,LosAngeles,24,3,40.5,39.5,14.0,16.0,-1600.0,900.0,0
2016-17,1217,NYJets,Miami,13,34,3.0,2.5,41.5,39.5,125.0,-145.0,1
2016-17,1218,Dallas,TampaBay,26,20,46.0,47.5,7.0,7.0,-320.0,255.0,0
2016-17,1218,NYGiants,Detroit,17,6,44.0,42.5,4.0,4.0,-205.0,175.0,0
2016-17,1218,Baltimore,Philadelphia,27,26,42.0,41.0,6.0,5.0,-245.0,205.0,0
2016-17,1218,Chicago,GreenBay,27,30,6.5,4.5,44.0,40.0,200.0,-240.0,1
2016-17,1218,Minnesota,Indianapolis,6,34,44.0,44.5,4.0,5.0,-240.0,200.0,0
2016-17,1218,Buffalo,Cleveland,33,13,44.0,43.5,10.5,10.5,-480.0,380.0,0
2016-17,1218,KansasCity,Tennessee,17,19,43.5,43.0,6.0,6.0,-270.0,220.0,0
2016-17,1218,Houston,Jacksonville,21,20,41.0,39.5,6.0,3.5,-185.0,165.0,0
2016-17,1218,Arizona,NewOrleans,41,48,50.0,48.0,3.0,3.0,-160.0,140.0,0
2016-17,1218,Atlanta,SanFrancisco,41,13,51.5,51.5,13.0,14.0,-925.0,625.0,0
2016-17,1218,Denver,NewEngland,3,16,3.0,3.0,44.5,43.0,130.0,-150.0,1
2016-17,1218,SanDiego,Oakland,16,19,3.0,2.5,51.0,50.0,121.0,-141.0,1
2016-17,1218,Cincinnati,Pittsburgh,20,24,3.5,3.0,45.0,46.0,140.0,-160.0,1
2016-17,1219,Washington,Carolina,15,26,51.0,51.0,4.5,7.0,-310.0,245.0,0
2016-17,1222,Philadelphia,NYGiants,24,19,3.0,42.5,42.0,1.0,-120.0,100.0,2
2016-17,1224,Chicago,Washington,21,41,3.0,3.0,45.5,49.0,130.0,-150.0,1
2016-17,1224,Buffalo,Miami,31,34,44.0,44.5,3.0,4.5,-220.0,190.0,0
2016-17,1224,NewOrleans,TampaBay,31,24,52.5,53.5,3.0,3.0,-175.0,155.0,0
2016-17,1224,Carolina,Atlanta,16,33,1.0,3.0,52.0,49.0,135.0,-155.0,1
2016-17,1224,GreenBay,Minnesota,38,25,43.5,44.5,7.0,6.0,-280.0,240.0,0
2016-17,1224,NewEngland,NYJets,41,3,44.5,44.5,14.0,17.0,-3000.0,1200.0,4
2016-17,1224,Jacksonville,Tennessee,38,17,3.5,4.0,44.5,44.0,175.0,-200.0,1
2016-17,1224,Cleveland,SanDiego,20,17,6.5,4.5,45.5,45.5,180.0,-210.0,1
2016-17,1224,Oakland,Indianapolis,33,25,52.5,52.0,4.0,3.0,-180.0,160.0,0
2016-17,1224,LosAngeles,SanFrancisco,21,22,41.0,39.5,3.0,6.0,-255.0,215.0,0
2016-17,1224,Seattle,Arizona,31,34,44.0,43.5,7.0,9.0,-430.0,360.0,0
2016-17,1224,Houston,Cincinnati,12,10,41.0,41.5,3.0,3.0,-155.0,135.0,0
2016-17,1225,Pittsburgh,Baltimore,31,27,44.5,46.5,4.0,5.5,-260.0,210.0,0
2016-17,1225,KansasCity,Denver,33,10,38.0,38.5,4.5,3.5,-200.0,170.0,0
2016-17,1226,Dallas,Detroit,42,21,41.5,47.0,7.0,6.5,-260.0,220.0,0
2016-17,101,Tennessee,Houston,24,17,41.0,41.5,3.0,3.0,-165.0,145.0,0
2016-17,101,NYJets,Buffalo,30,10,5.0,3.5,45.0,43.0,165.0,-185.0,1
2016-17,101,Cincinnati,Baltimore,27,10,41.5,2.5,2.5,40.5,125.0,-145.0,1
2016-17,101,Washington,NYGiants,10,19,44.0,47.0,5.0,9.5,-410.0,340.0,0
2016-17,101,Detroit,GreenBay,24,31,3.0,3.5,48.0,50.5,170.0,-190.0,1
2016-17,101,Indianapolis,Jacksonville,24,20,48.5,48.5,7.0,5.5,-260.0,220.0,0
2016-17,101,Philadelphia,Dallas,27,13,3.5,44.0,45.0,6.5,-250.0,210.0,2
2016-17,101,Minnesota,Chicago,38,10,40.0,44.0,6.5,6.0,-260.0,220.0,0
2016-17,101,TampaBay,Carolina,17,16,47.5,44.5,3.5,3.5,-180.0,160.0,0
2016-17,101,Pittsburgh,Cleveland,27,24,45.5,41.5,12.5,3.5,-180.0,160.0,0
2016-17,101,Atlanta,NewOrleans,38,32,56.0,59.0,6.5,7.5,-380.0,320.0,0
2016-17,101,Miami,NewEngland,14,35,6.0,8.0,44.5,46.5,320.0,-380.0,1
2016-17,101,LosAngeles,Arizona,6,44,7.5,7.0,41.5,39.0,265.0,-320.0,1
2016-17,101,SanDiego,KansasCity,27,37,4.5,5.5,45.0,44.5,200.0,-240.0,1
2016-17,101,SanFrancisco,Seattle,23,25,9.0,11.5,44.5,44.5,425.0,-550.0,1
2016-17,101,Denver,Oakland,24,6,40.0,40.0,3.5,1.5,-125.0,105.0,0
2016-17,107,Houston,Oakland,27,14,47.0,37.5,3.0,4.0,-220.0,190.0,0
2016-17,107,Seattle,Detroit,26,6,44.5,45.0,4.0,8.0,-400.0,330.0,0
2016-17,108,Pittsburgh,Miami,30,12,47.5,47.5,10.0,11.5,-700.0,500.0,0
2016-17,108,GreenBay,NYGiants,38,13,44.5,46.5,4.0,5.5,-230.0,195.0,0
2016-17,114,Atlanta,Seattle,36,20,49.5,51.5,3.5,6.5,-275.0,235.0,0
2016-17,114,NewEngland,Houston,34,16,45.5,44.5,14.5,17.0,-2000.0,1000.0,0
2016-17,115,KansasCity,Pittsburgh,16,18,1.0,45.5,46.5,2.0,-130.0,110.0,2
2016-17,115,Dallas,GreenBay,31,34,51.5,53.5,4.0,5.0,-240.0,200.0,0
2016-17,122,Atlanta,GreenBay,44,21,60.5,60.5,5.0,6.0,-230.0,195.0,0
2016-17,122,NewEngland,Pittsburgh,36,17,51.0,50.5,5.5,5.5,-240.0,200.0,0
2017-18,907,NewEngland,KansasCity,27,42,48.0,47.5,7.0,8.0,-480.0,371.0,0
2017-18,910,Buffalo,NYJets,21,12,43.0,42.0,6.0,7.0,-400.0,317.0,0
2017-18,910,Chicago,Atlanta,17,23,7.0,6.5,50.5,48.0,259.0,-319.0,1
2017-18,910,Houston,Jacksonville,7,29,42.0,38.0,4.5,6.0,-250.0,207.0,0
2017-18,910,Washington,Philadelphia,17,30,48.5,2.0,3.0,49.0,110.0,-130.0,1
2017-18,910,Detroit,Arizona,35,23,48.0,2.0,2.5,48.5,110.0,-130.0,1
2017-18,910,Tennessee,Oakland,16,26,1.5,50.5,51.5,3.0,-140.0,120.0,2
2017-18,910,Cincinnati,Baltimore,0,20,42.5,41.5,2.0,2.5,-150.0,130.0,0
2017-18,910,Cleveland,Pittsburgh,18,21,9.5,10.0,47.5,47.5,384.0,-500.0,1
2017-18,910,LARams,Indianapolis,46,9,3.0,41.5,47.0,3.5,-190.0,163.0,2
2017-18,910,GreenBay,Seattle,17,9,49.0,50.0,3.0,2.5,-145.0,125.0,0
2017-18,910,SanFrancisco,Carolina,3,23,3.5,4.0,48.0,44.5,192.0,-230.0,1
2017-18,910,Dallas,NYGiants,19,3,49.0,46.0,6.5,6.0,-281.0,231.0,0
2017-18,911,Minnesota,NewOrleans,29,19,47.5,47.5,3.5,3.0,-181.0,156.0,0
2017-18,911,Denver,LAChargers,24,21,44.0,41.5,3.5,3.0,-144.0,124.0,0
2017-18,914,Cincinnati,Houston,9,13,38.5,38.5,3.0,5.0,-240.0,199.0,0
2017-18,917,Jacksonville,Tennessee,16,37,0.0,1.0,43.5,41.0,105.0,-125.0,1
2017-18,917,Baltimore,Cleveland,24,10,41.0,39.5,7.0,7.5,-375.0,299.0,0
2017-18,917,Carolina,Buffalo,9,3,42.5,43.5,7.0,6.0,-261.0,216.0,0
2017-18,917,NewOrleans,NewEngland,20,36,4.5,5.5,54.0,54.5,216.0,-263.0,1
2017-18,917,Indianapolis,Arizona,13,16,7.5,6.5,44.5,44.0,252.0,-310.0,1
2017-18,917,KansasCity,Philadelphia,27,20,47.5,46.5,4.5,4.0,-200.0,170.0,0
2017-18,917,Pittsburgh,Minnesota,26,9,45.5,43.5,7.0,8.0,-370.0,296.0,0
2017-18,917,TampaBay,Chicago,29,7,43.0,44.0,6.0,7.0,-305.0,249.0,0
2017-18,917,LAChargers,Miami,17,19,45.5,46.0,5.0,3.5,-195.0,166.0,0
2017-18,917,Oakland,NYJets,45,20,43.5,43.5,13.5,14.0,-1000.0,664.0,0
2017-18,917,LARams,Washington,20,27,46.0,46.5,2.5,3.0,-150.0,130.0,0
2017-18,917,Denver,Dallas,42,17,1.5,2.5,42.5,43.5,121.0,-141.0,1
2017-18,917,Seattle,SanFrancisco,12,9,43.5,41.0,13.0,13.5,-1002.0,665.0,0
2017-18,917,Atlanta,GreenBay,34,23,53.5,54.5,3.0,3.0,-180.0,156.0,0
2017-18,918,NYGiants,Detroit,10,24,43.5,42.5,4.5,3.0,-170.0,148.0,0
2017-18,921,SanFrancisco,LARams,39,41,2.5,3.0,42.0,40.5,128.0,-148.0,1
2017-18,924,Jacksonville,Baltimore,44,7,4.0,3.0,40.5,38.0,150.0,-180.0,1
2017-18,924,Indianapolis,Cleveland,31,28,2.5,1.0,41.0,42.5,100.0,-120.0,1
2017-18,924,Chicago,Pittsburgh,23,17,8.0,7.0,46.0,43.5,275.0,-350.0,1
2017-18,924,NYJets,Miami,20,6,6.5,5.5,41.0,43.0,200.0,-250.0,1
2017-18,924,Buffalo,Denver,26,16,1.0,3.5,41.0,39.5,160.0,-190.0,1
2017-18,924,NewEngland,Houston,36,33,44.0,44.5,12.0,13.5,-1400.0,800.0,0
2017-18,924,Carolina,NewOrleans,13,34,49.0,46.5,6.0,5.5,-260.0,210.0,0
2017-18,924,Minnesota,TampaBay,34,17,40.5,41.0,1.5,0.0,-110.0,-110.0,0
2017-18,924,Detroit,Atlanta,26,30,3.0,3.0,49.0,51.0,140.0,-160.0,1
2017-18,924,Philadelphia,NYGiants,27,24,43.0,42.5,5.5,5.0,-240.0,190.0,0
2017-18,924,Tennessee,Seattle,33,27,44.0,41.0,1.0,2.0,-130.0,110.0,0
2017-18,924,LAChargers,KansasCity,10,24,3.5,3.0,45.5,48.0,130.0,-150.0,1
2017-18,924,GreenBay,Cincinnati,27,24,45.5,48.0,9.0,7.0,-400.0,300.0,0
2017-18,924,Washington,Oakland,27,10,3.5,3.5,53.5,53.5,170.0,-200.0,1
2017-18,925,Arizona,Dallas,17,28,3.5,3.0,47.5,46.5,135.0,-155.0,1
2017-18,928,GreenBay,Chicago,35,14,45.5,44.5,7.5,7.0,-400.0,317.0,0
2017-18,1001,Miami,NewOrleans,0,20,2.0,4.0,50.0,52.0,175.0,-210.0,1
2017-18,1001,NewEngland,Carolina,30,33,47.0,48.0,8.0,9.5,-550.0,400.0,0
2017-18,1001,Dallas,LARams,30,35,46.0,50.5,8.0,5.5,-260.0,210.0,0
2017-18,1001,Minnesota,Detroit,7,14,43.5,43.0,1.0,2.5,-150.0,130.0,0
2017-18,1001,Houston,Tennessee,57,14,1.0,2.5,44.0,43.5,120.0,-140.0,1
2017-18,1001,NYJets,Jacksonville,23,20,3.5,4.5,40.0,38.5,185.0,-230.0,1
2017-18,1001,Cleveland,Cincinnati,7,31,4.0,3.0,40.0,41.5,155.0,-185.0,1
2017-18,1001,Baltimore,Pittsburgh,9,26,2.0,3.5,45.0,42.0,160.0,-190.0,1
2017-18,1001,Atlanta,Buffalo,17,23,49.0,48.0,8.0,9.0,-440.0,340.0,0
2017-18,1001,TampaBay,NYGiants,25,23,43.5,45.5,4.0,2.5,-140.0,120.0,0
2017-18,1001,LAChargers,Philadelphia,24,26,46.5,48.0,1.0,2.0,-130.0,110.0,0
2017-18,1001,Arizona,SanFrancisco,18,15,44.5,43.5,7.0,6.5,-280.0,230.0,0
2017-18,1001,Denver,Oakland,16,10,47.0,44.0,2.5,4.0,-210.0,175.0,0
2017-18,1001,Seattle,Indianapolis,46,18,41.0,41.5,13.0,12.5,-1000.0,650.0,0
2017-18,1002,KansasCity,Washington,29,20,49.0,47.5,7.0,6.5,-295.0,241.0,0
2017-18,1005,TampaBay,NewEngland,14,19,4.0,3.5,54.0,54.5,165.0,-193.0,1
2017-18,1008,NYGiants,LAChargers,22,27,43.5,45.5,3.0,3.0,-180.0,150.0,0
2017-18,1008,Cincinnati,Buffalo,20,16,38.5,39.0,1.0,3.0,-170.0,145.0,0
2017-18,1008,Cleveland,NYJets,14,17,39.5,1.5,1.0,41.0,105.0,-125.0,1
2017-18,1008,Pittsburgh,Jacksonville,9,30,44.5,41.5,8.5,7.0,-360.0,280.0,0
2017-18,1008,Miami,Tennessee,16,10,3.0,41.5,43.5,1.0,-120.0,100.0,2
2017-18,1008,Indianapolis,SanFrancisco,26,23,43.0,43.5,1.5,1.0,-120.0,100.0,0
2017-18,1008,Philadelphia,Arizona,34,7,45.5,44.5,6.0,6.5,-300.0,240.0,0
2017-18,1008,Detroit,Carolina,24,27,43.5,42.0,3.0,2.0,-130.0,110.0,0
2017-18,1008,LARams,Seattle,10,16,46.0,46.5,1.0,2.0,-130.0,110.0,0
2017-18,1008,Oakland,Baltimore,17,30,40.0,40.5,0.0,3.0,-150.0,130.0,0
2017-18,1008,Dallas,GreenBay,31,35,53.5,52.5,2.5,2.5,-140.0,120.0,0
2017-18,1008,Houston,KansasCity,34,42,47.0,2.0,0.0,45.5,110.0,-130.0,1
2017-18,1009,Chicago,Minnesota,17,20,0.0,3.5,40.5,41.0,158.0,-184.0,1
2017-18,1012,Carolina,Philadelphia,23,28,45.0,43.5,3.0,3.0,-151.0,131.0,0
2017-18,1015,Houston,Cleveland,33,17,44.0,46.0,9.0,7.5,-375.0,299.0,0
2017-18,1015,NYJets,NewEngland,17,24,9.5,9.0,47.0,48.5,358.0,-460.0,1
2017-18,1015,Atlanta,Miami,17,20,47.5,46.0,10.0,14.0,-1000.0,664.0,0
2017-18,1015,NewOrleans,Detroit,52,38,51.0,50.0,3.0,5.0,-235.0,195.0,0
2017-18,1015,Minnesota,GreenBay,23,10,3.5,3.0,47.0,46.5,135.0,-155.0,1
2017-18,1015,Baltimore,Chicago,24,27,40.0,39.5,7.0,5.0,-220.0,184.0,0
2017-18,1015,Washington,SanFrancisco,26,24,46.5,46.0,10.0,11.0,-605.0,450.0,0
2017-18,1015,Jacksonville,LARams,17,27,44.0,42.0,0.0,1.0,-113.0,-107.0,0
2017-18,1015,Arizona,TampaBay,38,33,2.0,2.5,44.5,46.0,123.0,-143.0,1
2017-18,1015,KansasCity,Pittsburgh,13,19,47.0,46.0,4.0,3.0,-185.0,160.0,0
2017-18,1015,Oakland,LAChargers,16,17,51.0,47.5,4.0,3.0,-165.0,144.0,0
2017-18,1015,Denver,NYGiants,10,23,41.0,37.5,10.0,13.5,-825.0,575.0,0
2017-18,1016,Tennessee,Indianapolis,36,22,49.0,46.5,8.0,6.5,-291.0,238.0,0
2017-18,1019,Oakland,KansasCity,31,30,3.0,3.0,47.5,46.0,135.0,-155.0,1
2017-18,1022,Cleveland,Tennessee,9,12,5.0,6.0,46.5,42.5,220.0,-270.0,1
2017-18,1022,Indianapolis,Jacksonville,0,27,3.0,3.0,44.5,41.5,142.0,-165.0,1
2017-18,1022,Pittsburgh,Cincinnati,29,14,41.0,40.0,6.0,4.0,-220.0,180.0,0
2017-18,1022,Minnesota,Baltimore,24,16,39.5,37.5,4.5,5.0,-255.0,205.0,0
2017-18,1022,Miami,NYJets,31,28,38.5,39.5,3.5,3.0,-165.0,142.0,0
2017-18,1022,Buffalo,TampaBay,30,27,44.0,46.0,3.0,3.0,-180.0,150.0,0
2017-18,1022,Chicago,Carolina,17,3,4.0,3.0,41.0,39.5,135.0,-155.0,1
2017-18,1022,GreenBay,NewOrleans,17,26,5.5,4.0,48.0,45.5,170.0,-200.0,1
2017-18,1022,LARams,Arizona,33,0,47.5,45.5,3.0,3.0,-170.0,145.0,0
2017-18,1022,SanFrancisco,Dallas,10,40,6.0,6.5,47.0,48.5,240.0,-300.0,1
2017-18,1022,NYGiants,Seattle,7,24,7.0,4.0,39.0,38.5,175.0,-210.0,1
2017-18,1022,LAChargers,Denver,21,0,1.0,1.0,43.5,41.0,100.0,-120.0,1
2017-18,1022,NewEngland,Atlanta,23,7,53.5,57.0,4.5,3.0,-145.0,125.0,0
2017-18,1023,Philadelphia,Washington,34,24,48.5,48.5,5.0,5.0,-250.0,200.0,0
2017-18,1026,Baltimore,Miami,40,0,38.0,38.0,3.0,3.0,-155.0,135.0,0
2017-18,1029,Cleveland,Minnesota,16,33,8.5,11.0,37.5,38.0,416.0,-550.0,1
2017-18,1029,NewOrleans,Chicago,20,12,50.0,46.0,9.0,7.5,-390.0,310.0,0
2017-18,1029,NYJets,Atlanta,20,25,4.5,6.5,47.0,44.0,249.0,-306.0,1
2017-18,1029,TampaBay,Carolina,3,17,44.0,46.0,2.5,1.5,-127.0,107.0,0
2017-18,1029,Philadelphia,SanFrancisco,33,10,47.5,45.0,13.0,13.0,-850.0,588.0,0
2017-18,1029,Buffalo,Oakland,34,14,44.5,47.0,3.0,2.5,-131.0,111.0,0
2017-18,1029,Cincinnati,Indianapolis,24,23,41.0,44.0,10.0,11.0,-550.0,416.0,0
2017-18,1029,NewEngland,LAChargers,21,13,49.0,49.0,7.0,6.5,-306.0,250.0,0
2017-18,1029,Seattle,Houston,41,38,43.0,45.0,6.0,6.0,-286.0,235.0,0
2017-18,1029,Washington,Dallas,19,33,0.0,3.0,50.5,46.0,145.0,-166.0,1
2017-18,1029,Detroit,Pittsburgh,15,20,3.0,3.0,44.5,44.5,152.0,-176.0,1
2017-18,1030,KansasCity,Denver,29,19,44.0,42.0,7.5,7.0,-340.0,274.0,0
2017-18,1102,NYJets,Buffalo,34,21,3.5,3.0,42.0,42.5,155.0,-185.0,1
2017-18,1105,Philadelphia,Denver,51,23,44.0,41.0,7.5,7.0,-330.0,260.0,0
2017-18,1105,NYGiants,LARams,17,51,4.0,6.0,43.5,42.5,220.0,-270.0,1
2017-18,1105,NewOrleans,TampaBay,30,10,50.0,54.5,7.0,7.0,-330.0,260.0,0
2017-18,1105,Jacksonville,Cincinnati,23,7,39.5,38.0,3.5,5.5,-260.0,210.0,0
2017-18,1105,Carolina,Atlanta,20,17,44.0,3.0,1.5,42.0,135.0,-155.0,1
2017-18,1105,Houston,Indianapolis,14,20,48.0,45.0,13.0,6.0,-260.0,210.0,0
2017-18,1105,Tennessee,Baltimore,23,20,43.0,41.0,4.0,3.0,-160.0,140.0,0
2017-18,1105,SanFrancisco,Arizona,10,20,1.0,2.5,39.0,39.0,115.0,-135.0,1
2017-18,1105,Seattle,Washington,14,17,45.0,44.5,7.0,8.5,-450.0,350.0,0
2017-18,1105,Dallas,KansasCity,28,17,48.5,53.0,1.0,2.5,-140.0,120.0,0
2017-18,1105,Miami,Oakland,24,27,2.5,3.0,43.5,44.0,145.0,-170.0,1
2017-18,1106,GreenBay,Detroit,17,30,2.0,2.5,43.0,42.5,120.0,-140.0,1
2017-18,1109,Arizona,Seattle,16,22,6.5,6.0,43.0,40.5,230.0,-280.0,1
2017-18,1112,Washington,Minnesota,30,38,2.5,1.0,43.0,42.0,-105.0,-115.0,1
2017-18,1112,Chicago,GreenBay,16,23,38.0,37.5,5.0,5.0,-240.0,190.0,0
2017-18,1112,Indianapolis,Pittsburgh,17,20,10.0,11.0,43.0,46.5,425.0,-600.0,1
2017-18,1112,Jacksonville,LAChargers,20,17,41.5,40.5,4.0,4.5,-240.0,190.0,0
2017-18,1112,TampaBay,NYJets,15,10,41.0,44.5,0.0,1.0,-120.0,100.0,0
2017-18,1112,Tennessee,Cincinnati,24,20,40.5,40.5,4.0,5.0,-230.0,185.0,0
2017-18,1112,Buffalo,NewOrleans,10,47,2.5,2.0,48.5,48.0,115.0,-135.0,1
2017-18,1112,Detroit,Cleveland,38,24,44.0,42.5,12.0,10.0,-500.0,375.0,0
2017-18,1112,LARams,Houston,33,7,47.0,45.5,10.0,13.0,-650.0,450.0,0
2017-18,1112,Atlanta,Dallas,27,7,50.5,49.5,3.0,3.5,-200.0,170.0,0
2017-18,1112,SanFrancisco,NYGiants,31,21,1.0,3.0,42.0,41.5,140.0,-160.0,1
2017-18,1112,Denver,NewEngland,16,41,7.0,7.0,46.5,44.5,270.0,-340.0,1
2017-18,1113,Carolina,Miami,45,21,39.5,38.5,9.0,8.0,-401.0,318.0,0
2017-18,1116,Pittsburgh,Tennessee,40,17,43.5,44.5,7.0,7.0,-350.0,275.0,0
2017-18,1119,Chicago,Detroit,24,27,3.0,3.0,44.0,40.5,145.0,-170.0,1
2017-18,1119,NYGiants,KansasCity,12,9,12.5,10.0,44.0,45.0,350.0,-450.0,1
2017-18,1119,Miami,TampaBay,20,30,43.5,1.5,1.5,44.0,105.0,-125.0,1
2017-18,1119,GreenBay,Baltimore,0,23,2.5,2.5,38.0,38.5,115.0,-135.0,1
2017-18,1119,Minnesota,LARams,24,7,46.0,46.5,1.5,2.0,-130.0,110.0,0
2017-18,1119,Houston,Arizona,31,21,39.0,38.5,0.0,2.5,-135.0,115.0,0
2017-18,1119,Cleveland,Jacksonville,7,19,9.0,7.0,38.0,37.0,270.0,-340.0,1
2017-18,1119,NewOrleans,Washington,34,31,49.0,53.0,8.0,9.0,-450.0,350.0,0
2017-18,1119,LAChargers,Buffalo,54,24,44.0,41.5,3.5,7.0,-310.0,250.0,0
2017-18,1119,Denver,Cincinnati,17,20,40.0,38.0,2.5,2.5,-150.0,130.0,0
2017-18,1119,Oakland,NewEngland,8,33,5.0,7.0,50.0,55.5,260.0,-330.0,1
2017-18,1119,Dallas,Philadelphia,9,37,3.5,6.5,47.0,48.5,220.0,-270.0,1
2017-18,1120,Seattle,Atlanta,31,34,45.0,1.0,3.0,46.0,100.0,-120.0,1
2017-18,1123,Detroit,Minnesota,23,30,44.5,2.5,0.0,45.5,125.0,-145.0,1
2017-18,1123,Dallas,LAChargers,6,28,48.0,1.0,1.0,46.0,-105.0,-115.0,1
2017-18,1123,Washington,NYGiants,20,10,44.5,44.0,7.5,7.0,-390.0,295.0,0
2017-18,1126,Cincinnati,Cleveland,30,16,38.0,39.0,9.0,7.5,-400.0,300.0,0
2017-18,1126,Philadelphia,Chicago,31,3,44.0,43.0,13.0,13.5,-1200.0,750.0,0
2017-18,1126,NewEngland,Miami,35,17,47.0,49.0,17.0,16.5,-2000.0,1000.0,0
2017-18,1126,KansasCity,Buffalo,10,16,47.0,46.5,10.0,9.0,-420.0,320.0,0
2017-18,1126,Atlanta,TampaBay,34,20,48.0,47.0,10.0,10.0,-650.0,450.0,0
2017-18,1126,NYJets,Carolina,27,35,4.0,6.0,39.5,39.5,210.0,-260.0,1
2017-18,1126,Indianapolis,Tennessee,16,20,3.0,3.0,46.0,46.5,150.0,-180.0,1
2017-18,1126,SanFrancisco,Seattle,13,24,7.0,6.5,43.0,45.0,250.0,-310.0,1
2017-18,1126,LARams,NewOrleans,26,20,53.5,54.0,2.5,2.5,-150.0,130.0,0
2017-18,1126,Arizona,Jacksonville,27,24,5.0,6.5,38.0,36.5,220.0,-270.0,1
2017-18,1126,Oakland,Denver,21,14,44.0,41.0,5.0,4.0,-220.0,180.0,0
2017-18,1126,Pittsburgh,GreenBay,31,28,41.5,43.0,13.5,14.0,-1200.0,750.0,0
2017-18,1127,Baltimore,Houston,23,16,38.0,39.5,7.0,7.5,-390.0,310.0,0
2017-18,1130,Dallas,Washington,38,14,44.0,2.0,1.0,47.0,107.0,-127.0,1
2017-18,1203,Baltimore,Detroit,44,20,43.0,43.5,2.5,2.5,-140.0,120.0,0
2017-18,1203,Chicago,SanFrancisco,14,15,42.0,42.0,2.5,2.5,-140.0,120.0,0
2017-18,1203,Atlanta,Minnesota,9,14,48.5,48.5,2.0,2.0,-130.0,110.0,0
2017-18,1203,Buffalo,NewEngland,3,23,7.5,8.0,48.5,49.0,310.0,-410.0,1
2017-18,1203,Miami,Denver,35,9,1.0,1.5,41.0,41.0,105.0,-125.0,1
2017-18,1203,Tennessee,Houston,24,13,42.5,42.0,7.0,7.0,-330.0,260.0,0
2017-18,1203,Jacksonville,Indianapolis,30,10,41.0,41.0,10.0,10.0,-500.0,375.0,0
2017-18,1203,GreenBay,TampaBay,26,20,45.0,45.5,3.0,3.0,-170.0,145.0,0
2017-18,1203,NYJets,KansasCity,38,31,3.5,4.0,44.0,44.0,180.0,-220.0,1
2017-18,1203,NewOrleans,Carolina,31,21,48.0,48.0,5.5,6.0,-270.0,220.0,0
2017-18,1203,LAChargers,Cleveland,19,10,45.0,44.5,13.5,13.5,-1100.0,700.0,0
2017-18,1203,Arizona,LARams,16,32,7.5,7.0,43.0,43.0,270.0,-340.0,1
2017-18,1203,Oakland,NYGiants,24,17,43.0,42.5,10.0,9.5,-470.0,360.0,0
2017-18,1203,Seattle,Philadelphia,24,10,3.5,4.0,46.5,46.5,180.0,-220.0,1
2017-18,1204,Cincinnati,Pittsburgh,20,23,5.5,4.5,43.0,42.5,190.0,-220.0,1
2017-18,1207,Atlanta,NewOrleans,20,17,55.0,51.5,2.0,2.5,-135.0,115.0,0
2017-18,1210,TampaBay,Detroit,21,24,0.0,48.0,48.0,0.0,-110.0,-110.0,2
2017-18,1210,Cincinnati,Chicago,7,33,37.0,40.0,5.5,6.0,-265.0,215.0,0
2017-18,1210,Buffalo,Indianapolis,13,7,0.0,36.5,13.5,3.5,-190.0,160.0,3
2017-18,1210,Jacksonville,Seattle,30,24,39.5,41.0,3.5,2.5,-145.0,125.0,0
2017-18,1210,KansasCity,Oakland,26,15,47.5,48.5,4.5,4.5,-230.0,185.0,0
2017-18,1210,Carolina,Minnesota,31,24,1.0,2.5,42.0,40.5,115.0,-135.0,1
2017-18,1210,Cleveland,GreenBay,21,27,4.0,2.5,39.5,37.5,120.0,-140.0,1
2017-18,1210,Houston,SanFrancisco,16,26,43.0,45.0,1.0,2.0,-130.0,110.0,0
2017-18,1210,LAChargers,Washington,30,13,46.0,46.5,7.0,6.0,-290.0,235.0,0
2017-18,1210,Denver,NYJets,23,0,40.5,1.0,1.0,40.5,-105.0,-115.0,1
2017-18,1210,Arizona,Tennessee,12,7,3.5,3.0,44.5,42.0,130.0,-150.0,1
2017-18,1210,LARams,Philadelphia,35,43,51.0,2.0,1.0,47.5,105.0,-125.0,1
2017-18,1210,NYGiants,Dallas,10,30,6.0,3.5,41.0,42.0,175.0,-210.0,1
2017-18,1210,Pittsburgh,Baltimore,39,38,44.0,43.5,6.0,6.0,-270.0,220.0,0
2017-18,1211,Miami,NewEngland,27,20,12.0,10.5,48.5,48.0,425.0,-600.0,1
2017-18,1214,Indianapolis,Denver,13,25,1.5,3.0,41.5,40.5,125.0,-145.0,1
2017-18,1216,Detroit,Chicago,20,10,44.0,43.5,7.0,5.0,-240.0,190.0,0
2017-18,1216,KansasCity,LAChargers,30,13,46.0,47.0,1.0,0.0,-110.0,-110.0,0
2017-18,1217,NYGiants,Philadelphia,29,34,8.0,7.5,40.0,41.0,300.0,-400.0,1
2017-18,1217,Carolina,GreenBay,31,24,44.5,46.5,2.0,3.0,-150.0,130.0,0
2017-18,1217,Minnesota,Cincinnati,34,7,41.0,42.5,10.0,13.0,-900.0,600.0,0
2017-18,1217,Buffalo,Miami,24,16,38.5,40.0,4.0,3.5,-190.0,160.0,0
2017-18,1217,Jacksonville,Houston,45,7,40.0,39.5,13.0,10.5,-600.0,425.0,0
2017-18,1217,NewOrleans,NYJets,31,19,47.0,47.0,15.0,15.5,-1800.0,950.0,0
2017-18,1217,Washington,Arizona,20,15,44.0,40.0,6.0,4.0,-220.0,180.0,0
2017-18,1217,Cleveland,Baltimore,10,27,9.0,6.5,40.0,42.5,250.0,-310.0,1
2017-18,1217,Seattle,LARams,7,42,1.5,47.5,48.0,0.0,-110.0,-110.0,2
2017-18,1217,Pittsburgh,NewEngland,24,27,3.0,2.5,53.0,53.0,115.0,-135.0,1
2017-18,1217,SanFrancisco,Tennessee,25,23,44.5,44.5,1.0,2.0,-135.0,115.0,0
2017-18,1217,Oakland,Dallas,17,20,45.0,3.0,0.0,46.5,140.0,-160.0,1
2017-18,1218,TampaBay,Atlanta,21,24,5.0,7.0,47.5,49.5,275.0,-350.0,1
2017-18,1223,Baltimore,Indianapolis,23,16,41.0,41.0,13.5,13.5,-1100.0,700.0,0
2017-18,1223,GreenBay,Minnesota,0,16,9.0,8.5,42.0,41.0,350.0,-450.0,1
2017-18,1224,Cincinnati,Detroit,26,17,3.5,3.0,43.5,43.5,148.0,-175.0,1
2017-18,1224,NYJets,LAChargers,7,14,7.0,7.0,42.5,42.5,280.0,-360.0,1
2017-18,1224,Tennessee,LARams,23,27,7.0,5.5,49.0,46.0,190.0,-240.0,1
2017-18,1224,Chicago,Cleveland,20,3,38.5,36.5,7.0,5.5,-240.0,190.0,0
2017-18,1224,Carolina,TampaBay,22,19,46.5,47.0,10.0,10.0,-550.0,400.0,0
2017-18,1224,NewOrleans,Atlanta,23,13,53.0,51.5,5.5,5.5,-250.0,200.0,0
2017-18,1224,Washington,Denver,27,11,42.0,38.5,4.0,3.0,-170.0,145.0,0
2017-18,1224,KansasCity,Miami,29,13,45.0,43.5,10.0,11.0,-650.0,450.0,0
2017-18,1224,NewEngland,Buffalo,37,16,47.0,47.5,13.0,11.0,-650.0,450.0,0
2017-18,1224,SanFrancisco,Jacksonville,44,33,5.5,4.0,42.5,43.0,175.0,-210.0,1
2017-18,1224,Arizona,NYGiants,23,0,40.5,39.5,4.5,3.0,-185.0,155.0,0
2017-18,1224,Dallas,Seattle,12,21,47.0,47.5,4.5,4.5,-240.0,190.0,0
2017-18,1225,Houston,Pittsburgh,6,34,10.0,9.0,44.0,45.5,365.0,-475.0,1
2017-18,1225,Philadelphia,Oakland,19,10,48.5,45.5,9.0,10.0,-565.0,415.0,0
2017-18,1231,Baltimore,Cincinnati,27,31,41.0,39.0,10.0,8.0,-450.0,350.0,0
2017-18,1231,Detroit,GreenBay,35,11,42.5,45.0,7.5,7.5,-400.0,300.0,0
2017-18,1231,Miami,Buffalo,16,22,2.5,2.5,42.0,42.0,130.0,-150.0,1
2017-18,1231,Atlanta,Carolina,22,10,47.0,44.5,3.0,5.0,-260.0,210.0,0
2017-18,1231,TampaBay,NewOrleans,31,24,7.5,6.0,50.0,49.0,255.0,-320.0,1
2017-18,1231,Tennessee,Jacksonville,15,10,41.0,40.5,3.0,2.5,-155.0,135.0,0
2017-18,1231,NewEngland,NYJets,26,6,46.0,43.5,16.0,16.0,-3000.0,1200.0,4
2017-18,1231,Indianapolis,Houston,22,13,41.0,41.5,4.0,5.5,-260.0,210.0,0
2017-18,1231,Pittsburgh,Cleveland,28,24,41.0,37.5,14.0,5.0,-215.0,178.0,0
2017-18,1231,NYGiants,Washington,18,10,3.0,5.0,40.0,41.0,190.0,-240.0,1
2017-18,1231,Minnesota,Chicago,23,10,40.0,38.5,12.5,13.0,-1000.0,650.0,0
2017-18,1231,Philadelphia,Dallas,0,6,43.0,4.0,2.0,41.0,175.0,-210.0,1
2017-18,1231,LAChargers,Oakland,30,10,44.0,43.0,9.0,7.0,-340.0,270.0,0
2017-18,1231,Seattle,Arizona,24,26,41.0,38.0,10.0,8.0,-420.0,320.0,0
2017-18,1231,Denver,KansasCity,24,27,3.0,37.5,41.0,3.0,-170.0,145.0,2
2017-18,1231,LARams,SanFrancisco,13,34,46.0,6.5,3.5,43.5,240.0,-300.0,1
2017-18,106,KansasCity,Tennessee,21,22,45.0,44.0,7.5,8.5,-450.0,350.0,0
2017-18,106,LARams,Atlanta,13,26,49.5,48.5,4.0,6.0,-260.0,210.0,0
2017-18,107,Jacksonville,Buffalo,10,3,41.0,40.0,7.5,8.5,-430.0,330.0,0
2017-18,107,NewOrleans,Carolina,31,26,48.0,48.0,5.5,6.5,-310.0,250.0,0
2017-18,113,Philadelphia,Atlanta,15,10,3.0,2.5,43.5,40.0,125.0,-145.0,1
2017-18,113,NewEngland,Tennessee,35,14,47.0,48.0,13.5,14.0,-1000.0,650.0,0
2017-18,114,Pittsburgh,Jacksonville,42,45,41.0,40.5,7.0,7.0,-360.0,280.0,0
2017-18,114,Minnesota,NewOrleans,29,24,44.5,47.0,3.5,5.5,-250.0,200.0,0
2017-18,121,NewEngland,Jacksonville,24,20,46.5,45.5,0.0,7.5,-350.0,275.0,0
2017-18,121,Philadelphia,Minnesota,38,7,3.0,3.0,38.5,39.0,135.0,-155.0,1
2018-19,906,Philadelphia,Atlanta,18,12,46.5,0.0,4.0,44.0,-101.0,-119.0,1
2018-19,909,Cleveland,Pittsburgh,21,21,6.5,3.5,47.0,41.0,155.0,-185.0,1
2018-19,909,Minnesota,SanFrancisco,24,16,47.0,46.0,4.5,6.0,-280.0,230.0,0
2018-19,909,Indianapolis,Cincinnati,23,34,47.0,1.0,1.0,47.5,-105.0,-115.0,1
2018-19,909,Baltimore,Buffalo,47,3,42.5,38.5,3.5,7.5,-380.0,290.0,0
2018-19,909,NYGiants,Jacksonville,15,20,3.5,3.0,44.0,42.5,125.0,-145.0,1
2018-19,909,NewOrleans,TampaBay,40,48,51.5,49.5,7.0,10.0,-550.0,400.0,0
2018-19,909,NewEngland,Houston,27,20,51.0,49.5,6.5,6.0,-275.0,225.0,0
2018-19,909,Miami,Tennessee,27,20,2.5,43.5,46.5,0.0,-110.0,-110.0,2
2018-19,909,LAChargers,KansasCity,28,38,47.5,48.5,3.0,3.5,-190.0,160.0,0
2018-19,909,Denver,Seattle,27,24,42.5,43.0,1.5,3.0,-190.0,160.0,0
2018-19,909,Carolina,Dallas,16,8,44.0,42.0,2.5,3.0,-170.0,145.0,0
2018-19,909,Arizona,Washington,6,24,44.0,43.5,0.0,2.0,-135.0,115.0,0
2018-19,909,GreenBay,Chicago,24,23,47.5,45.0,8.5,7.0,-310.0,250.0,0
2018-19,910,Detroit,NYJets,17,48,44.0,44.0,6.5,7.0,-360.0,280.0,0
2018-19,910,Oakland,LARams,13,33,1.0,6.5,49.5,47.0,240.0,-300.0,1
2018-19,913,Cincinnati,Baltimore,34,23,2.0,1.0,44.5,43.5,100.0,-120.0,1
2018-19,916,Washington,Indianapolis,9,21,47.5,48.5,4.5,6.0,-260.0,210.0,0
2018-19,916,Atlanta,Carolina,31,24,44.0,43.5,5.5,5.5,-240.0,190.0,0
2018-19,916,GreenBay,Minnesota,29,29,47.0,1.5,2.0,44.5,105.0,-125.0,1
2018-19,916,Buffalo,LAChargers,20,31,7.0,7.5,44.5,41.5,280.0,-360.0,1
2018-19,916,Tennessee,Houston,20,17,2.5,3.5,45.0,40.5,170.0,-200.0,1
2018-19,916,Pittsburgh,KansasCity,37,42,50.5,53.0,4.0,4.5,-220.0,180.0,0
2018-19,916,NYJets,Miami,12,20,44.0,43.0,3.5,3.0,-170.0,145.0,0
2018-19,916,TampaBay,Philadelphia,27,21,3.0,3.0,44.0,46.5,140.0,-160.0,1
2018-19,916,NewOrleans,Cleveland,21,18,47.5,51.0,9.0,9.5,-550.0,400.0,0
2018-19,916,LARams,Arizona,34,0,46.5,43.5,13.0,12.0,-1000.0,650.0,0
2018-19,916,SanFrancisco,Detroit,30,27,47.0,48.5,5.5,6.0,-275.0,225.0,0
2018-19,916,Jacksonville,NewEngland,31,20,2.5,1.5,45.0,44.5,105.0,-125.0,1
2018-19,916,Denver,Oakland,20,19,45.0,44.5,6.0,6.0,-260.0,210.0,0
2018-19,916,Dallas,NYGiants,20,13,43.5,42.0,3.5,2.5,-140.0,120.0,0
2018-19,917,Chicago,Seattle,24,17,43.5,42.0,3.0,5.0,-240.0,190.0,0
2018-19,920,Cleveland,NYJets,21,17,40.5,41.0,3.0,3.0,-200.0,170.0,0
2018-19,923,Philadelphia,Indianapolis,20,16,48.0,45.0,6.5,6.5,-302.0,247.0,0
2018-19,923,Carolina,Cincinnati,31,21,44.0,44.5,3.0,2.5,-150.0,130.0,0
2018-19,923,Jacksonville,Tennessee,6,9,39.0,39.5,9.0,10.0,-510.0,390.0,0
2018-19,923,Atlanta,NewOrleans,37,43,52.5,54.0,3.5,1.5,-131.0,111.0,0
2018-19,923,Baltimore,Denver,27,14,44.0,46.0,4.5,5.5,-240.0,199.0,0
2018-19,923,Houston,NYGiants,22,27,42.0,44.5,6.0,6.5,-280.0,230.0,0
2018-19,923,Miami,Oakland,28,20,44.0,45.5,3.0,2.5,-147.0,127.0,0
2018-19,923,Washington,GreenBay,31,17,3.0,2.0,47.5,46.0,122.0,-142.0,1
2018-19,923,Minnesota,Buffalo,6,27,41.5,41.0,16.0,17.0,-1703.0,948.0,0
2018-19,923,KansasCity,SanFrancisco,38,27,54.5,53.5,4.0,6.0,-280.0,230.0,0
2018-19,923,LARams,LAChargers,35,23,48.0,49.5,7.0,7.0,-325.0,263.0,0
2018-19,923,Arizona,Chicago,14,16,5.5,5.5,40.0,39.0,219.0,-265.0,1
2018-19,923,Seattle,Dallas,24,13,1.0,40.0,41.5,1.5,-130.0,111.0,2
2018-19,923,Detroit,NewEngland,26,10,6.5,7.0,50.0,56.0,254.0,-313.0,1
2018-19,924,TampaBay,Pittsburgh,27,30,2.0,55.5,50.0,1.0,-120.0,100.0,2
2018-19,927,LARams,Minnesota,38,31,47.0,49.0,7.0,7.0,-330.0,260.0,0
2018-19,930,NewEngland,Miami,38,7,48.0,50.5,7.0,6.5,-310.0,250.0,0
2018-19,930,Indianapolis,Houston,34,37,47.0,1.0,2.5,48.5,100.0,-120.0,1
2018-19,930,Atlanta,Cincinnati,36,37,48.0,52.5,5.5,3.5,-190.0,160.0,0
2018-19,930,GreenBay,Buffalo,22,0,44.0,44.0,11.0,9.0,-380.0,290.0,0
2018-19,930,Dallas,Detroit,26,24,44.0,44.0,3.5,2.5,-140.0,120.0,0
2018-19,930,Jacksonville,NYJets,31,12,38.0,40.5,9.0,7.0,-360.0,280.0,0
2018-19,930,Chicago,TampaBay,48,10,47.0,45.5,3.0,2.5,-145.0,125.0,0
2018-19,930,Tennessee,Philadelphia,26,23,3.0,3.0,42.0,41.0,130.0,-150.0,1
2018-19,930,Arizona,Seattle,17,20,4.0,3.5,37.0,40.0,160.0,-190.0,1
2018-19,930,Oakland,Cleveland,45,42,44.5,44.0,0.0,2.5,-140.0,120.0,0
2018-19,930,LAChargers,SanFrancisco,29,27,47.0,46.5,9.5,10.0,-500.0,375.0,0
2018-19,930,NYGiants,NewOrleans,18,33,4.0,3.0,49.0,52.0,150.0,-180.0,1
2018-19,930,Pittsburgh,Baltimore,14,26,51.0,52.0,3.0,3.0,-165.0,142.0,0
2018-19,1001,Denver,KansasCity,23,27,5.0,3.5,55.0,53.5,155.0,-185.0,1
2018-19,1004,NewEngland,Indianapolis,38,24,53.0,49.5,10.0,11.0,-700.0,500.0,0
2018-19,1007,Cleveland,Baltimore,12,9,3.0,3.0,47.0,45.0,155.0,-185.0,1
2018-19,1007,KansasCity,Jacksonville,30,14,49.5,48.0,3.0,3.0,-155.0,135.0,0
2018-19,1007,Buffalo,Tennessee,13,12,4.0,6.5,39.5,38.0,240.0,-300.0,1
2018-19,1007,Carolina,NYGiants,33,31,44.0,43.5,6.5,6.5,-300.0,240.0,0
2018-19,1007,NYJets,Denver,34,16,43.0,42.5,2.0,0.0,-110.0,-110.0,0
2018-19,1007,Pittsburgh,Atlanta,41,17,56.0,57.5,3.0,3.5,-185.0,155.0,0
2018-19,1007,Detroit,GreenBay,31,23,1.0,50.0,51.0,1.5,-130.0,110.0,2
2018-19,1007,Cincinnati,Miami,27,17,50.0,48.0,6.0,6.0,-260.0,210.0,0
2018-19,1007,LAChargers,Oakland,26,10,51.0,52.0,7.5,5.5,-240.0,190.0,0
2018-19,1007,SanFrancisco,Arizona,18,28,41.0,40.5,5.5,3.0,-165.0,142.0,0
2018-19,1007,Philadelphia,Minnesota,21,23,44.5,48.5,3.0,3.5,-190.0,160.0,0
2018-19,1007,Seattle,LARams,31,33,7.0,7.5,48.0,50.5,280.0,-360.0,1
2018-19,1007,Houston,Dallas,19,16,45.5,45.5,3.0,3.5,-185.0,155.0,0
2018-19,1008,NewOrleans,Washington,43,19,51.0,52.5,6.5,6.0,-265.0,215.0,0
2018-19,1011,NYGiants,Philadelphia,13,34,2.5,2.0,45.0,45.0,117.0,-137.0,1
2018-19,1014,Minnesota,Arizona,27,17,43.0,43.5,10.5,9.5,-500.0,375.0,0
2018-19,1014,Cleveland,LAChargers,14,38,2.0,47.0,46.5,0.0,-110.0,-110.0,2
2018-19,1014,Miami,Chicago,31,28,2.0,7.0,43.5,40.5,275.0,-350.0,1
2018-19,1014,Washington,Carolina,23,17,1.0,1.5,45.5,44.5,105.0,-125.0,1
2018-19,1014,NYJets,Indianapolis,42,34,46.0,48.0,3.5,2.5,-145.0,125.0,0
2018-19,1014,Cincinnati,Pittsburgh,21,28,54.5,50.0,2.5,1.0,-120.0,100.0,0
2018-19,1014,Atlanta,TampaBay,34,29,57.0,57.5,3.5,3.0,-160.0,140.0,0
2018-19,1014,Oakland,Seattle,3,27,3.0,3.0,47.0,48.0,140.0,-160.0,1
2018-19,1014,Houston,Buffalo,20,13,41.0,40.0,9.5,10.0,-500.0,375.0,0
2018-19,1014,Denver,LARams,20,23,7.0,7.0,53.0,50.5,260.0,-330.0,1
2018-19,1014,Dallas,Jacksonville,40,7,1.5,3.0,41.5,39.5,145.0,-170.0,1
2018-19,1014,Tennessee,Baltimore,0,21,0.0,2.5,42.5,43.0,120.0,-140.0,1
2018-19,1014,NewEngland,KansasCity,43,40,58.0,59.5,3.0,4.0,-200.0,170.0,0
2018-19,1015,GreenBay,SanFrancisco,33,30,46.5,46.5,9.0,9.0,-490.0,377.0,0
2018-19,1018,Arizona,Denver,10,45,2.5,1.0,40.5,42.5,-105.0,-115.0,1
2018-19,1021,LAChargers,Tennessee,20,19,45.5,46.0,6.5,6.5,-300.0,240.0,0
2018-19,1021,Chicago,NewEngland,31,38,2.5,2.0,50.0,49.5,110.0,-130.0,1
2018-19,1021,TampaBay,Cleveland,26,23,49.5,52.5,3.0,3.5,-190.0,160.0,0
2018-19,1021,Miami,Detroit,21,32,2.5,3.0,47.0,47.0,160.0,-190.0,1
2018-19,1021,Philadelphia,Carolina,17,21,45.0,45.0,4.5,5.0,-250.0,200.0,0
2018-19,1021,Indianapolis,Buffalo,37,5,44.0,43.5,9.5,7.0,-310.0,250.0,0
2018-19,1021,KansasCity,Cincinnati,45,10,58.5,56.5,5.0,6.5,-300.0,240.0,0
2018-19,1021,NYJets,Minnesota,17,37,3.0,3.5,47.0,45.0,160.0,-190.0,1
2018-19,1021,Jacksonville,Houston,7,20,44.0,42.5,3.5,3.5,-190.0,160.0,0
2018-19,1021,Baltimore,NewOrleans,23,24,51.0,49.0,2.5,2.5,-145.0,125.0,0
2018-19,1021,Washington,Dallas,20,17,42.0,2.0,1.5,40.5,110.0,-130.0,1
2018-19,1021,SanFrancisco,LARams,10,39,10.0,9.0,52.0,52.0,350.0,-450.0,1
2018-19,1022,Atlanta,NYGiants,23,20,54.0,52.0,3.5,4.0,-240.0,199.0,0
2018-19,1025,Houston,Miami,42,23,45.5,45.0,7.0,7.5,-380.0,290.0,0
2018-19,1028,Jacksonville,Philadelphia,18,24,2.0,4.0,41.0,44.5,180.0,-220.0,1
2018-19,1028,Pittsburgh,Cleveland,33,18,50.5,47.5,7.5,8.0,-440.0,340.0,0
2018-19,1028,KansasCity,Denver,30,23,55.5,53.0,9.5,8.0,-430.0,330.0,0
2018-19,1028,Chicago,NYJets,24,10,46.0,42.0,7.0,8.0,-400.0,300.0,0
2018-19,1028,NYGiants,Washington,13,20,1.0,1.0,42.0,43.5,100.0,-120.0,1
2018-19,1028,Detroit,Seattle,14,28,49.0,48.0,3.0,3.0,-170.0,145.0,0
2018-19,1028,Cincinnati,TampaBay,37,34,53.5,54.5,4.5,3.5,-190.0,160.0,0
2018-19,1028,Carolina,Baltimore,36,21,43.5,3.0,1.0,44.0,130.0,-150.0,1
2018-19,1028,Oakland,Indianapolis,28,42,1.5,3.5,51.0,51.0,170.0,-200.0,1
2018-19,1028,Arizona,SanFrancisco,18,15,43.5,3.0,0.0,40.0,130.0,-150.0,1
2018-19,1028,LARams,GreenBay,29,27,56.0,57.0,10.0,7.5,-380.0,290.0,0
2018-19,1028,Minnesota,NewOrleans,20,30,53.0,2.5,1.5,54.0,120.0,-140.0,1
2018-19,1029,Buffalo,NewEngland,6,25,13.5,14.0,44.5,44.0,750.0,-1200.0,1
2018-19,1101,SanFrancisco,Oakland,34,3,46.0,1.5,2.5,44.0,110.0,-130.0,1
2018-19,1104,Minnesota,Detroit,24,9,48.5,47.0,5.5,5.0,-240.0,190.0,0
2018-19,1104,Cleveland,KansasCity,21,37,9.0,8.5,52.5,51.5,330.0,-430.0,1
2018-19,1104,Baltimore,Pittsburgh,16,23,47.0,47.0,2.5,1.5,-130.0,110.0,0
2018-19,1104,Carolina,TampaBay,42,28,55.0,56.0,6.5,6.0,-280.0,230.0,0
2018-19,1104,Miami,NYJets,13,6,43.5,43.0,2.5,3.0,-155.0,135.0,0
2018-19,1104,Washington,Atlanta,14,38,48.0,47.0,1.5,1.5,-125.0,105.0,0
2018-19,1104,Buffalo,Chicago,9,41,10.0,10.0,37.0,38.0,400.0,-550.0,1
2018-19,1104,Denver,Houston,17,19,45.5,46.5,1.0,1.0,-120.0,100.0,0
2018-19,1104,Seattle,LAChargers,17,25,0.0,49.0,47.0,1.0,-120.0,100.0,2
2018-19,1104,NewOrleans,LARams,45,35,2.5,2.0,58.5,57.5,115.0,-135.0,1
2018-19,1104,NewEngland,GreenBay,31,17,56.0,57.0,5.0,5.0,-210.0,175.0,0
2018-19,1105,Dallas,Tennessee,14,28,40.5,40.0,5.5,4.5,-240.0,190.0,0
2018-19,1108,Pittsburgh,Carolina,52,21,50.0,51.0,5.0,3.5,-200.0,170.0,0
2018-19,1111,NYJets,Buffalo,10,41,37.0,37.5,8.5,7.0,-310.0,250.0,0
2018-19,1111,Cleveland,Atlanta,28,16,3.5,5.5,51.0,49.5,200.0,-250.0,1
2018-19,1111,Cincinnati,NewOrleans,14,51,4.5,6.0,55.5,53.5,225.0,-275.0,1
2018-19,1111,TampaBay,Washington,3,16,51.5,51.0,0.0,3.5,-190.0,160.0,0
2018-19,1111,Tennessee,NewEngland,34,10,7.0,6.5,46.5,46.5,240.0,-300.0,1
2018-19,1111,GreenBay,Miami,31,12,47.5,49.0,9.0,13.0,-800.0,550.0,0
2018-19,1111,Indianapolis,Jacksonville,29,26,47.5,48.0,3.0,3.0,-160.0,140.0,0
2018-19,1111,Chicago,Detroit,34,22,47.0,45.0,6.5,7.0,-350.0,275.0,0
2018-19,1111,KansasCity,Arizona,26,14,50.0,49.5,17.0,15.5,-2000.0,1000.0,0
2018-19,1111,Oakland,LAChargers,6,20,10.0,10.0,50.0,50.5,425.0,-600.0,1
2018-19,1111,LARams,Seattle,36,31,51.5,51.0,9.5,9.5,-550.0,400.0,0
2018-19,1111,Philadelphia,Dallas,20,27,43.0,45.5,6.5,7.5,-400.0,300.0,0
2018-19,1112,SanFrancisco,NYGiants,23,27,44.0,45.0,3.0,3.0,-170.0,145.0,0
2018-19,1115,Seattle,GreenBay,27,24,49.5,49.0,2.5,3.0,-160.0,140.0,0
2018-19,1118,Detroit,Carolina,20,19,3.5,4.0,50.5,48.5,180.0,-220.0,1
2018-19,1118,Atlanta,Dallas,19,22,47.5,50.0,3.0,3.5,-200.0,170.0,0
2018-19,1118,Baltimore,Cincinnati,24,21,43.5,43.5,4.5,6.5,-300.0,240.0,0
2018-19,1118,Chicago,Minnesota,25,20,45.5,43.5,3.0,2.5,-140.0,120.0,0
2018-19,1118,NewOrleans,Philadelphia,48,7,54.5,57.5,9.0,7.0,-330.0,260.0,0
2018-19,1118,Indianapolis,Tennessee,38,10,48.0,50.0,3.0,1.5,-125.0,105.0,0
2018-19,1118,Washington,Houston,21,23,2.0,3.0,43.0,40.5,145.0,-170.0,1
2018-19,1118,NYGiants,TampaBay,38,35,52.0,54.0,2.0,3.0,-170.0,145.0,0
2018-19,1118,LAChargers,Denver,22,23,47.0,47.0,7.0,7.0,-350.0,275.0,0
2018-19,1118,Arizona,Oakland,21,23,41.0,41.0,3.0,4.5,-220.0,180.0,0
2018-19,1118,Jacksonville,Pittsburgh,16,20,6.0,4.0,47.5,47.0,175.0,-210.0,1
2018-19,1119,LARams,KansasCity,54,51,63.5,64.0,3.0,3.0,-180.0,150.0,0
2018-19,1122,Detroit,Chicago,16,23,4.0,3.0,46.5,43.0,145.0,-170.0,1
2018-19,1122,Dallas,Washington,31,23,41.0,40.0,9.0,7.0,-360.0,280.0,0
2018-19,1122,NewOrleans,Atlanta,31,17,59.0,61.5,12.0,12.5,-700.0,500.0,0
2018-19,1125,Buffalo,Jacksonville,24,21,4.0,3.0,38.0,36.5,145.0,-170.0,1
2018-19,1125,Baltimore,Oakland,34,17,43.5,42.0,11.0,13.0,-850.0,575.0,0
2018-19,1125,TampaBay,SanFrancisco,27,9,54.0,55.0,3.5,2.0,-125.0,105.0,0
2018-19,1125,Philadelphia,NYGiants,25,22,46.5,50.0,4.5,5.0,-240.0,190.0,0
2018-19,1125,Cincinnati,Cleveland,20,35,48.0,47.0,3.0,0.0,-110.0,-110.0,0
2018-19,1125,NYJets,NewEngland,13,27,9.0,12.5,47.0,46.5,550.0,-800.0,1
2018-19,1125,Carolina,Seattle,27,30,47.0,47.0,3.0,3.0,-160.0,140.0,0
2018-19,1125,Indianapolis,Miami,27,24,51.0,52.5,10.0,8.0,-440.0,340.0,0
2018-19,1125,LAChargers,Arizona,45,10,44.0,43.5,11.0,14.0,-1100.0,700.0,0
2018-19,1125,Denver,Pittsburgh,24,17,3.5,3.0,47.5,47.5,145.0,-170.0,1
2018-19,1125,Minnesota,GreenBay,24,17,48.5,48.5,3.5,3.5,-200.0,170.0,0
2018-19,1126,Houston,Tennessee,34,17,43.0,42.5,5.5,3.5,-200.0,170.0,0
2018-19,1129,Dallas,NewOrleans,13,10,7.5,7.5,54.5,51.5,300.0,-400.0,1
2018-19,1202,Jacksonville,Indianapolis,6,0,3.0,4.5,48.0,45.5,190.0,-240.0,1
2018-19,1202,Pittsburgh,LAChargers,30,33,52.5,53.5,3.5,3.0,-190.0,160.0,0
2018-19,1202,TampaBay,Carolina,24,17,3.0,3.5,56.0,52.0,160.0,-190.0,1
2018-19,1202,Atlanta,Baltimore,16,26,2.0,46.5,48.0,2.5,-155.0,135.0,2
2018-19,1202,Houston,Cleveland,29,13,48.0,48.0,6.5,5.0,-250.0,200.0,0
2018-19,1202,Miami,Buffalo,21,17,6.0,40.0,42.0,3.5,-190.0,160.0,2
2018-19,1202,NYGiants,Chicago,30,27,3.5,3.5,45.0,43.5,160.0,-190.0,1
2018-19,1202,Cincinnati,Denver,10,24,4.5,3.5,43.5,45.0,170.0,-200.0,1
2018-19,1202,Detroit,LARams,16,30,10.0,10.0,55.0,54.0,400.0,-550.0,1
2018-19,1202,GreenBay,Arizona,17,20,46.0,41.0,14.0,13.5,-900.0,600.0,0
2018-19,1202,Oakland,KansasCity,33,40,15.0,14.0,56.0,53.5,700.0,-1100.0,1
2018-19,1202,Tennessee,NYJets,26,22,40.0,40.5,10.0,9.5,-550.0,400.0,0
2018-19,1202,NewEngland,Minnesota,24,10,48.0,50.5,6.0,6.0,-270.0,220.0,0
2018-19,1202,Seattle,SanFrancisco,43,16,46.5,45.5,10.0,9.5,-600.0,425.0,0
2018-19,1203,Philadelphia,Washington,28,13,44.0,45.0,7.0,6.0,-270.0,220.0,0
2018-19,1206,Tennessee,Jacksonville,30,9,38.0,37.0,4.0,5.5,-250.0,200.0,0
2018-19,1209,KansasCity,Baltimore,27,24,49.0,49.0,7.5,7.0,-310.0,250.0,0
2018-19,1209,Houston,Indianapolis,21,24,49.0,49.0,5.5,4.0,-220.0,180.0,0
2018-19,1209,Cleveland,Carolina,26,20,1.0,1.0,46.5,48.0,100.0,-120.0,1
2018-19,1209,GreenBay,Atlanta,34,20,48.0,50.5,4.0,4.0,-190.0,160.0,0
2018-19,1209,TampaBay,NewOrleans,14,28,8.0,9.5,57.5,55.0,350.0,-450.0,1
2018-19,1209,Buffalo,NYJets,23,27,9.0,37.0,38.0,4.0,-220.0,180.0,2
2018-19,1209,Miami,NewEngland,34,33,9.0,9.0,48.0,49.5,350.0,-450.0,1
2018-19,1209,Chicago,LARams,15,6,3.0,3.0,54.0,50.5,135.0,-155.0,1
2018-19,1209,Washington,NYGiants,16,40,41.0,3.0,0.0,39.5,142.0,-165.0,1
2018-19,1209,SanFrancisco,Denver,20,14,4.5,3.0,44.0,45.0,140.0,-160.0,1
2018-19,1209,LAChargers,Cincinnati,26,21,48.0,48.5,14.5,16.5,-1600.0,900.0,0
2018-19,1209,Arizona,Detroit,3,17,1.5,2.5,41.5,40.5,125.0,-145.0,1
2018-19,1209,Dallas,Philadelphia,29,23,43.5,45.5,4.0,3.0,-180.0,150.0,0
2018-19,1209,Oakland,Pittsburgh,24,21,0.0,10.0,52.0,51.0,425.0,-600.0,1
2018-19,1210,Seattle,Minnesota,21,7,46.0,45.5,3.5,3.0,-165.0,142.0,0
2018-19,1213,KansasCity,LAChargers,28,29,56.5,54.5,3.0,3.5,-200.0,170.0,0
2018-19,1215,NYJets,Houston,22,29,7.0,7.0,42.5,44.5,275.0,-350.0,1
2018-19,1215,Denver,Cleveland,16,17,44.5,47.5,3.0,1.5,-125.0,105.0,0
2018-19,1216,Minnesota,Miami,41,17,43.0,45.5,7.0,8.0,-420.0,320.0,0
2018-19,1216,Cincinnati,Oakland,30,16,46.5,46.0,3.5,3.0,-170.0,145.0,0
2018-19,1216,Baltimore,TampaBay,20,12,47.5,44.5,8.0,9.0,-430.0,330.0,0
2018-19,1216,Indianapolis,Dallas,23,0,47.0,47.0,2.5,3.0,-185.0,155.0,0
2018-19,1216,Buffalo,Detroit,14,13,38.0,39.5,0.0,2.5,-150.0,130.0,0
2018-19,1216,Chicago,GreenBay,24,17,46.5,46.0,6.5,5.5,-250.0,200.0,0
2018-19,1216,NYGiants,Tennessee,0,17,44.0,2.5,2.0,42.0,125.0,-145.0,1
2018-19,1216,Jacksonville,Washington,13,16,36.0,36.5,6.5,7.5,-380.0,290.0,0
2018-19,1216,Atlanta,Arizona,40,14,44.0,43.5,9.0,9.0,-450.0,350.0,0
2018-19,1216,SanFrancisco,Seattle,26,23,6.5,4.0,44.5,44.0,180.0,-220.0,1
2018-19,1216,Pittsburgh,NewEngland,17,10,1.0,2.5,52.5,55.0,120.0,-140.0,1
2018-19,1216,LARams,Philadelphia,23,30,54.5,53.0,9.5,13.5,-900.0,600.0,0
2018-19,1217,Carolina,NewOrleans,9,12,6.5,6.0,54.0,50.0,220.0,-270.0,1
2018-19,1222,Tennessee,Washington,25,16,37.0,38.0,10.5,12.0,-700.0,500.0,0
2018-19,1222,LAChargers,Baltimore,10,22,45.0,43.0,4.5,4.0,-210.0,175.0,0
2018-19,1223,Dallas,TampaBay,27,20,46.0,48.0,7.0,7.0,-350.0,275.0,0
2018-19,1223,NewEngland,Buffalo,24,12,45.5,45.5,13.0,14.0,-1100.0,700.0,0
2018-19,1223,Carolina,Atlanta,10,24,47.5,2.5,3.0,46.5,125.0,-145.0,1
2018-19,1223,Miami,Jacksonville,7,17,39.5,39.0,5.0,3.0,-180.0,150.0,0
2018-19,1223,Indianapolis,NYGiants,28,27,47.0,48.0,9.0,9.5,-550.0,400.0,0
2018-19,1223,Philadelphia,Houston,32,30,1.5,47.0,45.0,2.5,-135.0,115.0,2
2018-19,1223,Detroit,Minnesota,9,27,5.0,6.5,43.0,41.5,250.0,-310.0,1
2018-19,1223,NYJets,GreenBay,38,44,3.5,3.0,46.0,47.0,140.0,-160.0,1
2018-19,1223,Cleveland,Cincinnati,26,18,46.0,43.5,7.0,9.5,-430.0,330.0,0
2018-19,1223,Arizona,LARams,9,31,14.0,14.0,47.5,44.0,600.0,-900.0,1
2018-19,1223,SanFrancisco,Chicago,9,14,5.0,3.5,44.0,43.5,170.0,-200.0,1
2018-19,1223,NewOrleans,Pittsburgh,31,28,52.0,54.0,5.5,6.5,-300.0,240.0,0
2018-19,1223,Seattle,KansasCity,38,31,2.5,1.0,54.0,54.5,100.0,-120.0,1
2018-19,1224,Oakland,Denver,27,14,3.0,2.5,45.0,42.5,120.0,-140.0,1
2018-19,1230,NYGiants,Dallas,35,36,43.5,38.0,3.0,7.5,-360.0,280.0,0
2018-19,1230,KansasCity,Oakland,35,3,55.5,53.5,14.0,14.0,-1100.0,700.0,0
2018-19,1230,NewOrleans,Carolina,14,33,44.5,41.5,9.0,8.0,-400.0,300.0,0
2018-19,1230,NewEngland,NYJets,38,3,48.0,47.0,13.0,14.0,-1100.0,700.0,0
2018-19,1230,Washington,Philadelphia,0,24,7.0,6.0,42.0,42.5,215.0,-265.0,1
2018-19,1230,GreenBay,Detroit,0,31,44.5,44.5,8.0,7.5,-400.0,300.0,0
2018-19,1230,Houston,Jacksonville,20,3,40.5,39.5,9.0,7.0,-400.0,300.0,0
2018-19,1230,Baltimore,Cleveland,26,24,41.5,40.5,6.0,7.0,-330.0,260.0,0
2018-19,1230,TampaBay,Atlanta,32,34,2.0,2.5,49.5,52.0,130.0,-150.0,1
2018-19,1230,Buffalo,Miami,42,17,38.0,39.5,3.0,5.5,-275.0,225.0,0
2018-19,1230,Tennessee,Indianapolis,17,33,2.5,5.0,44.0,42.5,190.0,-240.0,1
2018-19,1230,Pittsburgh,Cincinnati,16,13,48.0,45.5,14.5,13.5,-700.0,500.0,0
2018-19,1230,Minnesota,Chicago,10,24,41.5,40.0,4.0,6.0,-260.0,210.0,0
2018-19,1230,Denver,LAChargers,9,23,4.0,6.5,41.5,43.0,250.0,-310.0,1
2018-19,1230,Seattle,Arizona,27,24,40.0,40.0,13.5,14.5,-1100.0,700.0,0
2018-19,1230,LARams,SanFrancisco,48,32,50.5,50.5,10.5,10.5,-500.0,375.0,0
2018-19,105,Houston,Indianapolis,7,21,47.0,49.0,2.0,1.5,-125.0,105.0,0
2018-19,105,Dallas,Seattle,24,22,41.5,43.5,1.0,2.5,-155.0,135.0,0
2018-19,106,Baltimore,LAChargers,17,23,41.5,42.0,3.0,3.0,-150.0,130.0,0
2018-19,106,Chicago,Philadelphia,15,16,41.0,42.5,4.5,6.5,-300.0,240.0,0
2018-19,112,KansasCity,Indianapolis,31,13,55.5,55.5,4.0,4.5,-210.0,175.0,0
2018-19,112,LARams,Dallas,30,22,50.0,48.5,6.5,7.5,-350.0,275.0,0
2018-19,113,NewEngland,LAChargers,41,28,47.5,47.5,5.0,3.5,-185.0,165.0,0
2018-19,113,NewOrleans,Philadelphia,20,14,51.5,52.5,7.5,9.0,-450.0,350.0,0
2018-19,120,NewOrleans,LARams,23,26,56.5,55.0,3.5,3.0,-165.0,145.0,0
2018-19,120,KansasCity,NewEngland,31,37,58.5,56.0,3.0,3.5,-185.0,165.0,0
2019-20,905,Chicago,GreenBay,3,10,46.0,46.5,3.5,3.0,-160.0,140.0,0
2019-20,908,Minnesota,Atlanta,28,12,47.5,46.5,4.5,3.5,-190.0,160.0,0
2019-20,908,Philadelphia,Washington,32,27,46.5,44.0,8.0,10.0,-600.0,425.0,0
2019-20,908,NYJets,Buffalo,16,17,38.5,41.0,3.5,2.5,-140.0,120.0,0
2019-20,908,Miami,Baltimore,10,59,3.5,7.0,36.5,40.5,280.0,-360.0,1
2019-20,908,TampaBay,SanFrancisco,17,31,48.5,51.0,1.0,1.0,-120.0,100.0,0
2019-20,908,Jacksonville,KansasCity,26,40,5.0,3.5,52.5,49.0,160.0,-190.0,1
2019-20,908,Cleveland,Tennessee,13,43,45.0,44.0,5.0,5.5,-265.0,215.0,0
2019-20,908,Carolina,LARams,27,30,3.0,1.5,50.5,49.0,105.0,-125.0,1
2019-20,908,Arizona,Detroit,27,27,48.5,3.0,0.0,46.0,130.0,-150.0,1
2019-20,908,Seattle,Cincinnati,21,20,43.5,44.5,7.5,9.0,-500.0,375.0,0
2019-20,908,LAChargers,Indianapolis,30,24,48.0,44.5,3.5,6.0,-300.0,240.0,0
2019-20,908,Dallas,NYGiants,35,17,46.0,44.5,7.0,7.0,-340.0,270.0,0
2019-20,908,NewEngland,Pittsburgh,33,3,51.5,49.0,6.0,5.5,-265.0,215.0,0
2019-20,909,NewOrleans,Houston,30,28,54.0,52.0,7.5,6.5,-330.0,260.0,0
2019-20,909,Oakland,Denver,24,16,43.0,3.0,3.0,42.5,135.0,-155.0,1
2019-20,912,Carolina,TampaBay,14,20,51.0,48.0,6.0,6.5,-290.0,235.0,0
2019-20,915,Tennessee,Indianapolis,17,19,44.0,43.5,3.0,3.0,-180.0,150.0,0
2019-20,915,Detroit,LAChargers,13,10,3.0,46.5,47.0,0.0,-110.0,-110.0,2
2019-20,915,NYGiants,Buffalo,14,28,43.0,1.0,0.0,44.5,100.0,-120.0,1
2019-20,915,Baltimore,Arizona,23,17,41.5,46.0,12.0,13.0,-800.0,550.0,0
2019-20,915,Miami,NewEngland,0,43,15.0,18.5,47.0,48.5,1100.0,-2500.0,1
2019-20,915,Washington,Dallas,21,31,4.5,6.0,44.0,46.5,215.0,-265.0,1
2019-20,915,Houston,Jacksonville,13,12,45.0,43.0,8.0,7.0,-360.0,280.0,0
2019-20,915,Pittsburgh,Seattle,26,28,46.5,47.0,3.5,4.0,-220.0,180.0,0
2019-20,915,Cincinnati,SanFrancisco,17,41,1.0,46.5,45.0,0.0,-110.0,-110.0,2
2019-20,915,GreenBay,Minnesota,21,16,46.0,43.5,3.0,3.0,-160.0,140.0,0
2019-20,915,Oakland,KansasCity,10,28,8.0,7.0,52.0,53.0,250.0,-310.0,1
2019-20,915,LARams,NewOrleans,27,9,54.0,52.5,3.0,1.5,-125.0,105.0,0
2019-20,915,Denver,Chicago,14,16,2.0,3.0,41.0,40.5,130.0,-150.0,1
2019-20,915,Atlanta,Philadelphia,24,20,51.0,1.0,0.0,53.0,100.0,-120.0,1
2019-20,916,NYJets,Cleveland,3,23,2.5,6.5,45.5,45.0,260.0,-330.0,1
2019-20,919,Jacksonville,Tennessee,20,7,2.5,1.5,41.0,38.0,105.0,-125.0,1
2019-20,922,GreenBay,Denver,27,16,43.5,41.0,7.0,7.0,-380.0,290.0,0
2019-20,922,Philadelphia,Detroit,24,27,49.5,44.5,7.0,4.0,-220.0,180.0,0
2019-20,922,KansasCity,Baltimore,33,28,51.5,52.0,5.0,4.5,-230.0,185.0,0
2019-20,922,Buffalo,Cincinnati,21,17,40.5,43.0,4.0,6.0,-260.0,210.0,0
2019-20,922,Indianapolis,Atlanta,27,24,48.0,48.0,2.5,1.5,-125.0,105.0,0
2019-20,922,Minnesota,Oakland,34,14,43.0,43.5,7.0,9.0,-450.0,350.0,0
2019-20,922,NewEngland,NYJets,30,14,45.5,43.0,21.5,21.0,-4000.0,1400.0,4
2019-20,922,Dallas,Miami,31,6,47.0,46.5,17.0,22.5,-5000.0,1500.0,4
2019-20,922,TampaBay,NYGiants,31,32,49.0,48.0,5.0,5.5,-250.0,200.0,0
2019-20,922,Arizona,Carolina,20,38,3.5,45.5,43.5,2.0,-135.0,115.0,2
2019-20,922,Seattle,NewOrleans,27,33,1.0,44.0,50.0,5.0,-250.0,200.0,2
2019-20,922,LAChargers,Houston,20,27,49.0,49.5,3.5,3.0,-170.0,145.0,0
2019-20,922,SanFrancisco,Pittsburgh,24,20,46.5,44.5,0.0,6.0,-300.0,240.0,0
2019-20,922,Cleveland,LARams,13,20,2.5,4.5,51.0,48.0,180.0,-220.0,1
2019-20,923,Washington,Chicago,15,31,4.0,4.5,42.5,41.0,190.0,-240.0,1
2019-20,926,GreenBay,Philadelphia,27,34,48.0,46.5,3.0,3.5,-200.0,170.0,0
2019-20,929,Houston,Carolina,10,16,47.0,47.5,4.0,5.5,-255.0,205.0,0
2019-20,929,Baltimore,Cleveland,25,40,46.5,47.5,5.0,7.0,-400.0,300.0,0
2019-20,929,NYGiants,Washington,24,3,46.0,48.0,1.5,3.0,-170.0,145.0,0
2019-20,929,Miami,LAChargers,10,30,16.5,14.5,45.0,44.0,600.0,-900.0,1
2019-20,929,Indianapolis,Oakland,24,31,44.0,46.5,6.5,5.5,-260.0,210.0,0
2019-20,929,Detroit,KansasCity,30,34,6.0,7.5,53.0,54.5,300.0,-400.0,1
2019-20,929,Buffalo,NewEngland,10,16,6.5,7.0,44.0,41.5,280.0,-360.0,1
2019-20,929,Atlanta,Tennessee,10,24,46.5,46.0,4.5,3.0,-180.0,150.0,0
2019-20,929,LARams,TampaBay,40,55,50.0,48.5,9.5,9.0,-500.0,375.0,0
2019-20,929,Arizona,Seattle,10,27,3.5,5.5,46.0,49.0,210.0,-260.0,1
2019-20,929,Chicago,Minnesota,16,6,39.0,38.5,3.0,0.0,-110.0,-110.0,0
2019-20,929,Denver,Jacksonville,24,26,38.0,37.0,3.0,2.5,-145.0,125.0,0
2019-20,929,NewOrleans,Dallas,12,10,3.0,2.5,45.0,47.0,130.0,-150.0,1
2019-20,930,Pittsburgh,Cincinnati,27,3,43.5,44.5,4.5,3.5,-180.0,150.0,0
2019-20,1003,Seattle,LARams,30,29,2.0,48.0,48.0,1.5,-130.0,110.0,2
2019-20,1006,Pittsburgh,Baltimore,23,26,3.5,3.0,42.5,44.0,155.0,-175.0,1
2019-20,1006,Oakland,Chicago,24,21,7.0,7.0,41.0,40.0,260.0,-330.0,1
2019-20,1006,Cincinnati,Arizona,23,26,48.5,46.5,4.0,3.0,-155.0,135.0,0
2019-20,1006,Carolina,Jacksonville,34,27,42.0,40.5,4.0,3.0,-185.0,155.0,0
2019-20,1006,NYGiants,Minnesota,10,28,6.0,6.0,46.0,43.5,210.0,-250.0,1
2019-20,1006,Washington,NewEngland,7,33,13.0,16.5,47.5,42.0,800.0,-1400.0,1
2019-20,1006,Philadelphia,NYJets,31,6,44.5,43.0,14.0,14.0,-900.0,600.0,0
2019-20,1006,NewOrleans,TampaBay,31,24,47.0,46.5,5.5,3.0,-155.0,135.0,0
2019-20,1006,Houston,Atlanta,53,32,49.5,49.5,3.5,4.0,-220.0,180.0,0
2019-20,1006,Tennessee,Buffalo,7,14,38.0,38.5,2.5,3.5,-190.0,160.0,0
2019-20,1006,LAChargers,Denver,13,20,44.0,45.5,6.5,4.5,-245.0,195.0,0
2019-20,1006,Dallas,GreenBay,24,34,48.0,46.5,4.0,3.0,-185.0,155.0,0
2019-20,1006,KansasCity,Indianapolis,13,19,54.0,55.5,9.0,10.5,-650.0,450.0,0
2019-20,1007,SanFrancisco,Cleveland,31,3,47.0,48.0,5.0,5.0,-240.0,190.0,0
2019-20,1010,NewEngland,NYGiants,35,14,46.5,43.0,15.0,17.0,-1500.0,850.0,0
2019-20,1013,Baltimore,Cincinnati,23,17,48.0,47.0,10.5,10.5,-550.0,400.0,0
2019-20,1013,Cleveland,Seattle,28,32,46.0,45.5,2.5,1.0,-120.0,100.0,0
2019-20,1013,KansasCity,Houston,24,31,54.0,54.5,7.5,3.5,-190.0,160.0,0
2019-20,1013,Jacksonville,NewOrleans,6,13,43.5,42.0,2.5,2.5,-150.0,130.0,0
2019-20,1013,Minnesota,Philadelphia,38,20,44.0,45.0,3.0,3.5,-185.0,155.0,0
2019-20,1013,Miami,Washington,16,17,5.0,6.0,41.0,42.5,210.0,-260.0,1
2019-20,1013,LARams,SanFrancisco,7,20,48.5,50.0,4.0,3.0,-170.0,145.0,0
2019-20,1013,Arizona,Atlanta,34,33,3.0,3.0,47.0,52.5,140.0,-160.0,1
2019-20,1013,NYJets,Dallas,24,22,9.5,7.0,44.0,43.5,270.0,-340.0,1
2019-20,1013,Denver,Tennessee,16,0,2.0,40.5,40.0,1.0,-115.0,-105.0,2
2019-20,1013,LAChargers,Pittsburgh,17,24,43.5,42.5,5.0,6.0,-300.0,240.0,0
2019-20,1014,GreenBay,Detroit,23,22,46.5,46.5,6.5,3.5,-200.0,170.0,0
2019-20,1017,Denver,KansasCity,6,30,5.5,3.0,50.5,49.5,130.0,-150.0,1
2019-20,1020,NYGiants,Arizona,21,27,50.0,50.0,1.0,3.5,-190.0,160.0,0
2019-20,1020,Indianapolis,Houston,30,23,1.0,46.5,47.5,1.5,-125.0,105.0,2
2019-20,1020,Buffalo,Miami,31,21,41.0,42.0,17.0,17.0,-1400.0,800.0,0
2019-20,1020,Detroit,Minnesota,30,42,44.0,2.5,1.0,43.5,120.0,-140.0,1
2019-20,1020,GreenBay,Oakland,42,24,46.0,47.5,7.5,6.0,-270.0,220.0,0
2019-20,1020,Cincinnati,Jacksonville,17,27,4.5,4.5,47.5,44.0,180.0,-220.0,1
2019-20,1020,Atlanta,LARams,10,37,3.5,3.0,52.5,54.5,145.0,-170.0,1
2019-20,1020,Washington,SanFrancisco,0,9,10.0,10.0,43.0,38.5,375.0,-500.0,1
2019-20,1020,Tennessee,LAChargers,23,20,40.5,42.5,2.5,3.0,-160.0,140.0,0
2019-20,1020,Seattle,Baltimore,16,30,50.5,48.0,3.5,3.0,-150.0,130.0,0
2019-20,1020,Chicago,NewOrleans,25,36,38.5,37.0,4.0,4.0,-220.0,180.0,0
2019-20,1020,Dallas,Philadelphia,37,10,47.5,50.0,3.0,3.0,-160.0,140.0,0
2019-20,1021,NYJets,NewEngland,0,33,10.0,9.5,43.0,43.0,350.0,-450.0,1
2019-20,1024,Minnesota,Washington,19,9,40.0,41.5,14.0,16.5,-1400.0,800.0,0
2019-20,1027,Detroit,NYGiants,31,26,48.5,49.5,7.0,6.0,-280.0,230.0,0
2019-20,1027,Tennessee,TampaBay,27,23,47.0,45.5,3.0,1.5,-125.0,105.0,0
2019-20,1027,Chicago,LAChargers,16,17,40.5,41.0,4.5,3.5,-190.0,160.0,0
2019-20,1027,Atlanta,Seattle,20,27,3.0,7.5,54.0,49.0,300.0,-400.0,1
2019-20,1027,Jacksonville,NYJets,29,15,41.0,40.0,5.5,7.0,-330.0,260.0,0
2019-20,1027,Buffalo,Philadelphia,13,31,41.5,38.5,2.5,1.0,-115.0,-105.0,0
2019-20,1027,LARams,Cincinnati,24,10,47.5,48.0,10.5,11.5,-750.0,525.0,0
2019-20,1027,NewOrleans,Arizona,31,9,49.5,48.5,11.5,12.0,-700.0,500.0,0
2019-20,1027,Houston,Oakland,27,24,48.0,52.5,5.5,5.0,-250.0,200.0,0
2019-20,1027,SanFrancisco,Carolina,51,13,41.5,40.5,6.0,4.0,-220.0,180.0,0
2019-20,1027,Indianapolis,Denver,15,13,43.5,42.0,5.0,6.0,-265.0,215.0,0
2019-20,1027,NewEngland,Cleveland,27,13,46.5,42.5,11.0,10.0,-450.0,350.0,0
2019-20,1027,KansasCity,GreenBay,24,31,3.5,5.0,48.0,48.0,190.0,-240.0,1
2019-20,1028,Pittsburgh,Miami,27,14,42.5,44.0,17.0,14.0,-800.0,550.0,0
2019-20,1031,Arizona,SanFrancisco,25,28,43.0,10.0,0.0,43.5,365.0,-480.0,1
2019-20,1103,Buffalo,Washington,24,9,36.5,37.0,10.0,10.5,-650.0,450.0,0
2019-20,1103,Carolina,Tennessee,30,20,40.0,43.0,4.5,3.5,-190.0,160.0,0
2019-20,1103,Philadelphia,Chicago,22,14,45.0,41.0,3.0,5.0,-250.0,200.0,0
2019-20,1103,KansasCity,Minnesota,26,23,4.0,5.5,45.5,45.5,205.0,-255.0,1
2019-20,1103,Miami,NYJets,26,18,5.5,3.5,41.0,42.5,160.0,-190.0,1
2019-20,1103,Pittsburgh,Indianapolis,26,24,43.5,39.5,0.0,1.5,-125.0,105.0,0
2019-20,1103,Oakland,Detroit,31,24,51.0,51.5,1.0,2.5,-150.0,130.0,0
2019-20,1103,Seattle,TampaBay,40,34,53.5,51.0,5.5,4.0,-220.0,180.0,0
2019-20,1103,Denver,Cleveland,24,19,43.0,4.0,1.0,39.0,175.0,-210.0,1
2019-20,1103,LAChargers,GreenBay,26,11,3.5,4.5,46.0,50.5,180.0,-220.0,1
2019-20,1103,Baltimore,NewEngland,37,20,4.5,3.0,46.5,44.0,140.0,-160.0,1
2019-20,1104,NYGiants,Dallas,18,37,7.0,6.5,47.0,48.5,260.0,-330.0,1
2019-20,1107,Oakland,LAChargers,26,24,47.5,1.5,2.5,49.0,105.0,-125.0,1
2019-20,1110,Tennessee,KansasCity,35,32,6.0,5.5,47.5,49.0,200.0,-250.0,1
2019-20,1110,Cleveland,Buffalo,19,16,42.5,42.0,3.0,3.0,-170.0,145.0,0
2019-20,1110,TampaBay,Arizona,30,27,54.0,51.5,6.0,5.0,-250.0,200.0,0
2019-20,1110,NYJets,NYGiants,34,27,41.0,3.0,0.0,43.0,135.0,-155.0,1
2019-20,1110,NewOrleans,Atlanta,9,26,50.0,51.5,13.0,13.5,-900.0,600.0,0
2019-20,1110,Cincinnati,Baltimore,13,49,10.0,10.5,46.0,44.5,425.0,-600.0,1
2019-20,1110,GreenBay,Carolina,24,16,48.0,49.0,6.0,5.0,-230.0,185.0,0
2019-20,1110,Chicago,Detroit,20,13,44.0,38.0,3.0,6.5,-300.0,240.0,0
2019-20,1110,Indianapolis,Miami,12,16,44.0,44.5,16.0,11.0,-650.0,450.0,0
2019-20,1110,Pittsburgh,LARams,17,12,3.0,4.5,45.5,43.5,180.0,-220.0,1
2019-20,1110,Dallas,Minnesota,24,28,45.5,48.0,2.5,3.0,-185.0,155.0,0
2019-20,1111,SanFrancisco,Seattle,24,27,44.0,47.0,6.5,6.5,-265.0,215.0,0
2019-20,1114,Cleveland,Pittsburgh,21,7,41.5,41.5,2.5,3.0,-160.0,140.0,0
2019-20,1117,Detroit,Dallas,27,35,3.5,7.0,51.5,46.5,300.0,-400.0,1
2019-20,1117,TampaBay,NewOrleans,17,34,6.0,5.0,51.0,50.5,190.0,-240.0,1
2019-20,1117,Carolina,Atlanta,3,29,54.0,49.5,7.0,3.5,-200.0,170.0,0
2019-20,1117,Indianapolis,Jacksonville,33,13,44.0,42.0,3.5,2.5,-140.0,120.0,0
2019-20,1117,Minnesota,Denver,27,23,38.5,40.5,10.5,9.5,-500.0,375.0,0
2019-20,1117,Washington,NYJets,17,34,37.5,37.5,2.0,2.0,-130.0,110.0,0
2019-20,1117,Miami,Buffalo,20,37,7.5,7.0,39.0,41.5,275.0,-350.0,1
2019-20,1117,Baltimore,Houston,41,7,49.0,51.5,4.0,4.5,-240.0,190.0,0
2019-20,1117,SanFrancisco,Arizona,36,26,44.0,44.0,13.5,9.5,-500.0,375.0,0
2019-20,1117,Philadelphia,NewEngland,10,17,3.0,4.5,46.0,45.0,180.0,-220.0,1
2019-20,1117,Oakland,Cincinnati,17,10,48.0,48.5,9.0,13.0,-750.0,525.0,0
2019-20,1117,LARams,Chicago,17,7,42.0,40.0,8.0,5.0,-250.0,200.0,0
2019-20,1118,LAChargers,KansasCity,17,24,4.0,6.0,49.0,52.0,230.0,-280.0,1
2019-20,1121,Houston,Indianapolis,20,17,46.5,46.5,6.0,3.5,-195.0,165.0,0
2019-20,1124,Cleveland,Miami,41,24,45.0,46.0,12.5,10.5,-600.0,425.0,0
2019-20,1124,Buffalo,Denver,20,3,35.0,37.0,5.0,3.5,-200.0,170.0,0
2019-20,1124,Cincinnati,Pittsburgh,10,16,7.0,6.0,40.0,37.0,200.0,-250.0,1
2019-20,1124,Chicago,NYGiants,19,14,41.0,40.5,7.0,6.0,-280.0,230.0,0
2019-20,1124,NYJets,Oakland,34,3,3.5,3.5,47.0,44.5,170.0,-200.0,1
2019-20,1124,NewOrleans,Carolina,34,31,48.0,46.5,7.0,9.5,-550.0,400.0,0
2019-20,1124,Atlanta,TampaBay,22,35,54.5,51.0,2.5,3.0,-180.0,150.0,0
2019-20,1124,Washington,Detroit,19,16,2.0,4.0,42.0,39.5,170.0,-200.0,1
2019-20,1124,Tennessee,Jacksonville,42,20,41.0,42.0,3.0,4.5,-220.0,180.0,0
2019-20,1124,NewEngland,Dallas,13,9,47.0,45.0,7.0,6.0,-270.0,220.0,0
2019-20,1124,SanFrancisco,GreenBay,37,8,44.0,48.0,4.0,3.0,-170.0,145.0,0
2019-20,1124,Philadelphia,Seattle,9,17,49.0,1.0,3.0,46.0,100.0,-120.0,1
2019-20,1125,LARams,Baltimore,6,45,1.0,3.5,49.0,46.5,150.0,-180.0,1
2019-20,1128,Detroit,Chicago,20,24,1.0,5.5,41.0,37.0,220.0,-270.0,1
2019-20,1128,Dallas,Buffalo,15,26,45.0,47.0,8.0,6.5,-320.0,255.0,0
2019-20,1128,Atlanta,NewOrleans,18,26,5.0,7.0,48.0,47.5,295.0,-390.0,1
2019-20,1201,NYGiants,GreenBay,13,31,7.5,6.5,47.0,43.5,260.0,-330.0,1
2019-20,1201,Carolina,Washington,21,29,41.0,38.5,9.5,10.5,-600.0,425.0,0
2019-20,1201,Baltimore,SanFrancisco,20,17,46.0,45.5,4.5,5.5,-265.0,215.0,0
2019-20,1201,Indianapolis,Tennessee,17,31,42.0,1.0,3.5,41.5,-105.0,-115.0,1
2019-20,1201,Miami,Philadelphia,37,31,9.0,10.0,46.5,44.5,425.0,-600.0,1
2019-20,1201,KansasCity,Oakland,40,9,54.5,49.5,9.0,11.0,-650.0,450.0,0
2019-20,1201,Jacksonville,TampaBay,11,28,49.0,3.0,3.5,46.0,145.0,-170.0,1
2019-20,1201,Cincinnati,NYJets,22,6,3.0,2.5,41.0,43.0,120.0,-140.0,1
2019-20,1201,Arizona,LARams,7,34,4.5,2.5,47.0,47.5,120.0,-140.0,1
2019-20,1201,Denver,LAChargers,23,20,1.0,4.5,38.0,38.5,180.0,-220.0,1
2019-20,1201,Pittsburgh,Cleveland,20,13,40.5,1.0,3.0,40.0,100.0,-120.0,1
2019-20,1201,Houston,NewEngland,28,22,4.5,3.0,44.5,47.0,150.0,-180.0,1
2019-20,1202,Seattle,Minnesota,37,30,49.0,48.5,2.5,3.0,-160.0,140.0,0
2019-20,1205,Chicago,Dallas,31,24,3.0,3.0,42.5,43.0,145.0,-170.0,1
2019-20,1208,Buffalo,Baltimore,17,24,6.5,6.0,43.0,44.5,210.0,-260.0,1
2019-20,1208,GreenBay,Washington,20,15,42.0,42.5,14.5,13.0,-900.0,600.0,0
2019-20,1208,Houston,Denver,24,38,0.5,42.5,8.0,8.0,-430.0,330.0,0
2019-20,1208,NewOrleans,SanFrancisco,46,48,45.5,45.0,3.0,1.5,-130.0,110.0,0
2019-20,1208,Cleveland,Cincinnati,27,19,43.0,43.5,10.5,6.5,-300.0,240.0,0
2019-20,1208,Atlanta,Carolina,40,20,48.5,48.0,1.5,3.5,-190.0,160.0,0
2019-20,1208,Minnesota,Detroit,20,7,44.0,44.5,13.0,12.0,-700.0,500.0,0
2019-20,1208,NYJets,Miami,22,21,44.0,47.5,7.5,5.0,-240.0,190.0,0
2019-20,1208,TampaBay,Indianapolis,38,35,50.5,47.0,2.0,3.0,-180.0,150.0,0
2019-20,1208,Jacksonville,LAChargers,10,45,1.0,3.0,44.5,41.5,155.0,-185.0,1
2019-20,1208,NewEngland,KansasCity,16,23,50.5,49.0,3.5,3.0,-165.0,142.0,0
2019-20,1208,Arizona,Pittsburgh,17,23,2.5,1.5,43.0,43.5,105.0,-125.0,1
2019-20,1208,Oakland,Tennessee,21,42,1.0,3.0,46.5,47.0,130.0,-150.0,1
2019-20,1208,LARams,Seattle,28,12,2.5,48.0,46.5,1.5,-125.0,105.0,2
2019-20,1209,Philadelphia,NYGiants,23,17,46.5,45.5,8.5,9.0,-450.0,350.0,0
2019-20,1212,Baltimore,NYJets,42,21,44.0,43.5,14.5,17.0,-1500.0,850.0,0
2019-20,1215,Detroit,TampaBay,17,38,3.0,6.0,47.5,46.5,225.0,-275.0,1
2019-20,1215,Washington,Philadelphia,27,37,6.0,6.5,40.0,39.0,250.0,-310.0,1
2019-20,1215,GreenBay,Chicago,21,13,41.0,40.5,6.5,4.5,-220.0,180.0,0
2019-20,1215,Cincinnati,NewEngland,13,34,11.0,10.5,40.0,42.0,450.0,-650.0,1
2019-20,1215,Tennessee,Houston,21,24,47.5,50.0,2.5,3.0,-170.0,145.0,0
2019-20,1215,Carolina,Seattle,24,30,5.0,6.0,48.5,49.0,230.0,-280.0,1
2019-20,1215,KansasCity,Denver,23,3,46.5,42.5,13.0,9.0,-500.0,375.0,0
2019-20,1215,NYGiants,Miami,36,20,48.0,46.5,3.5,3.5,-190.0,160.0,0
2019-20,1215,Pittsburgh,Buffalo,10,17,37.0,37.0,0.0,1.0,-120.0,100.0,0
2019-20,1215,Oakland,Jacksonville,16,20,44.5,47.0,4.0,7.0,-350.0,275.0,0
2019-20,1215,Arizona,Cleveland,38,24,3.0,3.0,47.0,49.0,140.0,-160.0,1
2019-20,1215,SanFrancisco,Atlanta,22,29,45.5,49.5,12.0,10.0,-550.0,400.0,0
2019-20,1215,Dallas,LARams,44,21,47.0,1.0,3.0,48.5,-105.0,-115.0,1
2019-20,1215,LAChargers,Minnesota,10,39,3.0,1.5,46.0,45.0,100.0,-120.0,1
2019-20,1216,NewOrleans,Indianapolis,34,7,44.0,49.5,8.5,8.0,-425.0,325.0,0
2019-20,1221,SanFrancisco,LARams,34,31,46.5,45.5,6.0,7.0,-340.0,270.0,0
2019-20,1221,NewEngland,Buffalo,24,17,38.5,39.0,6.5,6.5,-310.0,250.0,0
2019-20,1221,TampaBay,Houston,20,23,53.0,3.0,0.0,50.5,130.0,-150.0,1
2019-20,1222,Denver,Detroit,27,17,37.5,40.0,6.5,8.0,-380.0,290.0,0
2019-20,1222,LAChargers,Oakland,17,24,47.0,45.0,6.5,7.5,-340.0,270.0,0
2019-20,1222,Atlanta,Jacksonville,24,12,46.0,48.0,7.0,7.0,-350.0,275.0,0
2019-20,1222,Tennessee,NewOrleans,28,38,1.0,3.0,51.0,48.5,160.0,-190.0,1
2019-20,1222,Washington,NYGiants,35,41,41.0,1.5,2.0,42.5,110.0,-130.0,1
2019-20,1222,NYJets,Pittsburgh,16,10,3.0,3.0,38.5,36.5,150.0,-180.0,1
2019-20,1222,Miami,Cincinnati,38,35,45.5,1.5,2.5,45.5,105.0,-125.0,1
2019-20,1222,Indianapolis,Carolina,38,6,46.5,46.5,6.5,7.0,-330.0,260.0,0
2019-20,1222,Cleveland,Baltimore,15,31,7.0,10.0,49.0,49.0,375.0,-500.0,1
2019-20,1222,Philadelphia,Dallas,17,9,1.0,2.5,47.5,46.5,125.0,-145.0,1
2019-20,1222,Seattle,Arizona,13,27,48.5,51.0,10.0,7.5,-430.0,330.0,0
2019-20,1222,Chicago,KansasCity,3,26,4.0,7.0,45.0,45.5,250.0,-310.0,1
2019-20,1223,Minnesota,GreenBay,10,23,46.5,47.0,4.5,4.5,-220.0,180.0,0
2019-20,1229,Houston,Tennessee,14,35,49.0,10.0,1.0,43.0,350.0,-450.0,1
2019-20,1229,Cincinnati,Cleveland,33,23,3.0,2.5,46.0,44.0,125.0,-145.0,1
2019-20,1229,Minnesota,Chicago,19,21,41.5,5.0,7.0,35.5,200.0,-250.0,1
2019-20,1229,Jacksonville,Indianapolis,38,20,1.0,5.5,44.5,41.5,200.0,-250.0,1
2019-20,1229,TampaBay,Atlanta,22,28,50.5,48.5,2.5,1.5,-125.0,105.0,0
2019-20,1229,Dallas,Washington,47,16,44.0,47.0,14.0,12.0,-750.0,525.0,0
2019-20,1229,Carolina,NewOrleans,10,42,11.0,14.5,48.0,45.0,650.0,-1000.0,1
2019-20,1229,NYGiants,Philadelphia,17,34,4.0,3.5,45.0,44.5,170.0,-200.0,1
2019-20,1229,Baltimore,Pittsburgh,28,10,40.5,2.0,2.5,35.0,110.0,-130.0,1
2019-20,1229,Buffalo,NYJets,6,13,37.0,1.5,5.5,37.0,105.0,-125.0,1
2019-20,1229,NewEngland,Miami,24,27,43.5,45.5,16.5,17.0,-1600.0,900.0,0
2019-20,1229,Detroit,GreenBay,20,23,10.0,13.5,41.5,44.0,600.0,-900.0,1
2019-20,1229,KansasCity,LAChargers,31,21,48.0,46.0,7.0,10.0,-500.0,375.0,0
2019-20,1229,LARams,Arizona,31,24,49.0,46.0,7.0,6.5,-310.0,250.0,0
2019-20,1229,Seattle,SanFrancisco,21,26,47.0,3.5,0.0,47.0,160.0,-190.0,1
2019-20,1229,Denver,Oakland,16,15,41.5,41.0,4.5,5.0,-250.0,200.0,0
2019-20,104,Houston,Buffalo,22,19,41.0,43.0,3.0,2.5,-145.0,125.0,0
2019-20,104,NewEngland,Tennessee,13,20,42.5,45.5,5.5,5.0,-230.0,195.0,0
2019-20,105,NewOrleans,Minnesota,20,26,47.0,49.5,7.0,7.0,-350.0,290.0,0
2019-20,105,Philadelphia,Seattle,9,17,46.0,44.0,1.0,1.0,-115.0,-105.0,0
2019-20,111,SanFrancisco,Minnesota,27,10,45.5,44.5,6.5,7.0,-310.0,260.0,0
2019-20,111,Baltimore,Tennessee,12,28,48.0,47.5,9.5,10.0,-500.0,400.0,0
2019-20,112,KansasCity,Houston,51,31,48.0,51.0,7.5,10.0,-500.0,400.0,0
2019-20,112,GreenBay,Seattle,28,23,47.0,45.5,3.5,5.0,-220.0,190.0,0
2019-20,119,SanFrancisco,GreenBay,37,20,44.5,47.0,7.0,7.5,-360.0,300.0,0
2019-20,119,KansasCity,Tennessee,35,24,51.5,51.5,7.5,7.0,-340.0,280.0,0
2020-21,910,KansasCity,Houston,34,20,54.0,53.5,9.5,9.5,-450.0,375.0,0
2020-21,913,NewEngland,Miami,21,11,43.0,41.5,7.0,7.0,-350.0,290.0,0
2020-21,913,Baltimore,Cleveland,38,6,48.5,47.5,8.5,7.0,-330.0,270.0,0
2020-21,913,Buffalo,NYJets,27,17,39.5,39.0,6.0,6.5,-300.0,250.0,0
2020-21,913,Carolina,LasVegas,30,34,1.5,3.0,47.0,48.0,130.0,-150.0,1
2020-21,913,Atlanta,Seattle,25,38,49.5,1.0,1.0,49.5,-115.0,-105.0,1
2020-21,913,Washington,Philadelphia,27,17,6.5,5.5,44.0,41.5,195.0,-230.0,1
2020-21,913,Detroit,Chicago,23,27,43.5,42.5,1.0,2.5,-130.0,110.0,0
2020-21,913,Jacksonville,Indianapolis,27,20,6.5,7.0,44.5,44.0,265.0,-320.0,1
2020-21,913,Minnesota,GreenBay,34,43,46.0,44.5,3.0,1.5,-125.0,105.0,0
2020-21,913,Cincinnati,LAChargers,13,16,3.0,2.0,44.0,41.0,110.0,-130.0,1
2020-21,913,SanFrancisco,Arizona,20,24,46.5,48.5,7.0,6.5,-300.0,250.0,0
2020-21,913,NewOrleans,TampaBay,34,23,49.5,48.5,4.0,4.0,-200.0,175.0,0
2020-21,913,LARams,Dallas,20,17,2.5,0.0,49.5,52.0,-110.0,-110.0,1
2020-21,914,NYGiants,Pittsburgh,16,26,3.5,6.0,46.5,44.0,220.0,-260.0,1
2020-21,914,Denver,Tennessee,14,16,42.0,3.0,1.0,41.0,150.0,-170.0,1
2020-21,917,Cleveland,Cincinnati,35,30,46.0,43.5,7.5,6.0,-260.0,220.0,0
2020-21,920,Philadelphia,LARams,19,37,48.5,46.0,3.5,2.0,-130.0,110.0,0
2020-21,920,TampaBay,Carolina,31,17,48.5,47.0,8.0,8.0,-380.0,320.0,0
2020-21,920,Pittsburgh,Denver,26,21,43.0,41.0,5.5,6.5,-300.0,250.0,0
2020-21,920,Dallas,Atlanta,40,39,50.0,53.5,7.0,2.5,-140.0,120.0,0
2020-21,920,NYJets,SanFrancisco,13,31,6.0,7.0,43.5,41.5,275.0,-335.0,1
2020-21,920,Miami,Buffalo,28,31,3.5,5.5,43.0,42.5,200.0,-240.0,1
2020-21,920,Indianapolis,Minnesota,28,11,46.0,49.0,2.5,3.5,-180.0,160.0,0
2020-21,920,GreenBay,Detroit,42,21,46.0,51.0,6.0,6.5,-300.0,250.0,0
2020-21,920,Chicago,NYGiants,17,13,43.0,43.0,5.5,4.5,-220.0,190.0,0
2020-21,920,Tennessee,Jacksonville,33,30,4.0,45.0,11.0,7.0,-310.0,260.0,0
2020-21,920,Arizona,Washington,30,15,46.5,46.5,6.0,7.0,-330.0,270.0,0
2020-21,920,Houston,Baltimore,16,33,5.5,7.5,53.5,49.0,290.0,-350.0,1
2020-21,920,LAChargers,KansasCity,20,23,6.5,8.5,50.5,47.5,350.0,-420.0,1
2020-21,920,Seattle,NewEngland,35,30,44.0,45.0,3.0,4.5,-210.0,180.0,0
2020-21,921,LasVegas,NewOrleans,34,24,4.5,3.5,50.5,47.0,175.0,-200.0,1
2020-21,924,Jacksonville,Miami,13,31,44.0,49.0,1.5,2.5,-140.0,120.0,0
2020-21,927,NewEngland,LasVegas,36,20,48.0,47.0,3.5,7.0,-330.0,270.0,0
2020-21,927,Buffalo,LARams,35,32,44.5,46.5,3.0,2.0,-130.0,110.0,0
2020-21,927,Pittsburgh,Houston,28,21,45.0,46.5,5.5,3.5,-190.0,170.0,0
2020-21,927,NYGiants,SanFrancisco,9,36,6.5,3.0,42.5,44.0,140.0,-160.0,1
2020-21,927,Minnesota,Tennessee,30,31,1.0,2.5,45.5,49.0,130.0,-150.0,1
2020-21,927,Cleveland,Washington,34,20,45.5,45.0,4.0,7.0,-330.0,270.0,0
2020-21,927,Philadelphia,Cincinnati,23,23,45.5,47.0,5.5,5.5,-240.0,200.0,0
2020-21,927,Atlanta,Chicago,26,30,48.0,46.5,3.0,2.5,-140.0,120.0,0
2020-21,927,Indianapolis,NYJets,36,7,45.0,44.0,6.5,11.5,-700.0,500.0,0
2020-21,927,LAChargers,Carolina,16,21,44.0,43.5,6.0,6.0,-270.0,230.0,0
2020-21,927,Arizona,Detroit,23,26,51.0,55.5,3.5,5.0,-240.0,200.0,0
2020-21,927,Denver,TampaBay,10,28,3.5,6.0,44.5,42.5,225.0,-265.0,1
2020-21,927,Seattle,Dallas,38,31,56.0,56.5,3.0,5.5,-240.0,200.0,0
2020-21,927,NewOrleans,GreenBay,30,37,54.5,52.0,4.5,3.5,-175.0,155.0,0
2020-21,928,Baltimore,KansasCity,20,34,52.0,55.0,1.5,3.5,-180.0,160.0,0
2020-21,1001,NYJets,Denver,28,37,2.0,41.0,41.0,1.0,-115.0,-105.0,2
2020-21,1004,Chicago,Indianapolis,11,19,1.0,3.5,45.0,43.0,165.0,-185.0,1
2020-21,1004,Detroit,NewOrleans,29,35,5.5,3.0,56.0,52.5,140.0,-160.0,1
2020-21,1004,Carolina,Arizona,31,21,4.0,3.0,51.0,52.0,145.0,-165.0,1
2020-21,1004,Cincinnati,Jacksonville,33,25,48.0,49.0,3.0,1.0,-120.0,100.0,0
2020-21,1004,Dallas,Cleveland,38,49,54.0,56.5,5.5,3.5,-175.0,155.0,0
2020-21,1004,Houston,Minnesota,23,31,49.5,52.5,3.0,3.5,-170.0,150.0,0
2020-21,1004,Miami,Seattle,23,31,7.0,4.0,54.0,55.0,180.0,-210.0,1
2020-21,1004,TampaBay,LAChargers,38,31,45.5,42.0,5.0,7.0,-360.0,300.0,0
2020-21,1004,Washington,Baltimore,17,31,13.0,14.0,47.0,44.5,800.0,-1400.0,1
2020-21,1004,LARams,NYGiants,17,9,47.0,50.0,10.0,13.5,-1100.0,700.0,0
2020-21,1004,LasVegas,Buffalo,23,30,1.5,3.0,49.5,52.5,150.0,-170.0,1
2020-21,1004,SanFrancisco,Philadelphia,20,25,45.5,45.5,5.5,8.0,-330.0,270.0,0
2020-21,1005,GreenBay,Atlanta,30,16,58.0,56.5,6.0,5.0,-220.0,190.0,0
2020-21,1005,KansasCity,NewEngland,26,10,50.0,48.5,11.5,11.5,-650.0,475.0,0
2020-21,1008,Chicago,TampaBay,20,19,3.0,3.5,45.5,44.0,170.0,-190.0,1
2020-21,1011,Atlanta,Carolina,16,23,54.5,54.0,3.5,2.5,-150.0,130.0,0
2020-21,1011,KCChiefs,LVRaiders,32,40,58.0,54.5,11.5,10.5,-550.0,425.0,0
2020-21,1011,Washington,LARams,10,30,9.5,7.0,46.0,44.5,270.0,-330.0,1
2020-21,1011,Houston,Jacksonville,30,14,52.5,54.5,6.5,6.0,-260.0,220.0,0
2020-21,1011,NYJets,Arizona,10,30,8.5,7.0,46.0,48.5,265.0,-320.0,1
2020-21,1011,Pittsburgh,Philadelphia,38,29,46.5,44.5,7.0,7.5,-360.0,300.0,0
2020-21,1011,Baltimore,Cincinnati,27,3,50.5,49.5,13.0,12.5,-750.0,525.0,0
2020-21,1011,SanFrancisco,Miami,17,43,48.5,50.5,9.0,8.0,-370.0,310.0,0
2020-21,1011,Dallas,NYGiants,37,34,53.0,52.5,11.5,7.5,-340.0,280.0,0
2020-21,1011,Cleveland,Indianapolis,32,23,2.5,48.5,47.0,1.0,-120.0,100.0,2
2020-21,1011,Seattle,Minnesota,27,26,58.0,54.0,9.5,6.5,-290.0,245.0,0
2020-21,1012,NewOrleans,LAChargers,30,27,52.0,49.0,7.5,7.0,-335.0,275.0,0
2020-21,1013,Tennessee,Buffalo,42,16,2.0,3.0,54.0,52.0,140.0,-160.0,1
2020-21,1018,Carolina,Chicago,16,23,44.5,45.0,2.5,2.0,-130.0,110.0,0
2020-21,1018,Jacksonville,Detroit,16,34,1.5,3.0,53.5,53.0,145.0,-165.0,1
2020-21,1018,Minnesota,Atlanta,23,40,57.0,53.5,3.5,3.5,-180.0,160.0,0
2020-21,1018,Tennessee,Houston,42,36,55.0,52.5,3.0,3.5,-190.0,170.0,0
2020-21,1018,NYGiants,Washington,20,19,44.5,42.0,2.5,1.0,-115.0,-105.0,0
2020-21,1018,Pittsburgh,Cleveland,38,7,50.5,50.0,4.0,3.0,-165.0,145.0,0
2020-21,1018,Philadelphia,Baltimore,28,30,7.0,10.0,48.5,46.5,400.0,-500.0,1
2020-21,1018,Indianapolis,Cincinnati,31,27,46.5,46.0,7.5,7.5,-370.0,310.0,0
2020-21,1018,TampaBay,GreenBay,38,10,51.5,2.5,2.5,55.0,135.0,-155.0,1
2020-21,1018,SanFrancisco,LARams,24,16,49.0,2.0,3.0,51.0,110.0,-130.0,1
2020-21,1018,Miami,NYJets,24,0,50.0,46.5,9.0,9.0,-380.0,320.0,0
2020-21,1018,NewEngland,Denver,12,18,46.5,44.0,9.5,7.5,-360.0,300.0,0
2020-21,1019,Dallas,Arizona,10,38,52.0,56.0,3.0,1.5,-120.0,100.0,0
2020-21,1019,Buffalo,KansasCity,17,26,3.5,5.5,58.0,54.5,200.0,-240.0,1
2020-21,1022,Philadelphia,NYGiants,22,21,45.5,44.5,6.5,5.0,-240.0,200.0,0
2020-21,1025,Cincinnati,Cleveland,34,37,4.5,4.5,51.5,49.5,185.0,-215.0,1
2020-21,1025,Washington,Dallas,25,3,3.0,44.5,48.0,1.5,-115.0,-105.0,2
2020-21,1025,Atlanta,Detroit,22,23,56.5,55.0,2.0,1.0,-120.0,100.0,0
2020-21,1025,NewOrleans,Carolina,27,24,51.0,50.5,6.5,7.0,-335.0,275.0,0
2020-21,1025,NYJets,Buffalo,10,18,9.5,9.5,47.0,46.5,375.0,-450.0,1
2020-21,1025,Houston,GreenBay,20,35,3.5,3.0,55.5,55.5,130.0,-150.0,1
2020-21,1025,Arizona,Seattle,37,34,3.5,3.5,56.0,55.5,160.0,-180.0,1
2020-21,1025,NewEngland,SanFrancisco,6,33,46.0,44.5,5.0,3.0,-150.0,130.0,0
2020-21,1025,Denver,KansasCity,16,43,9.5,7.0,49.0,45.5,280.0,-340.0,1
2020-21,1025,LasVegas,TampaBay,20,45,2.0,4.0,54.0,51.5,175.0,-200.0,1
2020-21,1025,Tennessee,Pittsburgh,24,27,51.0,51.0,7.0,1.0,-120.0,100.0,0
2020-21,1025,LAChargers,Jacksonville,39,29,49.0,49.0,6.5,7.5,-380.0,320.0,0
2020-21,1026,LARams,Chicago,24,10,47.0,44.5,6.5,6.5,-280.0,240.0,0
2020-21,1029,Carolina,Atlanta,17,25,51.5,52.0,3.0,1.5,-125.0,105.0,0
2020-21,1101,Detroit,Indianapolis,21,41,3.0,3.5,51.0,49.0,170.0,-190.0,1
2020-21,1101,GreenBay,Minnesota,22,28,56.0,48.0,5.5,6.0,-260.0,220.0,0
2020-21,1101,Buffalo,NewEngland,24,21,46.0,41.0,3.0,4.5,-215.0,185.0,0
2020-21,1101,Cincinnati,Tennessee,31,20,4.0,7.0,54.5,49.0,290.0,-350.0,1
2020-21,1101,Cleveland,LasVegas,6,16,55.5,47.5,3.0,1.0,-115.0,-105.0,0
2020-21,1101,KansasCity,NYJets,35,9,47.5,49.0,21.0,19.5,-5000.0,1500.0,4
2020-21,1101,Miami,LARams,28,17,3.5,3.5,47.0,46.5,150.0,-170.0,1
2020-21,1101,Chicago,NewOrleans,23,26,2.5,5.5,46.5,41.0,210.0,-250.0,1
2020-21,1101,Seattle,SanFrancisco,37,27,54.0,54.5,5.0,1.0,-120.0,100.0,0
2020-21,1101,Philadelphia,Dallas,23,9,43.0,43.5,4.0,10.0,-450.0,375.0,0
2020-21,1101,Denver,LAChargers,31,30,44.5,3.0,0.0,44.5,125.0,-145.0,1
2020-21,1101,Baltimore,Pittsburgh,24,28,48.0,44.5,5.0,4.0,-200.0,175.0,0
2020-21,1102,NYGiants,TampaBay,23,25,9.5,12.5,47.5,46.5,525.0,-750.0,1
2020-21,1105,SanFrancisco,GreenBay,17,34,0.0,6.0,50.5,48.0,220.0,-260.0,1
2020-21,1108,Buffalo,Seattle,44,34,1.5,3.0,55.5,55.0,145.0,-165.0,1
2020-21,1108,Atlanta,Denver,34,27,47.0,50.5,4.0,4.0,-210.0,180.0,0
2020-21,1108,Tennessee,Chicago,24,17,46.0,47.0,6.5,6.0,-275.0,235.0,0
2020-21,1108,Minnesota,Detroit,34,20,56.0,51.5,2.0,3.5,-175.0,155.0,0
2020-21,1108,Indianapolis,Baltimore,10,24,4.0,48.0,44.0,1.0,-115.0,-105.0,2
2020-21,1108,Kansas,Carolina,33,31,49.0,51.5,10.0,10.0,-500.0,400.0,0
2020-21,1108,Jacksonville,Houston,25,27,4.0,6.5,56.0,48.0,250.0,-300.0,1
2020-21,1108,Washington,NYGiants,20,23,41.5,43.0,3.5,3.0,-160.0,140.0,0
2020-21,1108,LAChargers,LasVegas,26,31,56.0,1.0,3.0,52.5,100.0,-120.0,1
2020-21,1108,Dallas,Pittsburgh,19,24,13.5,14.5,41.5,44.0,750.0,-1200.0,1
2020-21,1108,Arizona,Miami,31,34,46.5,49.0,6.0,6.0,-260.0,220.0,0
2020-21,1108,Tampa,NewOrleans,3,38,56.0,51.0,4.5,3.0,-175.0,155.0,0
2020-21,1109,NYJets,NewEngland,27,30,7.0,8.5,41.5,42.0,320.0,-380.0,1
2020-21,1112,Tennessee,Indianapolis,17,34,50.5,1.5,1.0,49.0,105.0,-125.0,1
2020-21,1115,Pittsburgh,Cincinnati,36,10,49.0,45.5,10.5,6.5,-310.0,260.0,0
2020-21,1115,Detroit,Washington,30,27,46.5,45.5,3.5,2.5,-140.0,120.0,0
2020-21,1115,Cleveland,Houston,10,7,55.5,46.0,2.0,4.5,-220.0,190.0,0
2020-21,1115,GreenBay,Jacksonville,24,20,55.5,47.0,14.0,13.5,-1100.0,700.0,0
2020-21,1115,NYGiants,Philadelphia,27,17,3.0,4.5,41.0,46.0,190.0,-220.0,1
2020-21,1115,Carolina,TampaBay,23,46,6.5,6.0,47.0,49.5,225.0,-265.0,1
2020-21,1115,LasVegas,Denver,37,12,51.0,50.5,4.0,3.5,-185.0,165.0,0
2020-21,1115,Arizona,Buffalo,32,30,49.0,56.0,3.0,3.0,-155.0,135.0,0
2020-21,1115,LARams,Seattle,23,16,53.5,55.0,1.0,2.5,-150.0,130.0,0
2020-21,1115,NewOrleans,SanFrancisco,27,13,53.5,49.0,6.5,9.5,-420.0,350.0,0
2020-21,1115,NewEngland,Baltimore,23,17,7.0,7.0,40.0,44.0,265.0,-320.0,1
2020-21,1115,Miami,LAChargers,29,21,47.0,49.0,2.0,1.5,-125.0,105.0,0
2020-21,1116,Chicago,Minnesota,13,19,2.5,3.0,45.0,44.5,150.0,-170.0,1
2020-21,1119,Seattle,Arizona,28,21,59.0,56.5,5.0,3.0,-165.0,145.0,0
2020-21,1122,Cleveland,Philadelphia,22,17,47.0,45.5,2.0,2.5,-135.0,115.0,0
2020-21,1122,NewOrleans,Atlanta,24,9,51.5,49.5,7.0,3.5,-180.0,160.0,0
2020-21,1122,Carolina,Detroit,20,0,47.0,3.0,3.0,47.5,150.0,-170.0,1
2020-21,1122,Houston,NewEngland,27,20,2.5,2.5,47.0,49.5,125.0,-145.0,1
2020-21,1122,Jacksonville,Pittsburgh,3,27,9.5,10.5,46.0,47.5,425.0,-550.0,1
2020-21,1122,Indianapolis,GreenBay,34,31,50.0,52.0,2.0,1.5,-120.0,100.0,0
2020-21,1122,Washington,Cincinnati,20,9,46.0,47.5,0.0,1.5,-125.0,105.0,0
2020-21,1122,Baltimore,Tennessee,24,30,47.0,50.5,6.5,6.0,-250.0,210.0,0
2020-21,1122,Minnesota,Dallas,28,31,47.0,50.0,9.5,7.0,-310.0,260.0,0
2020-21,1122,LasVegas,KansasCity,31,35,7.0,8.0,58.0,56.5,320.0,-380.0,1
2020-21,1122,Denver,Miami,20,13,1.0,4.0,46.5,46.0,180.0,-210.0,1
2020-21,1122,LAChargers,NYJets,34,28,47.0,47.5,10.0,9.5,-500.0,400.0,0
2020-21,1123,TampaBay,LARams,24,27,49.0,47.5,3.0,4.5,-210.0,180.0,0
2020-21,1126,Detroit,Houston,25,41,2.0,3.0,52.0,52.0,140.0,-160.0,1
2020-21,1126,Dallas,Washington,16,41,47.0,46.0,2.0,2.5,-145.0,125.0,0
2020-21,1129,Atlanta,LasVegas,43,6,0.0,3.5,56.0,53.0,155.0,-175.0,1
2020-21,1129,NewEngland,Arizona,20,17,1.0,1.0,48.0,50.5,100.0,-120.0,1
2020-21,1129,Cincinnati,NYGiants,17,19,45.0,6.5,2.5,45.0,240.0,-280.0,1
2020-21,1129,Jacksonville,Cleveland,25,27,6.0,7.5,47.0,48.0,290.0,-350.0,1
2020-21,1129,Minnesota,Carolina,28,27,50.0,50.0,3.5,3.0,-145.0,125.0,0
2020-21,1129,Indianapolis,Tennessee,26,45,50.0,51.0,4.0,3.0,-145.0,125.0,0
2020-21,1129,Buffalo,LAChargers,27,17,50.0,51.5,6.0,4.0,-210.0,180.0,0
2020-21,1129,NYJets,Miami,3,20,7.0,7.5,46.0,46.0,310.0,-370.0,1
2020-21,1129,Denver,NewOrleans,3,31,5.5,16.5,46.0,36.5,900.0,-1600.0,1
2020-21,1129,LARams,SanFrancisco,20,23,46.5,44.5,7.0,5.0,-240.0,200.0,0
2020-21,1129,TampaBay,KansasCity,24,27,3.0,3.5,54.0,56.5,150.0,-170.0,1
2020-21,1129,GreenBay,Chicago,41,25,44.5,44.5,7.5,7.5,-380.0,320.0,0
2020-21,1130,Philadelphia,Seattle,17,23,3.5,6.5,53.0,49.5,250.0,-300.0,1
2020-21,1202,Pittsburgh,Baltimore,19,14,41.5,40.5,9.5,10.5,-500.0,400.0,0
2020-21,1206,Chicago,Detroit,30,34,45.0,44.0,3.0,3.0,-155.0,135.0,0
2020-21,1206,Miami,Cincinnati,19,7,42.0,43.0,12.0,10.0,-500.0,400.0,0
2020-21,1206,Houston,Indianapolis,20,26,3.0,3.0,50.5,50.5,150.0,-170.0,1
2020-21,1206,Minnesota,Jacksonville,27,24,51.0,51.5,10.5,10.0,-500.0,400.0,0
2020-21,1206,NYJets,LasVegas,28,31,9.0,7.5,47.0,48.5,300.0,-360.0,1
2020-21,1206,Atlanta,NewOrleans,16,21,3.0,2.5,45.0,45.5,125.0,-145.0,1
2020-21,1206,Tennessee,Cleveland,35,41,53.5,54.0,6.0,3.5,-210.0,180.0,0
2020-21,1206,Seattle,NYGiants,12,17,47.5,48.0,10.0,11.0,-650.0,475.0,0
2020-21,1206,Arizona,LARams,28,38,3.0,3.0,48.0,48.5,130.0,-150.0,1
2020-21,1206,GreenBay,Philadelphia,30,16,48.0,50.0,8.5,8.5,-420.0,350.0,0
2020-21,1206,LAChargers,NewEngland,0,45,48.0,47.0,0.0,2.0,-135.0,115.0,0
2020-21,1206,KansasCity,Denver,22,16,51.0,51.0,14.0,13.0,-1000.0,650.0,0
2020-21,1207,SanFrancisco,Buffalo,24,34,47.5,47.5,1.0,1.5,-125.0,105.0,0
2020-21,1207,Pittsburgh,Washingtom,17,23,41.5,43.5,9.0,5.5,-260.0,220.0,0
2020-21,1208,Baltimore,Dallas,34,17,46.0,45.5,9.0,8.5,-410.0,340.0,0
2020-21,1210,LARams,NewEngland,24,3,44.5,43.0,6.5,4.5,-220.0,190.0,0
2020-21,1213,Detroit,GreenBay,24,31,8.0,8.5,54.0,55.5,350.0,-420.0,1
2020-21,1213,Jacksonville,Tennessee,10,31,7.5,7.5,53.0,52.5,310.0,-370.0,1
2020-21,1213,Cincinnati,Dallas,7,30,4.0,3.0,44.0,44.0,140.0,-160.0,1
2020-21,1213,NYGiants,Arizona,7,26,1.5,3.0,45.0,47.5,140.0,-160.0,1
2020-21,1213,Chicago,Houston,36,7,3.0,1.5,46.0,46.0,105.0,-125.0,1
2020-21,1213,Carolina,Denver,27,32,46.0,45.5,3.0,4.0,-200.0,175.0,0
2020-21,1213,TampaBay,Minnesota,26,14,51.5,52.5,6.0,7.0,-330.0,270.0,0
2020-21,1213,Miami,KansasCity,27,33,7.5,7.0,49.0,51.5,280.0,-340.0,1
2020-21,1213,LasVegas,Indianapolis,27,44,2.5,2.5,52.0,52.0,125.0,-145.0,1
2020-21,1213,Seattle,NYJets,40,3,47.5,48.5,14.0,16.0,-1200.0,750.0,0
2020-21,1213,LAChargers,Atlanta,20,17,2.5,49.0,48.5,1.0,-120.0,100.0,2
2020-21,1213,Philadelphia,NewOrleans,24,21,7.0,7.5,46.0,42.0,300.0,-360.0,1
2020-21,1213,SanFrancisco,Washingtom,15,23,43.5,43.5,3.5,3.0,-145.0,125.0,0
2020-21,1213,Buffalo,Pittsburgh,26,15,47.5,49.0,0.0,2.0,-130.0,110.0,0
2020-21,1214,Cleveland,Baltimore,42,47,2.5,3.0,48.0,45.5,155.0,-175.0,1
2020-21,1217,LasVegas,LAChargers,27,30,55.0,52.5,3.5,3.0,-175.0,155.0,0
2020-21,1219,GreenBay,Carolina,24,16,51.0,53.0,9.5,10.5,-450.0,375.0,0
2020-21,1219,Denver,Buffalo,19,48,5.0,6.0,48.0,48.0,210.0,-250.0,1
2020-21,1220,Indianapolis,Houston,27,20,52.5,52.5,6.5,9.0,-370.0,310.0,0
2020-21,1220,Tennessee,Detroit,46,25,51.5,54.0,8.5,10.0,-380.0,320.0,0
2020-21,1220,LARams,NYJets,20,23,44.5,44.5,13.5,17.0,-3000.0,1200.0,4
2020-21,1220,Atlanta,TampaBay,27,31,1.5,7.0,51.0,49.5,230.0,-270.0,1
2020-21,1220,Miami,NewEngland,22,12,44.0,0.0,3.0,40.0,105.0,-125.0,1
2020-21,1220,Washington,Seattle,15,20,3.0,7.0,43.5,44.0,225.0,-265.0,1
2020-21,1220,Minnesota,Chicago,27,33,47.0,47.0,6.5,2.5,-150.0,130.0,0
2020-21,1220,Baltimore,Jacksonville,40,14,46.0,49.0,11.0,13.5,-1000.0,650.0,0
2020-21,1220,NYGiants,Cleveland,6,20,3.0,7.0,46.0,44.5,240.0,-280.0,1
2020-21,1220,Arizona,Philadelphia,33,26,47.5,49.5,6.5,7.0,-265.0,225.0,0
2020-21,1220,NewOrleans,KansasCity,29,32,3.0,3.0,50.0,53.5,120.0,-140.0,1
2020-21,1220,Dallas,SanFrancisco,41,33,2.5,3.5,45.5,45.5,190.0,-220.0,1
2020-21,1221,Cincinnati,Pittsburgh,27,17,11.5,16.0,41.5,40.5,750.0,-1200.0,1
2020-21,1225,NewOrleans,Minnesota,52,33,52.5,49.5,6.5,7.0,-300.0,250.0,0
2020-21,1226,Detroit,TampaBay,7,47,7.5,13.5,54.0,55.0,500.0,-700.0,1
2020-21,1226,Arizona,SanFrancisco,12,20,50.5,49.0,3.0,7.0,-265.0,225.0,0
2020-21,1226,LasVegas,Miami,25,26,47.0,0.0,1.5,50.5,120.0,-140.0,1
2020-21,1227,LAChargers,Denver,19,16,50.0,47.5,2.5,2.0,-130.0,110.0,0
2020-21,1227,NYJets,Cleveland,23,16,10.5,7.0,45.0,45.0,240.0,-280.0,1
2020-21,1227,Houston,Cincinnati,31,37,46.5,46.0,8.5,9.0,-335.0,275.0,0
2020-21,1227,Pittsburgh,Indianapolis,28,24,46.0,0.0,3.0,42.5,-110.0,-110.0,1
2020-21,1227,Jacksonville,Chicago,17,41,3.5,10.0,47.0,47.0,375.0,-450.0,1
2020-21,1227,Washington,Carolina,13,20,45.0,0.0,3.0,42.0,100.0,-120.0,1
2020-21,1227,Baltimore,NYGiants,27,13,45.0,43.0,10.0,10.5,-450.0,375.0,0
2020-21,1227,KansasCity,Atlanta,17,14,53.5,53.5,12.5,12.0,-600.0,450.0,0
2020-21,1227,Seattle,LARams,20,9,47.0,47.5,1.5,1.0,-125.0,105.0,0
2020-21,1227,Dallas,Philadelphia,37,17,0.0,3.0,49.5,50.5,150.0,-170.0,1
2020-21,1227,GreenBay,Tennessee,40,14,56.0,52.5,4.5,3.0,-170.0,150.0,0
2020-21,1228,NewEngland,Buffalo,9,38,4.5,7.5,45.0,47.0,290.0,-350.0,1
2020-21,103,Philadelphia,Washington,14,20,42.0,7.0,4.0,43.5,250.0,-300.0,1
2020-21,103,Indianapolis,Jacksonville,28,14,49.0,47.5,12.5,16.0,-1400.0,800.0,0
2020-21,103,Chicago,GreenBay,16,35,5.0,4.5,49.0,48.0,180.0,-210.0,1
2020-21,103,NYGiants,Dallas,23,19,47.0,0.0,3.0,43.5,105.0,-125.0,1
2020-21,103,Cleveland,Pittsburgh,24,22,41.0,44.5,4.0,11.5,-450.0,375.0,0
2020-21,103,Houston,Tennessee,38,41,4.5,7.5,56.0,55.5,280.0,-340.0,1
2020-21,103,Carolina,NewOrleans,7,33,6.0,6.0,51.0,46.5,230.0,-270.0,1
2020-21,103,NewEngland,NYJets,28,14,43.0,41.0,9.0,3.0,-170.0,150.0,0
2020-21,103,Detroit,Minnesota,35,37,3.5,3.0,54.5,53.5,150.0,-170.0,1
2020-21,103,TampaBay,Atlanta,44,27,50.0,51.0,7.0,7.5,-335.0,275.0,0
2020-21,103,Cincinnati,Baltimore,3,38,13.0,14.0,43.5,45.5,650.0,-1000.0,1
2020-21,103,Buffalo,Miami,56,26,43.5,3.0,5.5,42.5,145.0,-165.0,1
2020-21,103,KansasCity,LAChargers,21,38,45.0,7.5,1.5,43.0,250.0,-300.0,1
2020-21,103,SanFrancisco,Seattle,23,26,6.5,7.5,47.5,45.0,280.0,-340.0,1
2020-21,103,Denver,LasVegas,31,32,51.0,2.5,2.5,50.5,130.0,-150.0,1
2020-21,103,LARams,Arizona,18,7,42.5,42.0,4.0,0.0,-125.0,105.0,0
2020-21,109,Buffalo,Indianapolis,27,24,51.5,50.5,7.0,7.5,-350.0,290.0,0
2020-21,109,Seattle,LARams,20,30,41.5,42.0,4.5,3.0,-175.0,155.0,0
2020-21,109,Washington,TampaBay,23,31,7.0,10.5,46.5,44.5,390.0,-480.0,1
2020-21,110,Tennessee,Baltimore,13,20,4.5,3.5,54.5,53.5,170.0,-190.0,1
2020-21,110,NewOrleans,Chicago,21,9,48.0,48.0,10.5,12.5,-700.0,500.0,0
2020-21,110,Pittsburgh,Cleveland,37,48,47.0,47.0,3.5,5.5,-240.0,200.0,0
2020-21,116,GreenBay,LARams,32,18,46.5,45.0,7.0,7.5,-350.0,290.0,0
2020-21,116,Buffalo,Baltimore,17,3,50.0,50.0,0.0,2.5,-135.0,115.0,0
2020-21,117,KansasCity,Cleveland,22,17,54.5,56.0,0.0,9.0,-410.0,340.0,0
2020-21,117,NewOrleans,TampaBay,20,30,49.5,53.0,0.0,2.5,-150.0,130.0,0
2020-21,124,GreenBay,TampaBay,26,31,51.0,53.0,3.0,3.0,-180.0,160.0,0
2020-21,124,KansasCity,Buffalo,38,24,53.5,54.5,4.5,3.0,-160.0,140.0,0
2021-22,909,TampaBay,Dallas,31,29,52.5,52.5,7.0,10.0,-450.0,375.0,0
2021-22,912,Buffalo,Pittsburgh,16,23,51.0,47.5,7.0,7.0,-280.0,240.0,0
2021-22,912,Carolina,NYJets,19,14,43.5,44.5,4.0,3.5,-180.0,160.0,0
2021-22,912,Houston,Jacksonville,37,21,0.0,3.0,46.0,45.5,150.0,-170.0,1
2021-22,912,Tennessee,Arizona,13,38,51.5,54.0,2.5,2.5,-145.0,125.0,0
2021-22,912,Washington,LAChargers,16,20,45.0,45.5,0.0,1.0,-130.0,110.0,0
2021-22,912,Atlanta,Philadelphia,6,32,47.0,48.5,3.5,3.5,-175.0,155.0,0
2021-22,912,Indianapolis,Seattle,16,28,52.5,2.5,2.5,49.0,125.0,-145.0,1
2021-22,912,Cincinnati,Minnesota,27,24,3.0,3.0,48.5,47.5,135.0,-155.0,1
2021-22,912,Detroit,SanFrancisco,33,41,9.0,10.0,46.0,46.0,360.0,-430.0,1
2021-22,912,KansasCity,Cleveland,33,29,53.0,54.5,6.0,5.5,-245.0,205.0,0
2021-22,912,NewEngland,Miami,16,17,46.0,43.0,1.0,3.5,-185.0,165.0,0
2021-22,912,NYGiants,Denver,13,27,0.0,2.5,42.5,41.5,125.0,-145.0,1
2021-22,912,LARams,Chicago,34,14,45.5,46.0,7.5,10.0,-400.0,330.0,0
2021-22,913,LasVegas,Baltimore,33,27,7.0,3.0,51.5,50.5,140.0,-160.0,1
2021-22,916,Washington,NYGiants,30,29,42.5,41.5,3.0,3.0,-200.0,175.0,0
2021-22,919,Carolina,NewOrleans,26,7,3.0,3.0,46.5,45.0,130.0,-150.0,1
2021-22,919,Cleveland,Houston,31,21,45.5,49.0,13.0,14.0,-800.0,550.0,0
2021-22,919,Chicago,Cincinnati,20,17,45.5,44.5,4.0,0.0,-125.0,105.0,0
2021-22,919,Pittsburgh,LasVegas,17,26,49.5,46.5,5.5,5.5,-220.0,190.0,0
2021-22,919,Miami,Buffalo,0,35,3.0,3.5,48.5,48.0,170.0,-190.0,1
2021-22,919,Indianapolis,LARams,24,27,2.5,4.0,48.5,47.5,180.0,-210.0,1
2021-22,919,Philadelphia,SanFrancisco,11,17,4.5,2.5,46.5,49.0,130.0,-150.0,1
2021-22,919,Jacksonville,Denver,13,23,3.0,7.0,44.5,45.0,220.0,-260.0,1
2021-22,919,NYJets,NewEngland,6,25,3.5,5.5,43.5,43.0,200.0,-240.0,1
2021-22,919,Arizona,Minnesota,34,33,49.5,50.5,3.0,3.5,-190.0,170.0,0
2021-22,919,TampaBay,Atlanta,48,25,52.5,52.0,9.0,14.0,-800.0,550.0,0
2021-22,919,Seattle,Tennessee,30,33,49.5,54.0,3.5,7.0,-280.0,240.0,0
2021-22,919,LAChargers,Dallas,17,20,51.5,55.0,2.5,3.0,-165.0,145.0,0
2021-22,919,Baltimore,KansasCity,36,35,1.0,3.5,51.5,53.5,165.0,-185.0,1
2021-22,920,GreenBay,Detroit,35,17,48.5,49.5,7.0,12.5,-600.0,450.0,0
2021-22,923,Houston,Carolina,9,24,4.5,9.0,44.5,43.0,330.0,-400.0,1
2021-22,926,Jacksonville,Arizona,19,31,6.0,9.0,50.5,51.5,310.0,-370.0,1
2021-22,926,Tennessee,Indianapolis,25,16,49.5,46.5,3.0,4.0,-220.0,190.0,0
2021-22,926,Detroit,Baltimore,17,19,7.5,9.0,48.5,51.0,300.0,-360.0,1
2021-22,926,Buffalo,Washington,43,21,47.5,45.5,7.0,7.5,-330.0,270.0,0
2021-22,926,NewEngland,NewOrleans,13,28,46.5,43.5,0.0,2.5,-150.0,130.0,0
2021-22,926,KansasCity,LAChargers,24,30,53.0,55.0,7.5,7.5,-300.0,250.0,0
2021-22,926,NYGiants,Atlanta,14,17,43.5,47.5,2.5,2.5,-150.0,130.0,0
2021-22,926,Cleveland,Chicago,26,6,46.0,44.5,8.5,9.0,-370.0,310.0,0
2021-22,926,Pittsburgh,Cincinnati,10,24,47.5,42.0,6.5,2.5,-150.0,130.0,0
2021-22,926,LasVegas,Miami,31,28,48.0,45.5,1.0,3.5,-190.0,170.0,0
2021-22,926,Denver,NYJets,26,0,43.5,42.0,7.5,11.0,-650.0,475.0,0
2021-22,926,LARams,TampaBay,34,24,52.5,55.0,1.5,0.0,-115.0,-105.0,0
2021-22,926,Minnesota,Seattle,30,17,2.5,0.0,50.5,54.0,110.0,-130.0,1
2021-22,926,SanFrancisco,GreenBay,28,30,48.0,50.5,3.0,3.0,-180.0,160.0,0
2021-22,927,Dallas,Philadelphia,41,21,52.5,51.5,3.5,3.5,-185.0,165.0,0
2021-22,930,Cincinnati,Jacksonville,24,21,10.5,46.0,6.5,8.5,-330.0,270.0,0
2021-22,1003,Atlanta,Washington,30,34,1.0,0.0,49.0,46.5,105.0,-125.0,1
2021-22,1003,Chicago,Detroit,24,14,45.5,41.5,6.0,3.0,-150.0,130.0,0
2021-22,1003,NYJets,Tennessee,27,24,6.0,5.5,48.5,44.0,210.0,-250.0,1
2021-22,1003,Minnesota,Cleveland,7,14,1.0,52.0,50.5,0.0,-110.0,-110.0,2
2021-22,1003,Miami,Indianapolis,17,27,45.5,42.0,2.5,2.5,-150.0,130.0,0
2021-22,1003,Dallas,Carolina,36,28,50.5,51.5,4.0,4.5,-215.0,185.0,0
2021-22,1003,NewOrleans,NYGiants,21,27,47.0,43.0,6.5,7.5,-340.0,280.0,0
2021-22,1003,Philadelphia,KansasCity,30,42,6.5,7.5,54.5,54.0,290.0,-350.0,1
2021-22,1003,Buffalo,Houston,40,0,48.0,47.5,16.5,18.5,-2000.0,1000.0,0
2021-22,1003,LARams,Arizona,20,37,53.0,54.0,6.0,4.0,-200.0,175.0,0
2021-22,1003,SanFrancisco,Seattle,21,28,49.5,52.0,3.5,1.0,-140.0,120.0,0
2021-22,1003,Denver,Baltimore,7,23,1.0,44.0,45.5,0.0,-120.0,100.0,2
2021-22,1003,GreenBay,Pittsburgh,27,17,48.0,45.0,6.5,5.5,-250.0,210.0,0
2021-22,1003,NewEngland,TampaBay,17,19,5.5,7.0,50.5,49.5,250.0,-300.0,1
2021-22,1004,LAChargers,LasVegas,28,14,52.5,51.5,3.0,3.0,-170.0,150.0,0
2021-22,1007,Seattle,LARams,17,26,52.5,3.0,0.0,53.5,120.0,-140.0,1
2021-22,1010,TampaBay,Miami,45,17,50.0,48.0,9.0,12.0,-600.0,450.0,0
2021-22,1010,Carolina,Philadelphia,18,21,47.0,46.5,3.5,2.5,-140.0,120.0,0
2021-22,1010,Washington,NewOrleans,22,33,1.5,2.5,43.5,43.0,115.0,-135.0,1
2021-22,1010,Jacksonville,Tennessee,19,37,7.5,4.0,51.5,48.5,175.0,-200.0,1
2021-22,1010,Minnesota,Detroit,19,17,49.5,49.5,8.0,10.0,-420.0,350.0,0
2021-22,1010,Pittsburgh,Denver,27,19,1.5,1.0,42.0,40.0,105.0,-125.0,1
2021-22,1010,Cincinnati,GreenBay,22,25,3.0,1.0,48.5,50.0,110.0,-130.0,1
2021-22,1010,Houston,NewEngland,22,25,7.5,9.0,42.0,39.0,300.0,-360.0,1
2021-22,1010,LasVegas,Chicago,9,20,45.5,46.0,7.0,5.5,-240.0,200.0,0
2021-22,1010,LAChargers,Cleveland,47,42,1.0,47.0,50.0,2.5,-135.0,115.0,2
2021-22,1010,Dallas,NYGiants,44,20,49.0,53.5,8.0,7.5,-350.0,290.0,0
2021-22,1010,Arizona,SanFrancisco,17,10,52.0,48.5,2.0,6.0,-275.0,235.0,0
2021-22,1010,KansasCity,Buffalo,20,38,56.5,57.0,4.0,3.0,-140.0,120.0,0
2021-22,1011,Baltimore,Indianapolis,31,25,49.0,46.5,6.0,8.5,-350.0,290.0,0
2021-22,1014,Philadelphia,TampaBay,22,28,6.5,7.5,52.5,53.0,245.0,-290.0,1
2021-22,1017,Indianapolis,Houston,31,3,43.5,44.5,11.0,12.5,-600.0,450.0,0
2021-22,1017,Chicago,GreenBay,14,24,4.5,5.5,46.0,44.0,200.0,-240.0,1
2021-22,1017,Washington,KansasCity,13,31,6.0,7.0,54.0,54.0,240.0,-280.0,1
2021-22,1017,Carolina,Minnesota,28,34,47.5,1.0,1.0,45.0,115.0,-135.0,1
2021-22,1017,Baltimore,LAChargers,34,6,48.0,51.0,3.5,3.0,-155.0,135.0,0
2021-22,1017,Detroit,Cincinnati,11,34,3.0,3.5,49.0,46.5,165.0,-185.0,1
2021-22,1017,NYGiants,LARams,11,38,6.5,8.5,50.0,49.5,290.0,-350.0,1
2021-22,1017,Cleveland,Arizona,14,37,53.0,48.0,3.0,2.5,-140.0,120.0,0
2021-22,1017,Denver,LasVegas,24,34,44.0,45.0,2.5,5.0,-210.0,180.0,0
2021-22,1017,NewEngland,Dallas,29,35,1.0,3.5,48.0,50.5,170.0,-190.0,1
2021-22,1017,Pittsburgh,Seattle,23,20,2.5,43.0,48.0,5.5,-240.0,200.0,2
2021-22,1018,Tennessee,Buffalo,34,31,3.5,7.0,53.0,53.5,225.0,-265.0,1
2021-22,1021,Cleveland,Denver,17,14,44.5,40.0,6.0,0.0,-130.0,110.0,0
2021-22,1024,Baltimore,Cincinnati,17,41,48.0,46.0,7.0,7.0,-270.0,230.0,0
2021-22,1024,NYGiants,Carolina,25,3,3.0,2.5,45.5,42.5,130.0,-150.0,1
2021-22,1024,GreenBay,Washington,24,10,50.0,48.0,7.5,10.0,-420.0,350.0,0
2021-22,1024,Tennessee,KansasCity,27,3,3.0,4.0,56.0,59.0,175.0,-200.0,1
2021-22,1024,Miami,Atlanta,28,30,48.0,0.0,3.0,47.5,105.0,-125.0,1
2021-22,1024,NewEngland,NYJets,54,13,43.5,42.5,7.0,7.5,-340.0,280.0,0
2021-22,1024,LARams,Detroit,28,19,49.5,50.5,13.5,16.5,-1600.0,900.0,0
2021-22,1024,LasVegas,Philadelphia,33,22,48.5,48.5,3.0,0.0,-110.0,-110.0,0
2021-22,1024,TampaBay,Chicago,38,3,49.0,47.0,10.0,13.5,-700.0,500.0,0
2021-22,1024,Arizona,Houston,31,5,49.5,47.5,14.5,20.0,-3000.0,1200.0,4
2021-22,1024,SanFrancisco,Indianapolis,18,30,44.5,41.5,5.5,3.0,-170.0,150.0,0
2021-22,1025,Seattle,NewOrleans,10,13,3.0,5.5,44.0,42.0,210.0,-250.0,1
2021-22,1028,Arizona,GreenBay,21,24,52.5,50.5,3.0,7.0,-280.0,240.0,0
2021-22,1031,Buffalo,Miami,26,11,49.0,48.5,11.5,16.0,-1200.0,750.0,0
2021-22,1031,Atlanta,Carolina,13,19,48.0,46.5,1.5,0.0,-125.0,105.0,0
2021-22,1031,Detroit,Philadelphia,6,44,3.5,3.0,49.5,48.0,150.0,-170.0,1
2021-22,1031,Indianapolis,Tennessee,31,34,49.0,51.0,2.5,3.0,-160.0,140.0,0
2021-22,1031,Houston,LARams,22,38,14.0,16.5,46.0,47.0,800.0,-1400.0,1
2021-22,1031,NYJets,Cincinnati,34,31,3.5,12.5,45.0,43.0,425.0,-550.0,1
2021-22,1031,Cleveland,Pittsburgh,10,15,45.0,43.0,2.5,5.0,-240.0,200.0,0
2021-22,1031,Chicago,SanFrancisco,22,33,3.5,4.5,43.0,40.0,180.0,-210.0,1
2021-22,1031,Seattle,Jacksonville,31,7,43.5,44.5,3.0,4.0,-190.0,170.0,0
2021-22,1031,LAChargers,NewEngland,24,27,47.5,50.5,6.0,3.5,-190.0,170.0,0
2021-22,1031,Denver,Washington,17,10,44.5,44.5,4.5,3.5,-190.0,170.0,0
2021-22,1031,NewOrleans,TampaBay,36,27,4.0,4.0,50.5,48.0,165.0,-185.0,1
2021-22,1031,Minnesota,Dallas,16,20,2.5,49.0,51.5,4.5,-210.0,180.0,2
2021-22,1101,KansasCity,NYGiants,20,17,54.0,53.0,13.0,11.5,-550.0,425.0,0
2021-22,1104,Indianapolis,NYJets,45,30,44.0,45.0,14.0,11.0,-500.0,400.0,0
2021-22,1107,Miami,Houston,17,9,45.5,45.0,7.0,3.5,-185.0,165.0,0
2021-22,1107,Dallas,Denver,16,30,49.0,50.0,7.5,10.5,-500.0,400.0,0
2021-22,1107,Baltimore,Minnesota,34,31,50.0,51.0,6.0,7.5,-330.0,270.0,0
2021-22,1107,Carolina,NewEngland,6,24,2.5,3.5,43.5,42.0,160.0,-180.0,1
2021-22,1107,Jacksonville,Buffalo,9,6,10.5,16.0,50.0,48.0,800.0,-1400.0,1
2021-22,1107,Cincinnati,Cleveland,16,41,45.0,47.5,3.0,1.0,-130.0,110.0,0
2021-22,1107,NYGiants,LasVegas,23,16,2.5,2.5,47.5,47.0,140.0,-160.0,1
2021-22,1107,NewOrleans,Atlanta,25,27,45.5,43.0,5.5,7.5,-300.0,250.0,0
2021-22,1107,Philadelphia,LAChargers,24,27,3.0,0.0,50.0,49.5,-105.0,-115.0,1
2021-22,1107,KansasCity,GreenBay,13,7,54.0,48.0,2.5,7.5,-360.0,300.0,0
2021-22,1107,SanFrancisco,Arizona,17,31,3.0,44.5,47.0,5.5,-240.0,200.0,2
2021-22,1107,LARams,Tennessee,16,28,52.5,53.0,4.0,7.5,-350.0,290.0,0
2021-22,1108,Pittsburgh,Chicago,29,27,40.5,40.0,-5.0,7.5,-310.0,260.0,0
2021-22,1111,Miami,Baltimore,22,10,7.0,10.0,48.0,47.0,340.0,-410.0,1
2021-22,1114,Indianapolis,Jacksonville,23,17,48.0,48.0,-10.5,11.5,-420.0,350.0,0
2021-22,1114,NewEngland,Cleveland,45,7,44.5,44.5,-3.0,2.5,-145.0,125.0,0
2021-22,1114,Dallas,Atlanta,43,3,51.5,55.5,-9.5,9.0,-360.0,300.0,0
2021-22,1114,NYJets,Buffalo,17,45,-13.5,14.0,48.5,48.5,550.0,-800.0,1
2021-22,1114,Tennessee,NewOrleans,23,21,44.5,42.5,-2.5,3.0,-150.0,130.0,0
2021-22,1114,Washington,TampaBay,29,19,-8.0,10.5,51.0,51.0,360.0,-430.0,1
2021-22,1114,Pittsburgh,Detroit,16,16,44.0,40.5,-9.0,-6.0,-250.0,210.0,0
2021-22,1114,LAChargers,Minnesota,20,27,50.5,53.5,3.0,3.5,-175.0,155.0,0
2021-22,1114,Arizona,Carolina,10,34,45.5,41.5,11.5,7.5,-330.0,270.0,0
2021-22,1114,GreenBay,Seattle,17,0,49.5,49.0,-6.0,3.0,-165.0,145.0,0
2021-22,1114,Denver,Philadelphia,13,30,44.5,44.5,-1.5,0.0,-115.0,-105.0,0
2021-22,1114,LasVegas,KansasCity,14,41,-3.0,2.5,53.5,53.5,125.0,-145.0,1
2021-22,1115,SanFrancisco,LARams,31,10,3.0,3.5,47.0,50.0,170.0,-190.0,1
2021-22,1118,Atlanta,NewEngland,0,25,4.0,7.5,46.0,47.0,265.0,-320.0,1
2021-22,1121,Cleveland,Detroit,13,10,46.5,42.5,10.0,14.5,-850.0,575.0,0
2021-22,1121,Jacksonville,SanFrancisco,10,30,5.5,7.0,46.5,45.0,240.0,-280.0,1
2021-22,1121,Buffalo,Indianapolis,15,41,50.0,49.5,7.0,7.5,-300.0,250.0,0
2021-22,1121,NYJets,Miami,17,24,2.5,4.0,45.5,44.5,170.0,-190.0,1
2021-22,1121,Carolina,Washington,21,27,43.0,43.0,2.5,3.5,-170.0,150.0,0
2021-22,1121,Chicago,Baltimore,13,16,6.5,0.0,45.0,40.5,110.0,-130.0,1
2021-22,1121,Philadelphia,NewOrleans,40,29,1.0,42.5,43.5,3.0,-155.0,135.0,2
2021-22,1121,Tennessee,Houston,13,22,46.5,45.0,10.5,10.5,-450.0,375.0,0
2021-22,1121,Minnesota,GreenBay,34,31,2.0,0.0,50.5,47.5,100.0,-120.0,1
2021-22,1121,LasVegas,Cincinnati,13,32,48.5,1.0,0.0,50.5,120.0,-140.0,1
2021-22,1121,Seattle,Arizona,13,23,50.5,45.0,1.0,5.5,-230.0,195.0,0
2021-22,1121,KansasCity,Dallas,19,9,53.5,55.5,2.5,2.5,-150.0,130.0,0
2021-22,1121,LAChargers,Pittsburgh,41,37,48.5,47.5,3.0,7.0,-270.0,230.0,0
2021-22,1122,TampaBay,NYGiants,30,10,51.0,50.0,12.5,12.5,-500.0,400.0,0
2021-22,1125,Detroit,Chicago,14,16,3.0,1.0,45.0,41.5,115.0,-135.0,1
2021-22,1125,Dallas,LasVegas,33,36,54.5,51.0,7.0,8.0,-310.0,260.0,0
2021-22,1125,NewOrleans,Buffalo,6,31,4.5,7.5,48.0,45.0,240.0,-280.0,1
2021-22,1128,NewEngland,Tennessee,36,13,46.5,43.0,2.5,7.5,-330.0,265.0,0
2021-22,1128,Houston,NYJets,14,21,46.5,44.5,3.0,3.0,-150.0,130.0,0
2021-22,1128,NYGiants,Philadelphia,13,7,3.0,4.0,46.0,45.5,170.0,-200.0,1
2021-22,1128,Indianapolis,TampaBay,31,38,3.0,3.0,52.0,53.0,135.0,-155.0,1
2021-22,1128,Jacksonville,Atlanta,14,21,1.0,0.0,48.5,46.0,105.0,-125.0,1
2021-22,1128,Miami,Carolina,33,10,1.0,0.0,43.5,40.5,100.0,-120.0,1
2021-22,1128,Cincinnati,Pittsburgh,41,10,46.5,43.5,3.5,3.5,-180.0,160.0,0
2021-22,1128,Denver,LAChargers,28,13,2.0,3.0,47.5,47.0,130.0,-150.0,1
2021-22,1128,SanFrancisco,Minnesota,34,26,48.0,49.0,2.5,4.0,-185.0,165.0,0
2021-22,1128,GreenBay,LARams,36,28,49.5,0.0,1.5,47.0,110.0,-130.0,1
2021-22,1128,Baltimore,Cleveland,16,10,48.0,47.5,5.0,3.0,-155.0,135.0,0
2021-22,1129,Washington,Seattle,17,15,3.5,2.0,48.0,46.5,110.0,-130.0,1
2021-22,1202,NewOrleans,Dallas,17,27,4.5,7.0,48.0,45.5,180.0,-210.0,1
2021-22,1205,Detroit,Minnesota,29,27,7.5,7.5,48.0,47.5,260.0,-310.0,1
2021-22,1205,Chicago,Arizona,22,33,7.0,9.0,46.5,43.0,310.0,-370.0,1
2021-22,1205,Atlanta,TampaBay,17,30,9.5,12.0,50.5,50.5,425.0,-550.0,1
2021-22,1205,KansasCity,Denver,22,9,50.5,46.5,9.5,9.5,-360.0,300.0,0
2021-22,1205,Houston,Indianapolis,0,31,7.0,11.0,47.0,45.5,400.0,-500.0,1
2021-22,1205,NYJets,Philadelphia,18,33,6.5,4.5,45.0,44.0,180.0,-210.0,1
2021-22,1205,Cincinnati,LAChargers,22,41,48.0,49.5,1.0,3.0,-145.0,125.0,0
2021-22,1205,Miami,NYGiants,20,9,43.5,40.0,2.5,7.5,-310.0,260.0,0
2021-22,1205,LasVegas,Washington,15,17,48.0,47.5,1.5,1.0,-135.0,115.0,0
2021-22,1205,Pittsburgh,Baltimore,20,19,2.5,3.0,45.0,44.0,170.0,-190.0,1
2021-22,1205,LARams,Jacksonville,37,7,48.0,48.0,12.0,14.5,-900.0,600.0,0
2021-22,1205,Seattle,SanFrancisco,30,23,46.0,3.0,1.0,45.0,125.0,-145.0,1
2021-22,1206,Buffalo,NewEngland,10,14,46.0,39.5,3.5,3.0,-150.0,130.0,0
2021-22,1209,Minnesota,Pittsburgh,36,28,30.0,44.5,3.5,3.5,-175.0,155.0,0
2021-22,1212,KansasCity,LasVegas,48,9,52.5,48.0,10.5,10.5,-500.0,400.0,0
2021-22,1212,NYJets,NewOrleans,9,30,6.5,4.0,44.5,42.0,175.0,-200.0,1
2021-22,1212,Cincinnati,SanFrancisco,23,26,47.0,0.0,2.0,49.5,100.0,-120.0,1
2021-22,1212,Tennessee,Jacksonville,20,0,46.5,44.5,9.0,10.0,-400.0,330.0,0
2021-22,1212,Cleveland,Baltimore,24,22,45.0,44.0,0.0,3.0,-160.0,140.0,0
2021-22,1212,Carolina,Atlanta,21,29,45.5,41.5,2.5,2.5,-145.0,125.0,0
2021-22,1212,Washington,Dallas,20,27,4.5,7.0,49.0,48.0,235.0,-275.0,1
2021-22,1212,Houston,Seattle,13,33,6.5,10.0,45.0,41.0,350.0,-420.0,1
2021-22,1212,Denver,Detroit,38,10,43.5,42.0,8.5,14.0,-650.0,475.0,0
2021-22,1212,LAChargers,NYGiants,37,21,46.5,43.5,7.5,10.0,-410.0,340.0,0
2021-22,1212,TampaBay,Buffalo,33,27,53.0,53.0,3.0,3.0,-160.0,140.0,0
2021-22,1212,GreenBay,Chicago,45,30,46.5,43.0,11.0,13.0,-750.0,525.0,0
2021-22,1213,Arizona,LARams,23,30,51.5,50.5,2.0,3.5,-160.0,140.0,0
2021-22,1216,LAChargers,KansasCity,28,34,3.0,3.0,50.0,54.0,145.0,-165.0,1
2021-22,1218,Indianapolis,NewEngland,27,17,2.5,47.5,44.0,0.0,-123.0,103.0,2
2021-22,1219,Buffalo,Carolina,31,14,45.5,43.0,9.5,14.5,-900.0,600.0,0
2021-22,1219,Miami,NYJets,31,24,44.5,42.0,7.0,10.5,-440.0,370.0,0
2021-22,1219,NYGiants,Dallas,6,21,10.0,13.5,45.5,43.5,500.0,-700.0,1
2021-22,1219,Baltimore,GreenBay,30,31,1.5,9.5,46.0,45.0,300.0,-360.0,1
2021-22,1219,Pittsburgh,Tennessee,19,13,2.0,44.0,43.5,0.0,-120.0,100.0,2
2021-22,1219,Jacksonville,Houston,16,30,43.5,40.5,3.5,6.0,-260.0,220.0,0
2021-22,1219,Detroit,Arizona,30,12,12.5,14.0,47.5,48.5,550.0,-800.0,1
2021-22,1219,SanFrancisco,Atlanta,31,13,45.0,48.0,7.5,9.5,-400.0,330.0,0
2021-22,1219,Denver,Cincinnati,10,15,2.5,43.5,44.5,2.5,-150.0,130.0,2
2021-22,1219,TampaBay,NewOrleans,0,9,48.5,45.5,11.5,13.0,-600.0,450.0,0
2021-22,1220,Chicago,Minnesota,9,17,3.5,7.5,43.5,47.5,260.0,-310.0,1
2021-22,1220,Cleveland,LasVegas,14,16,40.5,3.0,0.0,41.5,120.0,-140.0,1
2021-22,1221,LARams,Seattle,20,10,45.0,47.0,7.0,7.5,-360.0,300.0,0
2021-22,1221,Philadelphia,Washington,27,17,43.0,39.5,9.0,11.0,-430.0,360.0,0
2021-22,1223,Tennessee,SanFrancisco,20,17,43.5,3.5,1.0,45.5,155.0,-175.0,1
2021-22,1225,GreenBay,Cleveland,24,22,44.5,47.0,7.0,9.5,-400.0,330.0,0
2021-22,1225,Arizona,Indianapolis,16,22,49.0,48.0,5.0,3.0,-170.0,150.0,0
2021-22,1226,Carolina,TampaBay,6,32,11.5,12.0,49.0,44.5,375.0,-450.0,1
2021-22,1226,Philadelphia,NYGiants,34,10,43.5,41.0,9.5,12.0,-550.0,425.0,0
2021-22,1226,Houston,LAChargers,41,29,10.5,14.0,45.5,45.5,525.0,-750.0,1
2021-22,1226,Atlanta,Detroit,20,16,43.5,43.0,6.5,9.0,-340.0,280.0,0
2021-22,1226,Cincinnati,Baltimore,41,21,44.5,43.5,2.0,9.0,-340.0,280.0,0
2021-22,1226,Minnesota,LARams,23,30,3.5,3.0,49.5,48.5,150.0,-170.0,1
2021-22,1226,NYJets,Jacksonville,26,21,41.5,43.5,1.0,1.0,-135.0,115.0,0
2021-22,1226,NewEngland,Buffalo,21,33,43.5,43.5,2.0,0.0,-115.0,-105.0,0
2021-22,1226,Seattle,Chicago,24,25,43.5,41.0,7.0,7.5,-300.0,250.0,0
2021-22,1226,KansasCity,Pittsburgh,36,10,48.5,44.5,8.5,11.5,-460.0,380.0,0
2021-22,1226,LasVegas,Denver,17,13,1.0,41.5,42.5,0.0,-110.0,-110.0,2
2021-22,1226,Dallas,Washington,56,14,48.5,46.0,9.0,11.0,-430.0,360.0,0
2021-22,1228,NewOrleans,Miami,3,20,41.0,3.0,3.5,37.5,145.0,-165.0,1
2021-22,102,Indianapolis,LasVegas,20,23,48.0,46.5,7.5,10.0,-380.0,320.0,0
2021-22,102,Chicago,NYGiants,29,3,42.5,37.0,3.5,7.0,-280.0,240.0,0
2021-22,102,NYJets,TampaBay,24,28,11.0,15.0,45.5,47.5,650.0,-1000.0,1
2021-22,102,Buffalo,Atlanta,29,15,44.5,46.0,13.5,14.5,-1000.0,650.0,0
2021-22,102,Dallas,Arizona,22,25,50.5,53.0,2.5,7.0,-275.0,235.0,0
2021-22,102,NewOrleans,Carolina,18,10,40.5,37.0,7.0,7.0,-300.0,250.0,0
2021-22,102,Washington,Philadelphia,16,20,2.5,6.0,44.0,44.5,220.0,-260.0,1
2021-22,102,Cincinnati,KansasCity,34,31,4.5,3.5,47.5,50.5,160.0,-180.0,1
2021-22,102,NewEngland,Jacksonville,50,10,42.5,42.5,15.5,17.5,-1600.0,900.0,0
2021-22,102,Tennessee,Miami,34,3,41.0,41.0,3.5,3.0,-170.0,150.0,0
2021-22,102,LAChargers,Denver,34,13,45.5,45.0,6.0,9.0,-360.0,300.0,0
2021-22,102,SanFrancisco,Houston,23,7,44.5,44.0,15.0,14.0,-700.0,500.0,0
2021-22,102,Seattle,Detroit,51,29,42.5,41.0,9.5,9.5,-400.0,330.0,0
2021-22,102,Baltimore,LARams,19,20,2.0,7.5,45.0,47.0,260.0,-310.0,1
2021-22,102,GreenBay,Minnesota,37,10,46.0,43.0,7.0,13.5,-750.0,525.0,0
2021-22,103,Pittsburgh,Cleveland,26,14,41.5,43.5,1.0,0.0,105.0,-125.0,0
2021-22,108,Philadelphia,Dallas,26,51,3.5,7.0,45.5,46.0,220.0,-260.0,1
2021-22,108,Denver,KansasCity,24,28,3.0,12.5,43.0,45.0,500.0,-700.0,1
2021-22,109,Detroit,GreenBay,37,30,3.5,3.5,44.5,45.0,170.0,-190.0,1
2021-22,109,Minnesota,Chicago,31,17,44.5,44.5,3.5,3.5,-175.0,155.0,0
2021-22,109,Miami,NewEngland,33,24,7.0,5.5,40.5,41.0,220.0,-260.0,1
2021-22,109,Jacksonville,Indianapolis,26,11,15.0,14.5,43.5,43.0,700.0,-1100.0,1
2021-22,109,Buffalo,NYJets,27,10,40.5,43.0,16.5,16.0,-1400.0,800.0,0
2021-22,109,TampaBay,Carolina,41,17,42.5,43.0,11.0,12.5,-550.0,425.0,0
2021-22,109,Houston,Tennessee,25,28,11.5,12.0,42.0,43.0,450.0,-600.0,1
2021-22,109,NYGiants,Washington,7,22,7.0,5.5,37.0,36.5,200.0,-240.0,1
2021-22,109,Atlanta,NewOrleans,20,30,4.5,5.0,40.0,40.5,180.0,-210.0,1
2021-22,109,Baltimore,Pittsburgh,13,16,41.0,40.5,3.0,3.0,-155.0,135.0,0
2021-22,109,Cleveland,Cincinnati,21,16,37.0,38.0,6.0,7.0,-260.0,220.0,0
2021-22,109,Arizona,Seattle,30,38,48.5,48.5,5.5,5.5,-240.0,200.0,0
2021-22,109,LARams,SanFrancisco,24,27,45.0,46.5,3.5,3.0,-170.0,150.0,0
2021-22,109,LasVegas,LAChargers,35,32,2.5,3.0,49.0,49.5,150.0,-170.0,1
2021-22,115,Cincinnati,LasVegas,26,19,48.5,48.5,6.0,6.0,-265.0,225.0,0
2021-22,115,Buffalo,NewEngland,47,17,44.0,43.0,4.0,4.5,-210.0,180.0,0
2021-22,116,TampaBay,Philadelphia,31,15,49.0,47.5,10.0,7.5,-310.0,260.0,0
2021-22,116,Dallas,SanFrancisco,17,23,50.5,51.0,2.5,3.5,-180.0,160.0,0
2021-22,116,KansasCity,Pittsburgh,42,21,47.0,46.5,13.0,11.5,-700.0,500.0,0
2021-22,117,LARams,Arizona,34,11,50.5,49.5,4.0,3.0,-170.0,150.0,0
2021-22,122,Tennessee,Cincinnati,16,19,47.5,48.5,6.0,4.0,-210.0,180.0,0
2021-22,122,GreenBay,SanFrancisco,10,13,47.5,47.0,4.5,6.0,-260.0,220.0,0
2021-22,123,TampaBay,LARams,27,30,48.0,48.0,2.5,2.5,-150.0,130.0,0
2021-22,123,KansasCity,Buffalo,42,36,53.5,53.5,2.5,2.5,-135.0,115.0,0
2021-22,130,KansasCity,Cincinnati,24,27,49.5,54.5,7.0,7.0,-310.0,270.0,0
2021-22,130,LARams,SanFrancisco,20,17,47.5,45.5,3.0,-3.5,-180.0,170.0,0
